temp_1,temp_2,temp_3,temp_4,temp_5,temp_6,temp_7,temp_8,temp_9,temp_10,pressure_1,pressure_2,pressure_3,pressure_4,pressure_5,pressure_6,pressure_7,pressure_8,speed_1,speed_2,speed_3,speed_4,speed_5,speed_6,time_1,time_2,time_3,time_4,time_5,time_6,time_7,conc_1,conc_2,conc_3,conc_4,conc_5,conc_6,conc_7,conc_8,ratio_1,ratio_2,ratio_3,ratio_4,ratio_5,ratio_6,flow_1,flow_2,flow_3,flow_4,flow_5,flow_6,param_1,param_2,param_3,param_4,param_5,param_6,param_7,param_8,param_9,param_10,param_11,target_property_1,target_property_2
174.9080237694725,173.7827279139545,259.30745819523526,208.44744109836967,265.5037844212606,221.34634494348728,279.11256962636776,196.65885699326503,178.7271040554884,268.7457585420515,4.691717264276325,4.403313668333055,5.474493510371971,0.10240505090167605,6.136111135813922,2.5422154544655733,3.7990441028203152,6.570669230098742,281.34923760427466,469.0192352662709,405.2902363419165,20.949926329160093,48.60321479191802,414.2690662054472,62.46207802884115,42.25299881848232,43.955616838022294,76.44974025479137,32.663117544677505,25.88897220413735,10.82024668707495,2.6785865084112443,3.652691571839952,0.15514721675898202,3.946720442746375,0.416456531524658,2.114251631453727,1.7581061418100496,4.204042887477338,1.462625644910709,0.27550459462420357,0.37846780534729296,0.17966228223256525,1.2342073126053978,1.9467765960370467,21.794600752762648,28.166034450264476,15.000634614672554,32.088156134422604,25.844655665555347,12.717503664324756,91.12456774581185,1.1962149701723934,57.20161414842973,82.09349068988645,57.71594175860625,60.93926309870537,92.2441593891934,91.74980964820548,13.18517965034246,50.292921437095615,40.550779174354055,20.05082511667764,24.526794003958713
290.14286128198324,192.50694322662957,196.30447030251003,218.06953809175457,252.90555893094353,234.57433371961596,281.8350528107171,176.5568200806081,194.6871318750043,187.60881518107675,1.8223762552658556,2.0091121285282316,8.345646589383572,1.3566669709743462,2.0451782587888943,6.983657601281407,3.3958297526908927,8.397776093870759,361.75524705431917,403.5308414277289,18.104330152039537,94.04136884753088,145.68182797305946,423.5036331761598,90.87587883894834,75.0040054972576,52.352923276033394,15.5077156645627,36.512839814425874,83.96588550807884,68.65076966219772,3.8890919147606384,0.9307148580375707,4.655554842071793,0.04004998143834777,3.4138085179776043,0.5565876588370827,0.46780281389108663,0.9260198022392042,1.199049761705273,0.2154320862172381,1.6046032581574354,1.3796497355550914,1.3220302111447497,0.37036809384151637,0.8262130600707951,15.37329442914568,11.816645273797763,23.23497644994256,30.3953086914177,8.827489840648987,76.06946930862402,11.092403910634708,81.49805852095811,25.738706360914787,14.994154318555719,3.89034677630975,1.7022424179829243,82.66186705104431,49.94723703137795,47.468029082507876,14.582718419580798,22.261985713560165,29.476171865701296
246.398788362281,249.4941876267513,123.4616377924789,201.672109383256,214.70579029111465,116.22983570724783,162.77561530300545,267.8293216141505,270.9094786404361,168.47902465917193,3.4410227525584216,1.9919456646423352,1.338380207380395,9.342792240567432,2.589158506655888,4.1535345825103605,1.8439237337783148,5.299501782284891,449.54887296283545,219.07025050174434,101.53587011334426,286.77609378979145,131.96020874466404,339.7744594718956,69.7066797754783,105.7656787101387,16.14259853387933,54.75071728028525,110.88486260470145,119.4192484040233,38.91650539221095,2.9093812376145047,1.7397320749057321,4.746147127772868,0.644614218977468,3.9539374420767865,1.2452459922200496,1.6142285770230524,4.509352387882656,0.5370547767702141,1.2479647064129618,0.9835126012034386,1.9410021343313106,1.2444973747617314,1.793378444981516,40.47735985933897,49.872605789505904,32.4138127366206,48.24267698076507,16.70798645104293,33.86297163432604,10.72519568234711,69.92019292459442,53.779016230328466,28.31581629058576,1.2371182866931951,61.226034087673455,39.47797660632014,57.934737285122075,22.875643448835213,30.197213774184604,15.731859396127025,17.170352099546992,32.725282812048135
219.73169683940733,107.33664057811959,125.03715844051008,159.50969026376413,291.20942872238663,290.29814203535744,238.21116254785235,129.06533848410083,168.00087721197843,209.2952722050753,0.2790028128362858,7.710765389139487,1.3848513606538517,8.686810927242043,1.8183642270992535,8.775508302163537,6.11194003400473,2.1624367739143935,451.8534212599146,321.1079753029114,330.9035980377372,354.6370677142769,124.92660936654602,159.244174072752,14.579797057856585,106.63440769398746,32.12859967030316,31.139776832430236,13.825044080704465,58.74624873117569,20.372078619440746,1.4403178957128209,3.3197703779205128,4.746273736206775,2.6944185619040537,4.812277832862925,4.413281830349882,3.1447682850595764,2.5367441825562365,0.12921368568454428,1.935621012736234,1.6016084664115338,1.3449963983714426,1.3350640000503922,0.7245482388361577,6.580102271525189,20.592090556870343,6.946283344747546,11.33943332371979,43.73994295273311,21.33124358444033,70.17270340031013,6.367133306578854,87.20538261066811,99.89697421987775,10.485116433681728,8.966860676411626,78.97447263329782,91.22434709742006,79.8261853960138,53.9872241852703,79.77524500959005,9.086552004967993,18.16364178679503
131.2037280884873,150.48738886880415,237.11305744579428,213.00439857180322,140.09490310568054,267.69836676860496,154.32663625487393,201.13934875627479,273.9299369624342,118.27064854471116,4.063265697266506,2.7293172232428633,5.612501766755245,2.412729417158745,9.58256951404018,3.049999967156469,4.818579189035426,5.294415279725426,170.96943662555293,429.5866700908973,194.12208042394184,109.2144964292762,104.44961772464939,27.45859974116827,26.34172723010887,17.47730968310042,10.938806680617013,34.235878459488546,75.09949451905314,88.22312733067288,93.75909439180369,3.6732353523114507,2.415625829177155,4.718998562367116,1.24533471376496,0.7525225145709976,1.8106411321340012,4.473445497378231,0.34515331310171987,1.4198770061102013,1.0551704870139755,1.4377577682111964,0.526307619123356,1.2996130844478935,0.12404786340253877,25.7427480471294,11.008187133876543,43.10517090320093,29.598892591947564,22.492926030765947,27.120683928510473,2.00232686688806,86.59630648429902,80.16743548493777,32.73104354453198,31.37691915878138,71.03442385187473,83.80909936850034,88.6408693147978,93.10721720526612,24.839085443531562,82.90171339614552,20.68502997922611,22.757006370951522
131.19890406724053,242.66991717691047,186.06117897989253,237.77706041001812,121.85284206192428,261.01806369913254,138.12196661488997,112.40828339131086,117.6268861953383,251.32930987047976,5.543781519446483,7.695610602176307,9.469148668247872,7.805881855000363,8.56071288520317,0.21752633202665703,8.670439824007635,5.595317754232745,476.7011189417288,250.39874727275233,491.4164990199424,337.4471242320055,291.6302884211481,468.47101341067685,30.2227411635557,54.26028263851232,119.56784134095737,62.97093818774315,83.39963448754524,61.93563174921296,30.002935939354522,2.9498076812298404,3.6954694827881203,4.07805728593711,0.4708587266139178,2.6667774743111874,3.1065577663884563,4.199631200442677,0.7151505950258594,0.5389497341041566,0.19787892928467976,0.4684022373284198,0.7749427609264261,0.34776738146266317,0.8434668383678305,17.143196557698374,31.628027733305252,33.40937736525237,35.16039574201602,35.157602147460416,2.843171046053334,2.7759069220698485,31.132627741993268,27.65483499399284,42.27744888320489,66.91631901117117,39.00776465809306,47.760793262867004,92.76943997518352,0.43333164827822346,26.099381540822797,56.00025406387292,16.260757995374522,31.50605871020687
111.6167224336399,279.0413675374399,140.10494534006733,274.66458317216154,270.79239339108443,264.5967610083535,136.92649146947383,114.23113577558195,255.35968744172615,216.4870153776592,6.233867668988159,2.138284376589334,4.208477807870467,6.124858772422345,2.381898889780057,3.076490841551367,0.4178848467723767,7.45032988571421,22.189182187156668,116.17645541564242,336.04834839274446,99.41340223862238,170.77070316249265,297.19897091469346,34.65438916915716,58.443024962856185,89.70407834153212,98.43243429635793,63.13729819442004,54.67234368679981,30.722649386317972,0.07350913563270352,4.8064274271020695,3.426134290080471,1.8057912815458332,2.8420114640017387,3.333168435352096,1.2708443176683086,1.5517925393262177,1.7305090866464792,0.5203154465471667,1.0695838020013289,1.9556360557510886,0.5463798762029392,1.0674730709623133,17.43340753943354,12.590617039680092,35.68139134505887,41.36544222259639,31.977587617851803,43.131823673485805,52.58232395978425,8.866647043642462,63.010228288244164,99.00554577748349,20.262305333212517,83.76964915685187,23.24837517328525,22.177385765553293,23.29158296009798,75.72587751445205,29.512780980568742,11.480977073564503,21.86783790199824
273.235229154987,202.33548842313323,198.31890934828738,227.25827079584963,187.82996332674966,286.54210162655227,168.42152417271882,214.77316993541928,269.50952661094726,137.3180193746335,6.66855441677423,3.2846950501429633,3.33672679252148,9.711956643353707,3.3429063098290475,5.822942986929833,6.47429248279575,2.2768415981027563,194.64942489792116,93.16448547645776,478.70896527731117,310.59413904931597,411.9690573732899,156.0900558625887,70.02139007430799,117.42576726523163,15.056767997816673,90.53480696665845,84.83666606466078,52.18514555939024,36.63383029086114,4.509204447073843,0.5915679716988356,4.224104492153755,1.3782959492506215,4.613157903567089,3.911328082965127,0.6790748795682543,0.22735232597020968,0.9860918257819614,0.5651065221899643,0.9436315978030932,0.5256995828614651,1.2760886100491193,0.30561880477807013,24.129561728983496,24.957259139942476,46.79954327855457,20.64506600618635,6.299226114425312,8.943291883706515,9.603742923634663,75.97573781680654,0.7412126476131431,36.93003454174263,88.75905625316717,94.25292452651306,59.970471768615894,71.75030377638947,43.95533460762273,34.254726450909004,93.27008166678303,33.737939680434685,32.743536337103734
220.22300234864176,206.42269705306313,112.84178741502681,252.2243074086316,269.3937708414121,208.85079322273953,185.99152395596434,213.2036849775642,136.36353056746776,137.64643995380914,8.379283999714353,4.708321027153024,6.106224299659069,3.798696029387185,2.177939138819472,3.8217899164926044,7.653193897264455,3.7462727826586444,448.9414401793324,10.077294843247797,108.70877600643897,211.86024314894144,100.13423474521817,83.07620284529352,62.95606467992025,82.96977175289722,7.328678675860593,72.96499529488469,24.866784291376206,63.03183853714523,72.47817784022315,2.7327616554383236,3.550742904826324,3.0067257326151706,2.5604104895062796,3.140110436576606,0.9221721509256986,0.9734306462456893,1.5533739563070437,1.108207606507667,0.7419285453602049,0.9053596615723237,1.166905238803441,0.13361700615986447,1.121587472061087,49.85264364897738,24.387521094189868,47.14745713937448,34.50263442904534,31.320647958779265,18.327540407026866,96.43365224849188,52.44272344530238,39.60419159248644,36.615200723586696,28.848841038295003,41.7110341465609,26.37780315573015,60.92244999235018,56.307928835238855,5.139967293911186,62.39623909952267,28.672519620110048,35.941356407656414
241.6145155592091,121.4344022679552,216.39428038287974,132.01432699091458,278.618041039083,140.0564035735252,266.1898342110137,275.60670256889136,186.06930647444008,136.84973031453484,2.2330827820297277,9.437638911965163,9.311441145395808,6.846460063919995,4.969571998662155,5.3952402820116765,7.618917034964239,3.703871945224207,144.57207111032164,361.9366175408293,433.3389437763613,330.3617595734722,237.6672647255868,416.46635109536976,28.363404411884027,51.833337985138115,87.71809701751222,67.03309216664871,103.05270676872709,47.193001114518125,80.86158214443606,4.344450054742864,1.1594173366042515,0.680504373321198,4.896375633212677,0.7360931317701523,1.5310175417260332,4.855223392998998,0.30905286126327003,1.5324794341060968,0.182846428813804,1.1308849934872462,0.8608622364953149,1.3060145855741645,1.6569808099357899,20.71479419125805,22.951102670928993,27.80679002905217,15.508472833521997,27.75978256006425,4.059131171474466,89.38312266502625,30.66400323792976,23.796016778429518,82.77144662138602,33.122628942365,46.05552954737462,25.526425799591635,73.38306378346071,91.59027775921011,34.36772858949808,79.66421194517882,25.091982228349526,24.370711204114933
104.11689885916049,189.48247336469092,153.79868088701954,192.31149488395798,112.4915187238143,223.35672157050823,123.97821869454242,211.57473513201464,133.09995493273112,111.40047751038679,1.2927700421408328,9.324141105062864,8.385585545161774,0.729003651996794,0.2941442714951106,8.778321376466685,8.872132274245699,9.598451997837532,143.809910657446,64.43763233453535,167.46262984946043,497.5758487148312,16.69233984877919,419.89489527931363,12.768806997404013,7.996656888343194,55.5070990535067,54.140194971966345,21.10295428903684,91.1089320095079,7.024290225654671,4.414856826521401,2.0782388697637706,1.962178643556691,0.630280137706443,2.187393106576314,2.247198343876321,2.751877653630599,1.1877777499121978,1.580918154826352,1.819296130946041,1.9659556120433321,1.5597990660636212,1.3642345851915607,0.8175368065944685,9.525296875920334,39.90624196534396,25.021300955656034,22.056066571910105,44.98090113116734,7.271260165092317,64.98120312478848,40.609834166926795,93.71163459434861,31.193036848769207,21.79771799519773,59.014758101285025,80.75997633970131,26.33793639182872,89.18834905152934,63.8572207866619,0.32829202882154185,14.674276919988593,22.716798569713045
293.98197043239884,206.5234532910046,259.51182012743766,101.86632396541866,276.6929525972121,248.5762987335878,246.98516947897883,291.95820408097006,241.32082579884354,217.55968987433695,8.530218001789464,2.1480315666806495,9.955287746258877,4.022848733482419,6.746543288078278,9.133602036880648,7.317434054011991,4.495055107234517,158.28491969012546,129.4811588510108,494.88675603652536,469.53031296395534,246.0243380030441,409.1089043839604,24.71470351459258,70.01929341140753,95.48162154242624,116.86164695955942,51.093431096311214,105.5412830580244,32.815008153085884,2.2303836171080915,0.17398500171774775,4.856761610744958,1.8699062571221308,3.2772650172461897,1.830556895578985,0.9206860927728685,1.3356920817236435,1.3210365828530795,1.079571494970841,1.644511135574416,1.7480396167617855,0.554432043737151,0.7700251324151741,30.87351373344376,11.222343572576102,17.10138960723205,44.83354299456826,44.10339350600272,33.45707079379524,6.370897083831329,2.1412395604825885,40.538901172316,23.378610364240714,25.38053370718384,19.713272185805053,15.426583529661308,69.48090714382977,63.71700994679659,81.39855866773223,45.03196008753605,31.8159836526846,30.641467556971794
266.48852816008434,148.49410072694593,162.07239178471474,149.3357729043246,189.66381107388443,247.58347867080508,206.29098283786107,109.73896967998596,207.06955361233133,268.0696355177016,1.650466867437234,3.646368508306421,0.3234289737035332,9.641794845762986,5.279265683194652,2.73314324007571,9.285319610312193,7.57543027625165,310.0335585749919,155.95940244616875,87.26744931584217,12.098061339690778,37.36072822947245,326.09051906372525,118.20385095113937,16.048737198410954,111.19974434911413,69.42214373693683,13.654624150443667,106.53181026419618,54.561646888107525,2.543223382291642,0.6881778376405677,1.7621776898423251,4.660605239183648,3.504419316025794,4.914697111969852,4.2053233118872075,4.971901192070302,1.8830204492842118,1.3747685066128073,1.817053620097744,0.7475908212655638,1.2364523765309654,0.7437397984382871,12.196241547956303,45.26321160098827,35.92079470502218,47.52042666188224,7.972261976876495,34.783056611656605,32.483525780706515,66.2698537539429,65.40644284224805,42.32102551753223,7.413511455314181,92.73328408283614,0.5521478401990798,40.982851525438704,25.738801408388458,96.19366813923614,87.09490863199558,18.78915803810886,22.32162005362192
142.46782213565524,153.8486461898762,191.04402981636025,245.29234302260096,202.08649780084644,204.28980483337602,157.5890685351985,119.60153695614821,227.0646693416642,103.49964279747772,9.750124805228333,1.579053945692346,1.2172956326563462,5.435910657056193,8.996525390180922,4.675190685372017,3.3933003382268256,7.533032675606947,224.78306005103337,284.58613146701646,263.00651123078,443.8649945375298,489.0845208175954,189.3475399200192,58.88289922601931,100.96174509499275,73.91954473688284,34.20613580590555,67.69927406400102,31.18535204396998,43.17734949854181,2.0846143945012536,1.6056886723540096,4.340461289519534,4.385596487034174,4.316739252966962,4.176354608036425,1.982004309119649,1.1853779020806856,1.9663670290087967,0.22762839010051705,0.15631520803447133,1.354753091028827,1.1147711153751527,1.8538794471790148,5.724682267291045,39.67135490906995,27.14133990550074,36.08145867289961,4.54341470653708,34.00979148895493,37.17229979060439,36.57736889634445,73.19816092736072,70.06408005761926,29.47705787161895,43.29999265013726,33.67752170058491,83.40917963063002,78.32878098783613,74.6220421474976,33.82332832327213,27.88212199343519,29.317813552362267
136.36499344142013,175.45683262092453,102.32410798162013,298.36199026987265,225.31850221864204,113.69174386671561,198.5639169065649,108.81317231407628,139.29739339124222,109.8009289942547,8.441128471046506,5.148852285203621,6.1337308573295575,2.9500070830149614,1.7274875748513001,5.536525750890367,5.081773225840276,2.7288874295520897,366.10006981313785,204.99906587492694,398.4938215801898,42.5804896356356,397.3901430387023,158.99443954232592,104.74473304074293,91.53964596559165,26.5174686354841,31.46044108460455,82.0207678539485,108.02955095412145,106.6796257287519,2.252689508787147,1.716509168387045,0.4751252391665992,1.9774124635735604,0.9107305280235418,2.4036369055562252,4.497118538353889,1.2035403802035158,1.8990823443117721,0.20281938882693384,0.36663909690576124,1.1431906252836819,0.5953139414909162,0.19264038770137829,2.983621517263491,16.989557030044526,46.67731644713617,19.03041859342116,15.082314850938003,27.830770998378092,48.08798358286997,71.40375697281297,77.32125386815075,4.324302497926535,85.9617459600623,16.68203359160073,49.097395499502994,79.5365725161773,20.265177128723177,42.88516094168369,72.6551176872281,24.711198532012926,31.03523834277482
136.68090197068676,104.01423955554527,114.48937755891177,119.83561991744318,285.2765213460174,174.22258768602558,159.98841395540452,137.055370066708,142.3491724104839,214.55405533738917,5.058678398307031,4.659767251877199,8.223706749405112,1.290682534973208,8.060681536005204,9.496213323193645,0.2393886665006177,5.761509924780148,448.50621485668626,340.59025609134926,221.99481549597758,476.992827218324,250.15462355186312,14.191837357903392,102.60653366691697,57.95855338944056,94.95231414534204,75.3055985391413,113.2404880359584,44.27839166333708,95.58650405193816,4.476784323268922,4.498930230145858,1.6775773734535935,3.497776789953485,4.758195312309937,4.397550444171475,1.3107788629040877,3.437076952108341,1.6659404521534926,1.2142887668770397,0.26105095442667064,0.6290445311053233,0.9796506225620337,0.945644669786615,1.6326230639743518,9.439824060866856,12.311984461273964,41.09286060374587,49.33733640587328,47.649822368589376,16.89028740064522,62.81711459525472,73.57751920175288,37.39160272185668,68.84245413956134,76.2731833418884,70.50803918953237,21.135761085891712,96.51723240968167,29.911927920495764,65.76748251286455,26.32871473693606,27.346093269066824
160.84844859190753,164.41583311663567,178.49871128133697,180.29886317225765,103.82321888595281,284.15332169267145,219.2163910476612,208.25402218833563,108.29946510198127,263.89913707721047,9.81607210672805,9.01752560826225,2.9239189888369888,7.064930567797151,7.9404140432204855,9.986311459727409,0.168880114302583,8.953598643854615,340.3576937220017,37.26294307106433,239.36118949194687,148.0945827588455,52.42780550788163,418.46770375723776,63.82474910823048,54.35923964729547,114.91835046505307,65.1251656407568,90.0236625280401,40.57038153080923,76.97737478696516,3.942838629699876,3.71164641723991,1.7612570903896243,0.4484064977709144,0.30510566595780536,1.744788208440651,1.9721765764331385,4.298193817797095,1.4406879184640777,1.7858624199579953,0.6001389096240256,0.6166875253447032,1.8282866058831448,0.6027389628844619,21.842650091397655,14.336983713083693,15.857507969399292,1.780420545408299,1.567901932112679,25.605269458044535,57.75116427971959,65.1254185909738,28.916506098773475,34.624490194584034,87.52682038656165,21.91513724439852,78.11152576042886,18.385527640330302,0.5839915733998002,12.962999017088938,15.221836635429941,33.93031256090146,36.13324106961386
204.9512863264476,142.28960139930894,195.9877669434247,260.0141937398319,195.36869366356342,216.8897819514852,186.76878457104885,229.1144362854856,164.41350703914594,165.34777811372672,1.0640296181692417,9.30705324013162,2.468189771538766,6.484074829954295,1.3590937732471806,2.430531763531114,2.4772535424700473,4.804457422623799,110.188692896812,70.73020518957533,493.3143397978131,197.19706690152276,300.298265987303,52.84202177188481,86.2690864729625,108.1939810404084,71.72659801189494,5.88524733979197,67.22683539222737,88.57694660079713,43.874877839659575,0.6413631248147342,4.861193011253335,0.267496690113811,3.5655798671626395,4.9189730514988215,3.93128333621242,2.529689336322522,1.941406508884412,1.3603191299751682,1.1041158018231394,0.9395957347366358,1.1234001303113776,0.9105452828737773,1.7982333482362391,21.622926103732986,16.96549422199938,16.14647714728845,5.585922571701342,33.8081658588574,22.745895450174103,43.57706479092233,79.28927110044324,68.60676967292221,24.481834726203257,10.485901437935663,14.352927507185498,66.351921113363,71.7731721284866,56.977050390790154,62.76864344461144,77.49038272544051,9.421012064277534,15.445733504480543
186.38900372842315,165.49947043558294,220.00410962386076,140.80712692577976,237.54440848611213,207.66638865114268,132.88110581577575,109.11703158973376,211.94893226673497,169.92287976154444,3.1003510356335067,3.897317170972192,7.8910604138738885,3.801993264677369,4.045736319026863,7.297100726323572,1.0979912516769441,9.456663322691206,467.0141321566461,254.6136367313007,218.40099364756512,54.90272053610665,381.79423784392,319.0699490399761,27.166481197461913,38.172710298084766,83.42970643728435,100.45751780251463,112.25095697458838,40.04007910992328,85.57731965730838,3.0554358298850786,2.9993668365728503,0.6042807076319073,4.86456007012886,4.290257793403378,1.1261412345512039,4.464150517104268,4.379333919504055,0.2971253361490144,1.767856427883136,1.3199011705461903,0.3926054597113696,1.2967039360710533,0.28249930080922747,9.68449730385867,28.06819185594881,40.396923500557,33.237999950580374,30.62142982512837,12.753505502998602,94.72969633928585,63.115807837625105,54.90094822622833,65.42873359043449,45.56166308421591,56.287207549400705,62.650888031692666,55.047489472816046,8.839724692162775,50.988331410900635,11.25267903127989,16.448249743840325,27.9198442551503
158.2458280396084,123.95242636385024,158.33251574186065,211.01698986045724,244.5413915396457,153.7707028764387,123.31661491113934,289.1941779691199,271.5869827994658,219.26929949935518,6.418421708902053,4.968205635887995,0.6581803531469926,9.51431938347176,1.7845111473307174,3.842507516108632,2.676092542563961,2.2231364703092,139.60150794026447,175.11274604494662,305.99532929354115,65.0136515811657,103.4514539723252,256.9967239516433,84.16562106659445,33.637295642278644,43.8095899292174,85.97407073672998,60.0202363747008,11.091136645116663,102.01837147726636,4.979574135527848,1.2161515231356768,0.9738944034976372,2.692065882642616,3.3047611859832347,3.863887005679566,4.345099583709229,1.707308683531308,0.6158202589563136,1.6408834188049548,1.0515794059445438,1.6405388033166959,0.167166559977319,0.8817412566927805,39.30894316167486,2.7952243562756816,5.4024964261865405,14.916804475867842,32.505624882661934,5.393051698697325,93.61952296252191,41.87259292418924,59.73726647975188,28.999008041367734,22.925487298011504,67.14952552915908,66.5748722319435,55.7205910682049,40.75995301820213,67.77015164441413,72.79140965719407,30.363794669578397,28.640599644377602
222.37057894447588,278.105456147979,238.99637722530852,246.61425920593496,238.5064863074216,173.68978398331578,209.33913641442604,268.43307533007624,233.38548949173614,154.8425778248294,3.5650679978844697,8.972738866546717,3.7568882110675927,0.31980784857971817,2.6217329545297345,0.18027114917351095,1.8527286158311345,0.8341751471629042,83.44820471079748,154.94854774816628,36.72443373082385,366.1028769623666,288.4220869858705,268.0777858739121,36.32422661527829,113.00770477496263,48.87568488593579,81.1103683129819,69.53865010636999,47.966043815685424,73.40549339628348,2.981797999150104,1.644998599308998,4.190699798142464,2.497466232901727,3.6776275463194636,2.2877024819466842,2.876031800816351,0.9931092392789465,0.11080762470581637,0.24412219301034943,1.8160494383349655,0.23110919448076384,0.24782021531198772,0.8729506888590627,6.898896082033998,45.76077692767663,23.054631488954495,47.59361781082365,11.305151543651704,27.633669033325848,56.54739553399723,38.99275617346356,0.08146173087548725,60.6731559008003,72.12155905561481,56.95627406649163,27.152651758109904,75.25153234593546,63.49335403104172,23.71331564550696,99.09683367790943,16.720246437486036,28.299966439040894
127.89877213040836,218.71849071080973,272.0244794378409,223.1970900520358,126.88702588162437,279.0692178306339,280.4826066572207,159.32249643141864,187.07926467995028,105.32167321553683,9.290888264609839,8.086407296676109,5.107511303664064,3.106866131155076,2.7061371308223894,0.19159997211543334,0.3823482459026176,8.925393344133019,54.08396664187084,42.843758728386135,422.6829393030274,472.72279551666287,408.9633402076053,464.0892942008089,100.68714112672734,98.0632712266505,89.48526725310235,12.90977563523078,73.551330682061,87.96854404121012,95.2130686927386,3.9314994117095967,1.6059812572269159,0.3263759297996339,0.9447199123125326,0.3727331095347942,0.5464216117512893,1.1166597938066445,1.6548977333953403,0.3610787534445845,0.48371920133281077,1.885726321898341,0.279691523795801,0.25448533927630507,1.787949393339343,45.808201035645475,5.384405404724993,21.66524648016584,22.085000298569085,11.722508617092572,16.08706424129499,64.43493359905352,11.958210676485582,25.825760095285656,50.4336841454627,97.02378247258905,65.65106489473632,38.23613229645678,85.497079302179,68.95984955919164,32.364416810994555,95.79814318117627,28.349504240289093,34.393323713474025
158.42892970704364,235.8204638288979,255.97019777866996,137.60494692308322,159.87911767433624,233.29260950536715,168.79153731153713,115.43750604529359,290.62402287882753,247.04570362031922,0.7496982729603939,0.13619748231202786,5.647451876068202,9.218587914365855,5.60674030085515,4.659603474866332,9.10211104941989,8.492043859825944,286.05803292642116,448.90239562652073,327.6023439999763,309.26676252761166,386.441411046695,25.491355522908634,14.62827530752464,99.37194320272738,111.6936763167842,46.636422769836514,52.14766847695519,42.6002183310703,91.147070560971,3.847616752172043,1.6392066950396256,1.5005174977084923,3.1726031125473866,0.2169845158433174,1.3735796482323557,2.0227512889719965,3.0506883059006817,0.9345360066214579,1.3496502713951508,0.4106898072751719,0.7502299869618083,1.5786574508902464,0.5094375455778419,29.585010893341984,14.324033007951723,4.120411240181051,21.75355860926426,21.81678306760432,26.4392564679305,13.779646777374243,77.94434131562417,93.06836967156555,21.71898708258986,81.53594790502878,11.552401230774445,61.643650099956446,23.896390060871674,78.55694696739351,29.2095349498639,80.02417430570047,11.429196961580368,26.74070010562416
173.27236865873834,257.83424772146765,107.92376506967143,171.0769137371479,171.7431050834027,257.4774053504666,246.60002144452463,133.97741464381147,243.84904011516636,225.1299825882906,5.539177137403549,3.2685896854174668,7.313290052248491,3.27726083936246,4.172968224428608,4.934515638742913,0.18140900075002608,9.926639771745062,65.74360661551938,348.9911072012749,207.96985040277863,360.76650760813743,403.46608875490494,388.96219006809844,93.9109473818069,27.447288641731436,77.3336645308005,112.5689599842704,101.42550941506978,77.39929143944185,70.74979078343705,1.7580844541029197,3.36809122382796,0.06077326292044489,2.956282031086785,0.517811324791314,2.0173503738775875,4.878408996173872,1.8420443649672482,0.3784194464992393,0.9426526268450789,1.7205345485030916,0.3243743405745534,0.76548810012656,1.3253012795730612,1.8670106171940162,5.909728178671846,20.834451427945183,34.0649357544511,5.2449614498143395,10.702894373893745,22.332323884017157,76.11084417546218,29.007608330572577,26.656605704218162,3.527816675100637,47.601803788410734,6.557066035397286,55.55395467905502,59.33277027647701,79.76518421744106,53.45174242297021,16.046227363380293,27.6894941745786
191.2139968434072,199.68843978581145,196.1013894515658,256.75835689707947,260.88744153590096,190.86908461353102,231.7322709879534,125.38888275099453,286.03304057251,216.15119981113182,5.949576047211633,4.275564995167646,3.6129726619635165,2.597303055166187,9.482554759662422,0.3234399960770823,7.387213228937146,6.8259955323130175,78.00018321518907,69.5928968416282,17.92307457771468,383.3651748526052,440.8684781861627,35.505675199980494,16.492744255391244,21.479039014557458,95.83250947581496,104.19776275425683,26.2952329671818,80.91373609026,40.90106993447376,1.865528020492755,2.6587315611711766,3.4811824495610932,3.2631459667839953,0.44592547517404757,3.748971629205541,3.0427883871482364,3.367740081906551,1.81316048788584,0.652329645929149,1.015272187625272,1.0038300403854357,0.5324622078950454,0.3553716410867992,48.167144974264474,13.205304913020177,25.912210172557074,38.494643834156385,4.19335384643754,41.98954727429161,90.07154042019096,24.629836708552343,43.801552224964254,17.06000533065639,31.665969464423416,35.70186440885412,29.532535006785565,82.89547094920772,25.131935128599448,17.122981486334677,67.48245758207399,21.142152615682974,24.43143121617468
257.0351922786027,117.38405761748474,120.98603568363498,210.84530282640333,155.7519744829106,226.0494438912316,286.3109828618962,124.65675585978937,205.51759465443314,248.33682579836463,6.562008425394518,2.3741912084639942,6.1655750122786115,5.388782058319348,1.3510644052753509,6.900581426065594,1.6062640805032138,9.37321047400478,157.01493549179335,41.8725192911989,299.91772209081694,138.77899453094145,469.4642300581404,28.695266908334826,106.33676224284552,7.993398228970514,24.738027002767897,37.837437854996345,68.80685189273493,89.37964134853095,90.76494817014625,3.623141344734112,1.933266648652355,3.105312419316465,0.14015560055676188,2.7414323550124813,0.3741837465074448,3.9076777980697415,1.1923100383181873,1.6308284521370358,0.8954043264911602,0.9613259955030301,0.8593841918395536,1.519916680058273,1.9125538567530311,15.743092347519754,41.96485402113601,3.7226822789932053,24.040157537194258,4.873792947561811,49.98501187812392,69.9165922895735,86.26819126981447,18.667398219574103,5.662921485095785,2.8579690450523554,97.33686162401219,40.641894475765305,87.27941711950025,88.92532429348715,60.847211702449556,72.81083903440927,32.20475409644668,27.51467089475285
139.93475643167196,207.42130836370956,148.4090031725055,101.04592270858255,142.14099277344064,149.6767217486415,264.1962034598282,203.7123377331468,151.7808549586279,235.0461675124075,2.6310956109849633,2.075758997369794,5.8952166856304675,8.255637324213325,9.739552135016968,3.0106335470900363,9.13107325779604,8.286795348332697,148.00997474538727,487.6875413813091,16.202335957239473,32.16251915090531,208.70536604973262,220.61067208927716,39.98351958552543,32.2597735256482,29.37529537966696,23.06177167140095,88.05682446152731,108.17000362575769,28.781582131124743,2.5049178227081272,0.7539579459562958,3.2284614876451774,2.748130206861877,1.0850654956878278,3.3011395055122716,2.2548248298534843,3.5079545410058524,0.23606263297008462,0.9458793279142053,1.5913847621206796,1.4714386121828624,0.4229241188567314,1.2267284226173432,22.77376049910374,30.951202663470493,25.738175358011034,11.093044634730346,28.86246897965976,16.45897375097215,18.943019728307753,58.900325779062825,13.860255190368974,61.91884631049116,4.016696693098554,4.962393417946743,53.3440682853936,28.740938833851658,81.11074130136876,5.135501575910673,0.8401524278238703,11.1280481472807,23.855663010460972
202.84688768272233,217.36822360417582,297.3325186534293,252.19815200561877,291.48960380761923,241.09216605669727,213.3210517810926,149.16948849868007,110.56533727294439,141.17639763566422,3.7092076324466583,0.4740666152972287,5.521399396472096,1.1211529326957745,2.383322538121213,5.6429417052058986,8.93867980193987,8.45982069788886,306.07736006274973,343.7745497153574,10.589770815418776,10.917644520392606,288.6968602362099,40.9068354280537,80.2552369555161,94.03190654714734,66.18398898583985,56.64511507438636,108.95725976580638,54.744917415869615,94.64115984422638,2.857147838560636,0.12047442308130807,1.8781700957259475,2.9787248690518915,4.302426129661566,3.5829080682548895,2.664716304579364,1.7437174326098488,0.5729360593878055,1.8300492765610334,0.2769669671852655,1.9107078948984688,0.5683357976335331,1.2898877876092736,14.571300303230332,11.752499641929292,47.982276281828355,38.77877781491827,20.18822191644574,42.195216559386324,57.02103060732229,47.86868423945673,20.866896863870508,67.27886939143343,7.951530416441388,29.829420305992304,48.64821073609611,10.415385659751253,16.005231770685,54.95275759017196,10.236622095295644,17.79771624750881,30.90746048919067
218.4829137724085,249.08789483686598,128.49910858030265,107.06227098804781,101.77265702269378,185.52026674066747,231.40609964682147,171.6279433058289,245.21697029677009,170.49620938867022,8.452437243683278,6.469360278190629,6.4407846021079,9.435905025492788,7.751451970180345,3.079098824337646,6.573621349055648,5.734501547497255,410.20518694161393,214.55347483593334,311.8882954531838,181.81814864746914,397.4231677623493,396.6805361335269,61.06276204133218,32.60441815787722,25.30373210792666,45.920493546781,106.65061558994202,24.139688816182563,97.5228695963913,3.5673998939205394,1.101985041162586,1.0492564281251695,1.045575375709883,2.23428562910968,3.2730676359294995,2.1504810200403948,2.284783174293653,1.6562365807618669,0.2965707390394108,1.7767369420963783,1.5317613110043393,0.9187697422130395,0.9241694631548971,36.55685425267199,43.652047225067214,48.95625899649585,16.357388106244564,15.034030642535043,43.712813751424164,93.4761250489449,1.749630162549587,55.3647328866973,16.599999360866992,27.632692897056188,94.1862194091722,71.81318781539937,23.28232538777799,82.6511184207849,6.391397575305591,59.70591320788624,28.500227438339397,37.126184259216636
109.29008254399955,186.3319092459359,199.77763069027122,249.14675654624642,299.56417113639566,188.5091029629491,279.677293316807,297.9010666768645,124.26059960110683,125.222028335725,2.0299334128045823,2.69885187578334,2.6685467935739555,7.971221523693524,3.455802269110932,1.7546297172061414,6.755118083025991,3.8854095193754374,383.06133153941727,353.84820997033455,102.61836299393158,128.31747181761588,351.59850883343375,269.4859158876852,47.12486170516898,88.84687761341077,78.02443307540622,83.45603332118897,63.505133284466325,41.676457274667285,99.54666115059291,3.8900993849248606,0.5462823058037195,3.6043978642973062,1.049580958867795,3.4805972775267917,3.8057414944561025,3.51757578032922,2.7931482508100505,1.6257876404637597,0.6314884189344685,1.374640373640468,0.4409524594731482,0.7297323311277651,0.7503371540660122,24.541170925617163,40.135246931314995,26.818149040195653,9.167983080045952,16.133059292739624,49.80565254347544,34.51711061619036,38.27411858643163,91.90286513901081,61.53923846860733,30.420276763813114,98.34961831843295,47.34266754164611,94.54995140145273,97.26445159104817,17.587659078798733,0.6534540142909107,14.17988952157772,26.634175403443898
221.50897038028768,125.51606055911276,223.63114686362383,140.4961120330475,235.3642597714791,229.86446491537635,179.90375691738694,236.86284978506896,160.55502565439343,125.9714026835762,8.285991687016285,0.6182370664699995,0.9380226604878269,1.8943775299603645,1.5165058146314079,4.131020012128865,0.15285750549991658,9.35212491817849,138.6173828110736,380.602575375278,104.0248993618667,40.53568527410097,497.8049118495456,24.229003503289476,79.2258108161021,33.96945051725348,38.54011632039038,116.14000315969676,78.9635668837843,54.69923434500838,59.385336662522626,1.3648677228880262,3.9293707039526744,4.057478184976069,1.3883286608696397,3.2678367339210976,0.8990613939539631,4.258840359295518,3.4342627658981084,1.8963560452237986,1.1213731515071566,1.762997054550196,1.8774904423823657,1.2122452009696243,0.504085216040265,7.0524614904238785,37.80563947491824,25.99729816384647,31.766189401288155,10.760523639529149,17.46464642400998,18.582037551908527,64.06707682356631,32.619917989619026,98.20847400575781,40.04535132348882,82.49016077271335,90.41299838249888,46.24797124352143,63.72191168079176,11.30253020535622,90.89056507734973,28.595549277891166,24.77936266589989
134.1048247374583,156.7551811597449,240.4929941088208,291.61469602387604,265.69385988982344,287.2561242937853,165.35894117155547,289.7961334094003,206.49418157677948,235.23914927130784,5.670288686737149,2.3866951742278304,1.28078955319346,7.14887881586181,8.593102933937775,2.3995063114259576,9.85022850452466,4.377960038597355,130.20214401313018,392.18147917050186,330.1030672580444,97.9688633218967,16.70204904127563,29.845336376140562,113.96514276339236,50.458637264327244,96.02625114669257,46.74516674799457,50.337339654869616,87.097518972733,27.135288293598492,0.7425008595904451,0.5713648094912881,0.7016214755100268,3.5614907427189153,1.6060666642592534,2.939645741764556,2.541744080690572,1.2011813223251813,1.9953407470729845,1.4267451605981243,1.9895073976444833,0.8450535218508276,0.7418971762422104,1.2475767322812918,5.658095641792962,42.45781857009279,14.632654237611376,4.977456516022345,20.869514098435776,37.924048988848234,94.20252769090983,8.974783768838346,32.340795220797105,7.440209493782213,40.49310944662962,7.599824401640931,38.03183421524173,41.857379055602486,28.180522311389378,34.67253538834265,48.96627132250778,15.029196068386604,18.032930496477828
113.0103185970559,172.61645927972702,211.92973669738282,173.5881502604169,158.92387926923863,112.80126932172419,102.16221672703927,128.51131100662312,212.88331755594953,271.72002139649965,7.6456563608214125,8.038948133077653,2.323365588273621,3.911091354111816,3.157722902440986,5.394529671499764,8.790542775400562,5.434311735771724,483.23784975241415,244.15987976999824,36.3116220902934,71.00446015129442,184.01527550473742,310.2075795723449,9.746020948081513,118.06366333981197,97.93268986064949,12.15577985500783,58.840442731223035,6.509044439587853,16.468214007597904,1.466055287151389,3.6238989041611123,2.4392788454077325,3.0352676570265347,1.223406191893388,4.706313286547361,2.409528618594766,4.1813682316799445,1.9549131201581316,1.298210849022563,1.0842084594787813,1.0009597857611345,0.8466081081318946,1.9136673161616522,36.406082959566454,31.172659235156598,49.857215849749025,48.58195741675972,10.551374425398386,11.826045680278279,46.126536029209916,45.95673088875483,56.41405868868683,49.03708724988637,77.1409011843181,56.135502834354035,52.53717061761564,1.308434873421016,60.65938312734143,34.37314177077291,25.77670756051217,19.01584395775423,26.331086688980054
289.7771074506667,229.18344826632026,101.95416948383674,165.3863232676158,102.863055533412,264.9486474694015,265.31021483829284,176.42789496651386,220.1166393974272,292.54651677222785,7.164712926008368,8.529742898300812,5.051959561675574,4.082717312955555,6.622668501845737,2.0684024498361517,8.961551634727911,4.516531640539358,14.03575838006046,220.64255148117553,163.5687251225326,458.2904065025115,147.7036838723992,404.9947906526184,110.66807842655699,33.15334909767559,58.3355574118656,108.22561095937431,109.22056614590069,41.31531909558608,90.48654380611129,2.5426162422094567,1.9344368619826524,1.251091253074524,4.230355604127845,1.7188568636302097,3.057813506324643,1.7080294708210009,3.611995321278646,0.8792621728707387,1.8891212017010495,0.27719817602696506,0.9009948510042075,1.7394845556740233,0.7836028127755656,12.23552954409794,25.321149330456,14.074343965748689,31.80366458840078,35.05327909381696,31.427402063961093,41.72419986627665,99.3435951361596,35.67427176931353,73.30382136438539,14.140324357889977,40.012299267046714,0.32103896020267975,5.101468292135114,34.2535069148299,82.64192807282564,39.38211695975993,29.144120974128118,28.772956802994297
293.12640661491184,214.15566093378237,165.2922616487984,129.77761006648893,247.57390371230602,158.4766220824386,260.196140080673,210.94636065647086,133.25106606994012,225.66942350988887,2.1543638043103024,4.882355827413696,8.4203832304056,7.854571915144777,5.707792482357603,5.133219168781808,6.626520916803632,5.6917013082059515,441.06306119950574,15.403761291761167,83.22163204958935,78.73093459499277,138.53476658111197,224.52177032463905,75.04439032741655,48.28262213930078,25.793223029328058,9.364218977585143,112.03095921713451,94.68189681722143,106.92005922092852,1.7172851733122252,0.37615816482144215,0.8488532374186073,1.48533627349706,3.9853252855106893,3.0605683712952354,0.8937125045274783,1.1781486159297574,0.5756240432238612,1.6116569571569992,0.41639533956868435,0.633039344246666,1.7806097352932047,1.777998088457903,7.320772044604389,19.009783795483777,22.91861437177784,49.30182828562691,6.634659376369838,35.38970718890546,26.756719979275022,71.65386372090676,91.0416047983988,4.60091978297269,15.77406158042577,80.64525676954017,31.047795644618937,66.86959294747237,67.59464706423063,22.56874513805287,85.07764106400029,14.187378336623592,28.032743703904995
261.6794696232922,171.21934517956925,203.5423286769423,161.12084309804297,266.8289194001352,188.78389090127558,120.89090362003027,115.3516123777476,175.94748096432977,136.8202646721914,5.7312460906953415,4.219099637045993,7.042804086675003,9.631569599009248,4.770387462969656,1.658047297201789,3.5133905936799117,4.758000282024039,107.86697436997844,464.01298641950063,294.2864212003016,273.4477473539628,119.03959342445403,281.74452905245596,97.84114458844101,39.62502575349957,79.37912052442225,114.5680781726333,107.97261667770726,82.14863588302997,79.84641126624426,2.846130166649493,4.065522946663613,3.6742833143400455,4.561219618842708,2.935521473613896,3.684833814145212,4.696846137146793,4.875123067388523,1.5409793618114187,1.1584459997514176,0.7148746608531888,1.8005841468152195,1.6726512625454744,0.38267499440977437,25.221666051393218,11.57631901018107,0.645235861232488,17.275224462192483,47.4379831867519,37.18547428048727,89.15852949471443,54.68708875016044,37.78480426422619,77.82734939976157,62.6589051672234,5.502423557133329,86.65729773139923,58.98270687249965,54.47999594558735,8.638674177397698,92.71928737641157,27.64771338182832,27.834542556250884
160.92275383467415,297.30304975859593,117.57329982896667,275.3301523656401,248.09522639070383,104.3826657550018,215.37147622654004,100.83748872559157,223.43884542339333,121.13006908978613,8.690459212770415,9.78075156566764,7.911501981600266,1.35389314118722,5.008612779220537,6.742649623909271,8.94712162599576,0.5748788299368112,474.16931831398625,305.6208604105821,334.26492581642395,300.62191800496066,357.4706819994622,401.9164324844518,49.145619644941924,17.606873427950262,119.17050710031243,81.42663422103958,20.912649108568395,89.15009696234459,21.578406944662504,0.27679396338688594,2.9023565454807003,2.6951037080094564,3.7210937482969584,1.2751579259706851,1.6726891183080366,1.58723779621073,3.3273369852419874,0.6686184962136584,0.5078971141796642,0.29675059005594817,0.7312538452035705,1.743178772138802,1.8786394396754214,40.23688173304705,28.091877053521294,17.786998400002275,48.5746554789247,4.9460375363004685,10.75502234493085,84.5616766889575,53.303288493907665,49.044225251946706,97.9511237092886,57.17421521924967,19.712875164470212,33.35763945962916,57.55282984954037,92.94906120897512,60.35117908141297,11.623498047732006,13.88937534010124,31.958503261143854
119.53442280127678,221.15496387137745,170.12538624183617,299.26686752544947,128.57005746016773,160.2092155668626,192.79633963337747,234.0868667593835,293.963772926757,262.5701943073516,4.3779507443391,2.085590129921892,3.574658676868305,4.264239345100312,7.349155349513647,7.563983075970098,2.9860175886968046,8.832277041476216,177.73056956548464,109.54542922308437,363.35656826353136,276.30983427723055,51.532141904907704,309.14802528049137,59.26194210632558,61.33782634504487,76.59795326339018,113.29425897082415,102.75966245302317,98.3582384855074,112.51309157952102,2.5536545539526982,1.1864499491892295,1.0887648085695523,1.981108233368348,4.091053750871547,3.5053747475944874,4.005450403235685,2.2676101634688606,1.6321606842495266,0.9566610396642555,1.6491494696617628,1.1993332923911382,1.1824844717443224,0.7659239394063454,14.299745920719957,44.529871112847374,4.036294880136783,7.705331262566867,47.20130535685386,42.511915739561644,40.29903994367541,4.3765082258194425,53.33892839704109,8.848786353275317,15.400470548211242,48.91950662226294,25.318633333246197,11.032287602447155,61.79085432008028,68.74506996000068,77.79606339555767,14.707958754686874,25.590317241920427
236.84660530243139,147.4453583471989,106.64062175827331,173.66190610136965,250.68558445139382,200.5262485260261,123.7418191018223,228.36390336028705,245.52622753993774,215.75129527199985,9.669248625210836,2.2320569002606243,4.106072042320647,4.861321920034605,0.9689518498220616,1.1929029190743445,5.670844279087808,4.499498807266121,225.77236920769363,460.60567551650394,135.06329629009707,58.53765276583411,373.38832863223575,120.13251645282155,104.91783645713386,48.54942628329526,9.114089432110902,27.9608639646325,114.06182906747023,95.07210767096566,118.74673167202175,1.8462446856191626,4.4744590599200125,1.55690005594561,0.485357707471025,0.2832493366904306,4.582006828232943,3.5795816362244963,0.7960613545120466,1.1145139877560564,1.417426263969507,0.6640489169622601,0.5560638103112273,1.3278431080276296,0.8214817020273567,14.183364779189985,29.902098555120087,37.31932613406405,2.514391231177908,41.74810109026013,21.33810708943082,3.061327989707885,95.73144374079361,78.20677951304712,82.22299054659253,85.22644268539192,15.764766294782696,54.353696244222164,35.20611695653535,21.39816837271691,29.482361602145378,57.82271182165303,31.00385069293229,30.159820940218946
188.03049874792026,120.35649452408074,115.71569943100415,189.7221261909085,253.7845564215282,111.2352154694878,296.1136454121447,182.15776199992234,284.5207514187916,223.65700420274396,4.576929491007008,2.9894850526603576,3.997450671307067,3.8254869878544766,6.714988553383261,4.731243879169658,1.0873366262044357,5.930542120222752,356.48910083274666,458.3166318674452,53.73237830192616,166.2111972577701,349.778662587974,310.3954926760445,52.70751652812965,84.91201486783721,6.988807213214496,9.680476454187877,46.54371487596454,83.45106410756948,54.838540142516024,2.677987106915483,0.2358389862140518,4.833601819925435,1.2923484758125376,3.498925041201574,0.06436841039646155,3.956678825387864,2.670772801517576,1.6084618229464125,1.6921281321885613,1.954183757237744,1.6150132120633427,1.158629016454387,0.9794002883652236,41.777122382888656,46.02053965517152,28.270215424981647,2.132710992502827,34.195249970362326,11.210291127860474,44.665143050613956,92.8177660285043,56.39059394148836,37.85815445120942,32.90594141012074,69.27151426942983,7.873009844207246,81.2358138640148,72.51098733418847,60.28141163613772,58.550275766448664,22.93844226370474,24.937909301214493
124.40764696895576,130.57182783686642,179.3846552403192,244.4141876405474,231.70810313401097,198.21914587663304,142.9391774926711,197.9288152064065,252.4424116628354,256.2924177509418,1.5135778030120586,1.8102974509827645,1.9995445256045652,3.695572324790628,8.968539803845928,0.8016298364832485,9.227360738314227,1.4779592473040717,297.95783522189754,494.700240539387,48.55499190152994,35.1224629069451,132.89402492543923,317.85693494195465,66.48585017614477,99.02337289942781,41.841626606615215,61.14414750179656,64.64432328349196,55.56107622261791,73.40490826648369,2.118441440876034,1.017079844906837,4.244911027895697,4.784273403902103,2.201113020689061,4.351864075133238,4.684472985526791,0.8322316752673198,0.6241717714623198,1.923498826402536,1.4349237206705259,1.5709774531054543,1.592617359700548,1.4646641129005356,7.817772831154741,18.167409794861594,28.822507925738996,23.511083344661742,45.658931950491436,27.355288874409126,18.08580165800533,68.24047106754465,23.915510014732412,14.41162024340118,36.69673485444862,82.07672211397983,53.16051316503992,17.491122391663726,30.08783178608819,77.6056568006644,77.94521218958263,9.573599880704462,19.981108543495672
199.03538202225405,149.19154567690163,126.54315080861207,277.2391560930149,253.22318655911724,285.4221257716855,113.44683601811224,183.0886001184179,218.3433937784801,240.6554455464903,3.9554033327689653,3.8557194222214473,0.7060449156213631,0.6174598088598057,0.6721031504966551,6.022006210865824,1.493627531935012,0.13353969502812746,165.79027155634319,438.2877159380996,218.81425874085465,203.87825790719486,133.88855375092902,369.7124206317521,7.322416154698284,67.58871716699844,27.51513778894656,56.8216926755644,94.59595441849453,118.1138078209877,94.38127980019064,1.428286994681337,3.7627141697512463,4.40093424693691,1.558713245661556,3.6591390264687824,1.100905472981707,3.120620093502277,2.1531634767022405,1.0652518995522595,1.2503602556620437,0.4295177034855595,0.6629930630493834,1.1469009229467442,1.467341524009167,31.02801579343409,34.90932964011113,14.682308652035298,4.6087077751904415,7.391330279110155,43.236177915543635,14.273407014888118,9.901164968154996,12.39872066263673,49.31932091963478,42.04600808345885,70.45198936276435,30.36657982421883,88.26872509824364,27.239095294880432,34.75529390761123,22.284468678595747,16.963612009350953,22.84810687390563
106.87770422304368,132.13627465191115,213.50816965231164,218.60886683735683,269.1842879355464,121.07864362156104,218.96947590038192,104.80100896897777,138.4046738272689,266.8916505712193,9.521853823266317,9.117258847198563,5.950069318989545,6.88683234356997,1.4924680584133008,2.7176025495034892,2.326478376731032,2.5283719270720653,281.37714877523354,498.9143500318317,473.46376044073037,102.41347632308008,318.1416868188061,314.2283519028326,23.238770671374862,8.702588540043738,98.50088882148043,43.121611424311524,69.6389858200496,70.44341749285849,89.68482585575514,4.5214984482336025,3.5497958722463467,2.305460364432733,1.6562057911438317,4.6380317884146995,2.2850571357648723,4.4907722134764025,2.049475488470199,1.171645207844146,1.1011467978784217,1.0044810291934865,1.394952738972562,0.311046232646483,1.011218310967364,47.773167407637985,32.60894088690074,40.83736636752219,25.852310266296286,9.227581322252309,48.37085153401663,39.30936118954236,20.78338967494382,93.7774546688964,7.15187357812157,32.270187073893574,44.02837136399823,38.31028898743875,12.147830034890317,39.17766255745035,52.53538399331118,53.10449679749583,32.86149029170611,33.25446450162802
281.8640804157564,137.31340481026115,237.89299382745315,178.30513963556587,222.7208228474917,252.88814561510088,247.77333542660654,167.07432124349248,233.33713037850262,111.2427810919757,3.265236408464557,6.191943622222885,9.893245165863803,4.4185227294884495,7.19465617335011,5.323482122703208,5.625528165469328,7.075401718120167,368.04637333781426,129.89623218040356,116.68722678104206,285.1999413093461,383.4638416870021,484.92864392443863,78.79394841710197,76.17607096699298,102.15265170914006,115.1304945547002,119.25060499621868,28.3184590774165,116.29552707234666,0.9319772922225711,1.4534657516851455,3.1227982469651665,0.9560487661776079,3.7526701487550502,4.2632155267536636,0.8468096413323455,3.6024988252938264,1.891905328668251,0.1336146539301818,0.9870800211033101,1.4373597128804045,1.6382022288680338,1.0939905086964783,42.14450590407672,33.68647528110572,0.6619108038968836,16.711274923690574,12.981553306911382,37.53628717552978,9.907693734462718,18.390953587558524,80.15629946391074,52.21014081671842,55.74550522726265,87.83876662526463,79.13650043371449,16.914933012398812,1.1996679062675653,14.663327367232004,31.935261545080916,18.189789141251875,20.926888967891813
151.7559963200034,157.01903373876942,260.1173398218166,182.52436816972477,117.72094279393582,181.93421067519853,106.4886892094374,135.41645107945797,224.6759131919814,249.50412734930097,8.694171782683922,4.17827083126141,1.7516140790076022,2.028458646174875,4.429088317621714,5.2228639929044824,7.6645207021085175,1.0820258481174982,30.744123492221124,422.7022967476247,135.80338465735917,349.47611298605926,439.4779504128091,106.67127127136355,87.45234362234586,11.369933952408008,34.74115870070476,99.5971291985647,57.40703699303526,38.673478337050206,18.211555474060724,3.4100142221469927,0.31950412801038774,1.890071023620014,4.036184499682439,2.2154071230037977,4.121321516008579,3.1372957540243704,0.9699920743090066,0.6065353959777928,0.2369882313853419,1.0357721508339044,1.1687716905990557,1.5451118242873192,0.15701992677086823,3.559854072096595,32.42957960591923,17.013258368627508,17.113635127468722,12.6181705749116,0.7783328704324401,95.7464506931665,51.957848510121885,2.296521028891574,1.9356788004049608,38.86477231581985,13.76861317199417,66.19640186141183,47.77499611537285,96.91406601612803,2.3646801070180357,9.451234497651484,29.902431456617663,27.75933633617761
232.5044568707964,134.67471905895096,140.03004884896202,239.12362929936137,197.5255619334422,231.0347429048676,231.74352774540444,119.68483782027374,220.4938340914533,270.1705514644191,8.824381748650708,9.350666866255027,0.5621797170028102,8.178731672790477,4.095131346055515,9.251108027318624,6.23157792876936,9.097985659826032,15.487659575295018,413.2838713099246,59.435513031870876,270.7387315003062,427.5483862886931,476.0344329878674,71.99910773021743,75.88097721388786,42.44914934923766,81.08193245819324,87.10341178884843,84.75968243660404,71.78335960642266,4.623977115786246,4.29180958040247,0.39778275868756385,1.385464708908964,0.763368650754265,4.460718115849019,3.863655308443917,4.111138060805521,1.8797076546412999,0.39659949551106055,1.1178132242215777,1.2411369263161733,1.6585711310369882,0.6781637329608187,16.335588389800456,11.47190640938728,33.14512577771395,31.962645328985904,15.886989410894428,7.167687643064829,4.75391817812818,20.780387450198557,82.15289843235476,72.86114416727301,25.94347259452876,26.03385838990089,44.610609312384284,94.52999044485374,53.23311113586983,98.13679748108297,10.507944555660387,41.24697412000361,30.57429858851806
162.3422152178822,279.35308492528503,133.49651645181396,100.64365272085574,115.529866934321,152.04731959704588,206.4583751902909,291.34408677786996,197.95717359764814,157.22700849166287,3.566846590886415,0.579795901510641,7.817363650056937,8.045351406701117,1.455969681987935,5.535923903430357,2.3981257367215463,2.2287234366262276,234.45280014571674,123.16077601815954,306.72943420802585,222.77598133958392,482.792667140288,273.78635027150796,21.480654171695228,83.77844416595667,32.16840128723818,23.72870353835019,96.14798112260259,111.3450499979383,84.5721132624056,2.697963098830311,1.575351213968814,2.011335860177345,1.6579886593605897,4.033691369269114,4.702679795236305,1.3654892424134286,1.6374003118106675,1.6292319393848602,0.20404386926029333,0.15922885640368864,1.1914638127525121,0.4618159804405475,0.7574324410381579,7.54753604683451,7.607749465015874,45.442165602137585,8.573351304505199,28.99372946451812,4.275562328723854,40.136962739872715,69.58005615441982,59.059779390476876,48.796968581158865,90.44748677107744,48.95396852523033,57.75163130849394,32.954767814542365,77.34938938729603,29.973085053636993,13.647147062515074,14.68036147708716,29.126418403978963
204.01360423556216,116.04674913232844,120.91356806688005,223.91786749196814,181.50860620648615,131.89845250827165,120.65300177500968,219.87194500843313,205.73132079785512,228.08945479865056,0.924250814701258,2.1817341612284276,2.6006014661787695,4.9152771180800485,5.117023403106102,5.871684949211325,0.10933612102215431,2.1254767814885804,74.59994272372195,58.23439901048548,343.1377082341157,199.79337621977928,294.8785987148905,339.2585088425069,56.221624286451004,27.74327717601462,109.46399294769536,89.44719194513034,61.82154781222054,25.552814858678214,107.36131878158206,4.383278358011616,0.9866099404920435,2.973963958503652,2.0775970610738166,2.308920579337644,2.2413132142910754,3.706361468446905,2.2255032485741872,1.4886987027647212,0.8616401537293602,1.4039721389128845,0.25554236759020665,0.6160724001584373,1.1615818105789428,47.48741156551342,48.942098683486904,12.113489867799037,38.44439183181669,1.8945442596026787,5.510080278197295,16.27027020316949,54.5229885969389,51.889423503494335,45.89396609351806,30.835074014015472,6.1338598879251975,76.68587553202292,65.82179935580488,25.78522223778783,27.890205072182162,61.4899848904838,21.754866324840695,20.98933577560885
209.34205586865593,204.90227791405093,227.28604990872734,171.0986020882715,181.42129782512552,132.0925228542453,134.50477538927242,245.73125684732054,166.8885054236208,162.83241276739443,7.2731233006723,5.702297190507414,8.313473672993991,3.0546615453628294,1.3527985808441347,4.076365945067365,7.595790745043648,1.8969288200528058,335.52870281771004,489.9160517020238,325.0362919987724,422.4289663675318,455.2412250567762,58.736182751573025,45.83589813176683,99.22480710300367,62.80467348156245,88.60643229046826,103.55313765680822,14.46984701076543,105.52260718758733,0.633008877382089,2.5851484935812756,1.4428499111329758,2.1743041160753025,0.3858084940510777,3.2852554158970246,3.894599377290022,3.863981468013674,1.595053511451738,0.7400692357638571,1.0256643730480421,1.3735041549561915,0.661928224800707,1.1607695580054787,49.30410752799302,2.742108877703809,27.284452560507194,29.31053052904242,19.4224934544788,19.46023032297887,68.88113215287561,1.7658177042655487,1.2229179023558912,19.619149374208366,69.8488925468822,9.568578156654727,74.57837451961883,58.86712559890762,74.66181316336255,97.32451331730877,10.583019837731001,19.989769134792123,27.118383860838357
136.9708911051054,182.0793653979323,241.29514529738023,258.8394662554168,113.20196882804831,114.09838912862892,213.5948594632161,163.0727486532235,203.86253852846062,291.5942132964908,3.183971760238462,6.193970969612473,7.068973003641703,6.417117985384879,4.8185425174743495,9.495888071509887,9.853552526519827,0.238418958416511,114.88570355144275,155.05203024509908,431.9538190919428,117.49035188198233,406.17150389760127,196.48221127527245,62.00105456403516,109.77479013101559,80.45576006943229,53.88283996584086,67.80777798882758,106.37607052483071,117.46997625954835,2.474005963579476,4.552033724419412,4.2412733678898045,2.062590544170958,3.5980864349065613,1.9584874182252725,4.157627900522059,3.1307080745704385,1.2503075871721083,1.3109728999499466,1.6028342578505281,0.9925725186935133,1.0653530187527798,1.448809615682959,12.132154516731877,23.65295610789938,27.13057531639939,45.78975912795179,12.696063830683526,17.255419084017074,7.8811449214561735,74.40572370356516,78.08640563844152,36.126315579476575,34.72267703568962,39.74433717223721,18.532171055117843,14.962263650055752,56.71705022781354,72.82335237631166,57.01038425901736,15.720560910121083,20.073591769108333
293.9169255529117,296.4757233817213,106.31722896512841,118.59812796462643,169.76410679389585,137.1293409802486,159.27152270265768,178.62942589880305,139.51118113569567,106.68471448710075,7.850943781149967,0.4916193149698701,9.462168016802966,2.9527061441962905,7.6597914597204015,7.794140503452136,8.118139891030294,7.740874137934522,222.09704232987878,436.736977329225,248.34865916277514,369.76698636914574,448.38713591386664,386.99578176695456,105.08783897372084,98.50500087308926,52.78043997045438,111.35037961711157,52.339841632187614,110.25696757497595,63.88902220283309,2.290556149599887,0.22729742343844297,0.7639897942812471,2.5236810399198957,1.4663413099237825,1.7600764202859076,1.5712857338537047,1.5470465054916676,0.563752019878723,1.1177637050734652,1.649164189194818,0.9330688330286856,0.3543664599105736,1.4623518628143537,33.65010271902325,21.541475698522163,43.77163126766314,18.55961236149241,30.52817747860974,6.127406572781348,54.68055742086343,18.88287366539485,19.80650142412501,18.18694324216663,43.521998687747185,94.3886296734554,30.091922199920475,24.81669013941633,42.414417377950244,58.52978879404832,58.82970579772597,26.72323524481407,37.15110458729176
255.02656467222292,122.40778043361047,287.24244924873796,217.6404533896781,122.19961975826297,232.84387699779364,287.6631457302632,147.3847987793447,261.0348794720753,215.95856876659101,4.482282997778287,4.090083703280609,4.148379633991053,2.4364785102047493,2.656817143082919,2.9255123739981315,4.656045519750491,8.76284185932806,106.85875906839179,12.022305790555908,75.88394997586157,381.1663391226583,15.69703462982965,356.38639739850527,94.22406544574497,40.08755687438945,77.56663225302108,24.2024564563362,17.399722492973908,36.78362471132844,100.53749968352106,0.05051284711460434,3.8313623992741297,1.8419741562902305,4.074419269285852,0.25395226523087433,2.1636610988823706,3.4112168849398627,1.9371525934839464,0.46004044079572015,1.2323444428369335,0.5380167317842631,1.7339985156854214,0.8322253312222478,0.5469003760029577,42.16077073633236,18.320938431646272,3.0005860332121963,49.144392107322716,49.26588188705101,44.170649904905325,77.31014952019376,82.48851196806768,72.7981213194079,73.53901005357393,23.594352340133163,90.84136932770002,34.823693096602526,93.0152772643822,97.0669226196462,69.93233950933569,90.3896510121891,16.28786165303166,17.317326812486435
287.8997883128378,179.57111980914834,110.39425673029449,196.19457797722475,261.6470420018444,276.33812236870165,263.74804589681014,119.39313419308495,137.15539093974155,133.30070940990302,4.904140749191954,6.52662425182564,6.653501410561278,7.332095074860634,4.8597830649793,8.457674899184697,9.047295887851154,6.180210755900369,278.756957017071,20.30215553760508,151.8085140451622,215.4080035626599,483.2924660142474,29.66830020105099,14.65879265975328,72.46394643124796,49.37336832299965,35.74381967734139,50.24256128029878,48.387858302692585,54.13739643464268,2.221854133383079,2.8666414074141575,0.6332704875677726,4.09823235330269,4.514727564720648,3.7179499125655533,1.528223884214713,1.5358762018081549,1.746048728115742,0.9967566855815427,0.1920035982108778,0.14413075557612365,0.4461005060501563,1.5633555870991669,12.067174078516588,39.20820075204712,21.51154027300001,29.00346851234415,26.123903303076943,30.96366502845183,95.00598350489707,35.504543712297895,1.5868247365817267,19.902529943302728,75.23296193872542,46.59748582784111,18.754229000500445,18.48296236530995,49.38437141464058,70.99265666954027,62.637659632551426,24.830469895474362,28.49056165695646
278.9654700855298,293.8940866550738,208.25926706021409,228.4651051810455,289.53760519289415,262.82513711823236,296.7134413027326,135.80632748831675,116.99325797789328,242.44404103543172,7.801303126810514,7.0108984093936755,4.70206233005138,0.4992198732374119,9.920958097028674,4.380723965832391,4.157491963871665,1.9631798186306368,66.86619509843877,238.27694126122051,334.5906869764624,155.6772936205633,242.02977979477438,277.8311891136498,107.38555774407489,110.2037421569912,44.06302033886093,12.27079901382287,89.40269229432768,80.92161971225372,53.56609595344371,1.8514584843491633,2.1329910915935666,2.0301123485862744,3.9935825374791007,2.420674449548611,2.5121893282363486,3.6978115336172923,2.977903134713014,1.4777648649320831,0.6277005822530884,1.4361443266134128,0.5774983441216348,0.6030491547621992,0.13724677928793588,9.790191398888386,37.394839271469536,9.532050902200611,48.68339683128292,21.571419336362474,39.92493379334422,69.85275629694127,33.86196799816364,79.63536496661861,61.675332705171506,73.72032514262531,14.215854451073007,1.2161454006304195,69.50098897551132,65.74585818896769,76.33358802929826,98.55878408815013,25.953132215836945,32.67320875641241
219.57999576221704,273.10142517879603,241.8121038901833,112.97071889659367,114.46329505158772,237.02686197489683,151.9341677900828,259.5028090592972,187.2492052714315,135.17805668373242,3.8853969775101165,6.417585034911066,6.342828103354581,1.0382078632424803,6.897839191204969,8.30380472098258,5.296847434010329,2.9242521697147095,21.322357865865328,126.97019512818115,310.42976713336435,240.56532816252786,401.10966489167305,53.25631455452063,59.253222382229715,41.87644351562774,77.96520841495023,96.47686019042256,110.94793734321233,42.9419523968846,34.13506191437879,3.3522956515953304,3.7229614160842495,0.20790991182160956,0.5146129471912727,1.4119956553333777,4.072157775497227,2.3202385890771042,1.6697964207021303,0.5050881372458031,1.9103680983983065,1.9577492980813611,0.33066664970121806,1.442136505661012,1.460707580752769,1.0549456507403745,45.308633714732046,1.5658637147806034,1.8395023753322088,18.72805548468325,18.891694748343827,9.949175763458351,1.1817335778210536,2.303946835504056,27.96075010677521,2.223994580810018,17.81076559584356,17.396726878881218,96.46944826003045,1.5342191489879697,6.718923141991995,3.099257994083482,21.034664566306258,27.44331573112006
284.37484700462335,263.41441418985596,274.19382474921713,215.99675748562626,291.0230414583403,122.08637268222054,293.94472655959544,235.50916103675516,231.66148790121238,147.07665237967151,4.486960718696854,3.2735759211731534,4.5510291694766,0.1672029228335388,8.429432035921465,8.24659187610567,4.823584697217264,4.811674303913136,35.05450267228162,348.0222288836225,270.1915335740516,55.67482368742227,72.33001847551262,497.96965029729955,90.54414666188983,99.30319956052388,72.97213897563377,76.50232940097068,33.943131443935684,105.87325145105609,99.09728800721143,4.692265595096828,4.829463877963745,1.3700214813576108,4.000397228341322,3.5847689238457088,3.7286402012088176,2.9917464288908278,3.6312314969678727,1.268677395161363,0.264177403544264,0.9486501745037119,0.16714798475847895,1.7241411970028342,0.2939160966869039,20.89214161860553,20.076632546252647,7.778031555763899,36.53482795941321,39.354986334552954,20.806682806234612,8.852054971414102,98.77289829230172,23.589290407251905,65.69821959233272,6.0194040301291825,37.75460546091273,80.82443270814872,11.950599220227808,30.14552064986483,41.283141978288796,70.41461366451189,30.336952095784312,31.994123233142513
117.6985004103839,151.58056540898798,242.81738642648557,212.29691759190473,204.51531986734904,157.83748925918997,186.24677395831156,209.38577519709537,187.54336498670827,198.87416220915162,3.8242856408192596,1.0258492236193042,1.967459239598341,1.6141375461067191,4.206991304949403,1.9698148489522587,4.531476339388697,9.548024921070677,477.58663634250183,287.12651952829765,344.6525651574567,32.505715792254094,204.0111369488473,449.6753283813144,21.104511595400496,6.0896400950951,38.75571472931421,41.218135153343695,45.8520844930078,17.371550812094213,118.36873716855429,0.4380975304275623,1.1537389937018283,2.0096689230172817,0.6100563496980181,4.430652864635993,0.11218752101075265,2.0850415073385387,2.9031379213327932,0.9503383146870252,1.8838928989840837,0.593264338227832,0.6237862955843003,0.1435211465346493,1.4863315960003163,45.02215438853847,28.426886632508253,48.83529830598586,40.922765452490445,4.0630561167109835,16.222249921568036,73.15980485380659,61.20043391718638,26.827821251271345,54.045495892134234,92.23764547449396,21.007419508678137,54.59204513924711,39.91819901873145,88.86915661600663,29.513031783301646,2.648007805304331,7.7719052908133905,21.32310569035904
139.19657248382904,134.17751747801316,260.3456166139583,212.1320188832342,159.91313559077477,161.96137506449378,169.50375906275093,195.01797457335363,155.35082639026172,282.96698999937564,3.7366711012450717,4.328413219551408,5.128184418433471,0.7830010862335487,7.701823138945968,7.041297200697412,7.7743886160096665,2.548778580995654,79.72024711935855,47.968040750740805,322.3215166829167,64.68556773142697,143.01572488028555,20.32952360998311,82.13274545631053,5.419370820237771,22.175071786739444,23.838571313346268,22.705514322009012,9.36795541042245,34.47929875993466,1.6441071697059693,0.7268003517098769,2.3960451627506907,0.6323716125607673,0.011532304418439887,3.1548884039597462,0.8182948053798234,0.7370759926200698,0.4014448229298785,0.6913522890429958,0.3976765997086138,1.9781049183098875,1.1752042303745007,1.1015243720799681,45.19749262828927,44.66919884343497,11.135001221253262,3.1320776904861347,48.00864046577602,22.202117298875308,21.532940500346864,42.273016618599065,15.750863810692639,42.343863165272,88.88268472378508,8.297559439037784,34.16580269871808,22.393214444273724,75.89590611160189,7.056963851700548,72.93775778747036,14.729822073238015,17.949148328948016
109.04545778210762,233.7286439848862,167.89003850856122,220.69753331929095,115.37241505523271,149.99138927952424,110.06990539387064,284.48685673122486,211.63423677808817,142.34287442959416,5.3068711113244476,1.3746689299437493,5.332983594230679,9.958443441021194,0.5010408121190862,2.9773653961346582,5.315012181967971,7.343294448806891,357.15434403704927,89.68786519470136,441.8491958378263,101.70106541649082,152.91279754545914,430.7382936622891,32.17749202508766,92.36684093898126,47.38631979138583,9.616993553305143,84.43313283633141,28.975913775420793,11.455132622423317,2.225883039597317,4.5652799086612585,2.723044828790958,4.739835230458454,3.442382403360347,2.1884899053098694,0.8983673527307647,1.5582404072126135,1.1105285077786122,1.074056746197865,0.6461466350421116,0.6134354290943901,0.16851354791830755,0.9307835512978749,6.823284811696306,49.69547911134153,46.7840232801221,29.158998368804163,21.186935356408256,30.713674486575155,44.72393086332488,9.662140446133904,48.1058196195369,67.30008334104714,50.608719277853034,67.37774835199971,60.83444456294648,22.156151740454288,53.675403617564974,41.259899684642875,38.585020920403544,14.116876015000162,26.925035313303987
165.06606615265287,285.87519782551715,262.9650227493024,235.29358744527244,200.12485361408358,203.0011319419446,110.55305157192052,114.54698955573369,169.40046708244,128.8480042236207,8.107114500561392,9.481474219354604,8.124978097775594,2.959218702545487,1.3168207071682254,3.0451774329274155,3.235499508049639,4.450537410599911,43.28384006918486,200.144142328623,297.14802496436533,257.0466419656411,70.39525377593205,460.52050427361974,55.41380317120713,92.56647194461894,52.74772850131956,24.175740391982707,115.42166945114141,37.90009449357144,98.78738030318584,2.2813750363915726,3.3480758565119455,1.3822057376516954,4.098795245080651,3.8373883531519226,2.2885786558641965,0.3970688472380512,1.1150227351316773,0.6348862756861927,0.30680041337233765,0.7230471476057545,1.3610410576119656,0.26197356552194556,1.4122661405467152,10.61544778615555,48.48007093708507,10.660089960231613,40.196143532677695,16.028185928343092,24.902708388091952,97.66211013513589,69.91480641510168,28.36879596167089,41.57220716082291,49.33573915583365,58.144863779269485,73.98341253467918,11.898584399968081,90.01597071132854,61.617348541314676,61.13077653925896,21.62425104433837,30.714491298731673
177.7354579378964,211.35257860278597,116.02296927693503,260.9977999361539,258.90310889814975,207.1107629759345,238.40225118933094,156.1201626475832,286.5735380253266,251.79536637080614,3.681506288033402,4.80419157362402,7.381654987356454,1.5777533254255482,2.1103988699086154,3.0338459611177493,2.6557658598189358,3.0486887487642162,62.99857259523926,100.94599133816224,391.51466576327266,426.07695171894983,404.82427794607344,183.238629056093,6.939230059442007,95.73237660301378,77.29869834382956,57.12773432883069,78.70950528254018,17.986557998220633,76.32645604149695,3.876300507002846,2.19555024759421,2.619976259728213,2.766528229671363,1.05753786212467,4.093681538810775,3.094182671811092,1.9576629306319118,0.2828638358993859,0.2347690299049176,0.9053620125254825,0.3247678910773708,1.4396596657668073,0.16910458411974216,20.698342881259414,36.03327162780234,46.59911375553198,28.2714168985421,48.71637176178521,41.97689180632828,81.99067984038756,28.273046999193884,99.32879757272566,82.13706025750328,81.24241743837925,29.129675797808506,35.44277830208627,64.95511839914658,48.622051320755574,17.84976799744188,30.953807208833773,20.27563754544979,26.751960547970988
154.26980635477918,214.32253789397998,278.9633312121055,153.96414402564287,241.41729545333962,171.37719503422204,191.58579888680558,169.9875707141428,284.5290279207144,200.1239064667862,5.290121733323593,3.240865826132989,6.671537077020297,2.485862954159588,4.079324053690674,7.283125650843487,0.4736984379775906,4.613567776518926,259.34936319057397,398.188950149525,131.86650642356926,125.46474267984662,14.528734144728297,362.5558109734053,22.43522336200474,111.95308635713867,110.17080781823933,33.42535143621971,75.96380095071602,12.554399374174373,115.36536206336551,2.2225443725088696,2.8705652556187724,2.5499330615946785,4.376101320344532,2.45322291873677,2.742563850562537,4.244705605785766,2.5847605901847217,0.9872207672362805,0.9161363525653454,1.3452735341077144,1.243510497089737,1.4976554023540216,0.5245936187835988,39.140914985603246,7.58976411160389,32.903736292415566,3.6587727250705986,46.826003730538396,45.0568888461863,84.65933573002006,98.8280818375529,57.99687933654389,72.95984582352659,13.8450146884879,77.89483825523041,46.607484153497445,74.63435099107117,56.65070641877756,30.50267438878538,15.910503915264906,16.99374331418848,28.727417817740267
265.7475018303859,155.99581873205682,209.51847523074724,265.0098820360124,110.04520229279476,170.75783174728718,145.30432520722115,256.48516244255757,200.4743639944191,282.35702247635425,6.740200521881748,7.686410304077111,1.2225322459704682,9.367643158247333,8.472874295425056,2.3752778137461075,5.873632102642155,0.8049465036582021,237.7867557756284,213.87441542110722,342.3094664486433,468.2293852659213,163.1276739227492,226.63083564181167,15.589256709216274,18.559225859332685,9.16125171628639,34.78295040467617,68.6513420075499,91.89488705270679,34.00751019384951,0.1455348942537303,3.7306133868294578,1.58772847387228,4.946929566333796,0.45553663560049973,4.429252899060146,0.11397576304778391,2.538746657847708,1.2212062489777675,1.5092250151213884,0.6190098065524313,1.9705148179627954,1.6465632790283176,1.2712362706885427,30.786648434820563,1.6477075837548165,6.104319586345375,34.82563842446642,32.27573991840319,23.749350741696162,86.07699047280786,95.05473591493231,56.64778250542405,54.06389945130812,65.3699121345959,77.59488877058345,6.42132166701156,67.67939100230562,38.215284719754564,63.9170821917154,72.35125180892824,21.741004192986313,23.51913770018919
171.35066533871787,253.89858663838737,263.45955399249874,199.6511364526907,114.5803670735807,265.7111195812163,222.79406126504654,298.5029240323943,165.57679880365168,129.32291143196846,2.767450518406185,5.029691066564412,7.234101277570779,5.249586207941517,3.528033902800512,0.10896776893629323,2.3766180124702387,8.00700497221059,476.2743516255361,55.78161475282464,452.0751180075111,477.9048753781517,95.46116617604336,331.0639174424086,32.570579887899726,31.678273273124162,33.02101644231216,105.69128216678715,15.1724101788367,23.891805078759596,13.168180670147324,3.553419432018228,3.867429174541529,4.152699649975826,3.05710391249257,3.736281913751584,3.5668999060345348,0.340535115420884,3.7750731460508122,0.18912217972418596,0.6117930773422429,0.19685585059048433,0.6544912945748841,1.0010588723635794,1.709709272598554,25.935562304250713,41.34830864194562,29.3048001787656,3.4995472763287774,1.4161150550948656,12.367525027258147,61.95453401215579,73.52966788027886,22.086963010645523,87.7060682585997,47.59829944872595,49.10019702127618,59.70905362124792,92.46564576191528,62.00400367228842,57.93246575572134,90.46203802700867,12.755698342826822,33.08431260760576
156.18690193747614,137.40874971150467,190.46365690366002,115.41165582686624,180.5746565265274,257.85856966393715,150.57162365002222,148.1341029514306,247.42648279132783,229.18557860460785,2.8474757685336867,3.1693368377232556,5.053021047909696,3.7116991534477832,6.580749815803083,7.180844849478068,1.5665258279621928,2.5086890870313745,472.9693719801613,247.32802211334118,199.0088406709183,479.8632563741506,298.62908089808684,176.75552810611381,16.50208035279706,108.92836584298787,27.27733336214944,64.24083244802657,88.89294003937911,110.10105289262496,61.630859999647676,4.425300178776902,4.600271962286633,2.73274922170189,3.068363200537775,4.238805532631129,2.7686716437326235,2.2927602915915224,0.9539675993725297,0.8639762238808939,1.1684609889771083,0.8092293619881672,1.7113436711136074,1.7336342158307576,0.8241045101957222,29.800628269018855,42.12663021234536,16.266444858243794,40.96471030331371,37.552481322225304,47.28702476323579,74.39339238624784,97.1071930282969,40.86894387149114,82.88618214680555,74.3331029315623,9.653255551189389,35.640709555218464,14.567880871805416,31.90015309208738,86.87854631732239,18.358244370003497,19.566705682286184,27.114289664027886
208.5392166316497,164.73584728084873,228.71553903930499,111.71018584879585,159.05809880958867,161.55916633614913,215.52635086888452,274.8614668274161,107.34258869661333,146.575829230363,9.340789957532202,8.138480649668937,8.951585407450976,8.746575433301272,7.122211518554486,1.7947289639677404,6.572916641894008,7.2815800196104075,392.0082348458079,54.51070872009294,391.76105179593685,420.40573999139866,134.58367728112648,168.05402595030148,84.56965306124962,25.382162743820647,62.76385699978511,88.86397690976769,74.23569750817535,47.31996106653104,14.828592640991962,2.5743845156228673,2.1399455165891568,1.6680258965452595,3.7745908755080406,0.5498514200500564,3.7751445009940077,3.6912264734792646,4.732899418194259,0.5895576476897021,0.6294356469933547,1.7256962707022439,1.9953856226964175,0.4169927541190862,0.5916467980037584,5.261884843213684,37.444864959041745,19.466081220914475,2.6301920736813726,17.110091302079063,36.884412831020676,35.896091463428725,10.563386245376282,12.397799436000001,53.18393946204992,3.010279131199045,91.84694001013575,43.352364760078764,31.98453733850062,38.54921775423572,79.12309696503834,92.07030012036006,29.94205111131308,32.50228962373748
128.18484499495253,185.08728772328334,205.28053218722266,166.84766373921218,146.47686461120958,282.75768877465185,171.84174939653806,266.1245520863582,194.95380120873025,131.35208573032787,7.262992275977777,8.684806294911107,9.206722247892374,4.010403678435422,5.90320530547458,1.1343757135475632,6.843971652433334,0.7766488773371277,305.0298967624014,73.17927965571042,365.14675758576334,188.27426999088308,136.90924271876884,217.97260554021372,8.339588754060227,83.45636577130716,54.41559280996338,9.106759138236455,81.06982841847301,82.11966811795472,35.10585012681136,2.9097315232755414,1.4741204409967812,4.737219175283075,1.1683733723030105,4.084136664629845,0.20136176411778245,0.7969611471126371,1.7207970833420216,0.1582361223437416,0.8383648156967775,1.0468678706185792,1.2182527685694136,0.574461185906505,1.0855992279990891,24.144350291617897,14.356212556961395,22.288462412831166,7.301170360013355,19.719871427285923,32.18629075966706,99.84462265728507,27.99153605365452,76.25292522503862,6.844769370079751,59.272554972393856,66.86605235409712,42.26006179469247,34.4572809702456,96.63262632072687,96.56110522860295,14.018210920454377,21.816925030004832,30.337122932611834
260.43939615080797,201.522075736891,246.31790435106637,256.9793954222935,156.20089978174272,290.5630034005012,264.7104453223638,144.93147952835332,167.2646788540667,236.6858830314541,5.814148094610758,6.762780846257902,0.6460502469576761,3.4165848425811887,3.6366954848843487,2.4514095938811953,7.546333433350893,9.555475706040292,232.9305555225754,127.4088176938206,39.16783646719301,45.6151163912853,249.28569055770618,81.32820173972557,76.04015757187477,66.00324500469377,88.83932673932168,46.9937859029733,108.36327569815349,30.921243198412025,19.48745399420435,0.82305283045554,3.201924691281311,4.227110941225093,0.8439530589788088,3.8601351507178223,0.1451474375927566,1.3655400845504775,1.5082417461115312,0.338758844261861,1.822248005100267,1.9330891397162786,0.6878620908132671,0.3555540804437455,1.2823989795349986,49.607132832186856,32.170984050127075,21.423997615251558,14.11782573090179,8.357735384380735,37.39797981438681,27.962216965464503,25.324328879117907,33.115924615347694,56.5996352199244,55.67282152155576,24.705081915195095,63.24092887425428,23.208210384690464,11.130867979959014,59.719331011337715,73.56618825495312,19.247506906721977,25.991421357490786
114.91012873595416,148.48194648301603,116.32599640611792,241.53618694818314,260.69654865937696,165.34850840600816,264.13923215335586,179.8665160398445,284.1071770205109,218.73692398174666,6.512428538764058,0.5649477818359062,8.22435144750934,2.152096973242382,5.812828082964089,3.8610151709947695,5.085411273752055,2.0108483555164165,184.5274818209263,431.16857557126997,294.9390717157954,288.7211785655825,329.8176292770536,417.2580925733375,21.181400544941038,14.567272837923333,32.87782994265934,60.10447495047581,95.15549051201705,32.637118376564686,30.77520066090905,1.1110232639479958,2.0844822174048563,4.913113179643486,3.8003079425752118,1.7410974686507774,0.4259131413350518,1.1677109443962177,3.4290411051192966,0.36416490175491734,1.726095288440347,1.0568809090685902,1.3797093938083969,1.6153207951055655,0.8981957596709182,4.878084273484847,16.154297869856073,33.37339007890993,31.8515572169096,26.411175151312516,4.261098228647683,59.00074033035195,7.20126584593025,75.19658333932104,35.52569895602855,84.08483295891853,61.045454703422664,57.246534895448086,14.22049441569666,10.525534524604097,69.84673664116264,95.9445158179006,16.39872364211439,21.286296091300585
297.3773873201035,122.96736494784071,112.07041679811276,257.7229929344813,285.84561072637075,170.88498975861097,195.47007962448026,181.93457385850382,102.4006054545365,250.96549167246624,0.39006448672384186,5.706596513648668,0.4732041651844391,3.840188556703174,3.4884293686184877,4.811472641984687,8.951140591518477,8.839146554450096,474.07289801802216,463.06014084315626,73.79278110839317,283.75390752924454,69.43930523693018,180.86196872720197,113.69356757545815,37.80532112327628,73.36731206122224,26.43793834917124,94.80525399777049,71.09155832977116,17.206635074460063,1.1834994932318128,2.9770462852054,3.4642470344806493,1.7310749270205705,3.4545447543685803,2.1934509724842415,2.001265581169059,4.029527977128482,0.44746107142414515,1.0804333324934967,0.6242077521515108,1.7052115919103756,0.5344827249345759,1.7657502970535346,26.202710542926877,22.807088181995773,38.53421939524277,48.829775431749646,37.35535351208643,3.8475032180647895,28.206167832119334,97.22265979714558,37.169599992947546,54.01129428037341,67.68362975550278,40.502149582763025,42.210604777656805,48.67034759262637,4.331601945501573,86.0506258814403,14.73708817562377,12.452071335829496,23.27096977574073
254.44895385933148,222.12400848832652,149.4206468020293,203.45381128832187,181.0205389055133,201.12683068439176,170.16382186700312,295.6441337053117,210.5629751436698,161.89251528923648,6.219219359060799,7.656619628773088,3.7349792943807243,3.2351751245675677,0.9303500116649196,0.5412434030550451,9.369793258642455,8.113784775192801,305.42531759809594,414.8662873727138,483.98639439298967,426.4881258837018,96.00061170809312,206.07328141386412,112.30581840763324,64.8428048907113,106.64358531399532,18.822027266236947,111.62613342112498,69.4739363917884,114.69918993413782,2.1594024546576636,2.105729134295191,1.897332298475174,0.6840010779666107,0.010240138232615617,1.1848962266784462,1.13274339831768,1.8985741064201307,1.6264173857320503,0.5524006921969496,0.4672965947659077,0.42556546162775877,0.39547136124076177,1.0945335468340256,15.134638452040042,19.430536706535268,16.794295615455507,6.332231204686754,14.014050345606888,8.079472302758877,11.207105056007316,5.997408664689385,98.87572401148455,64.71304604975934,88.01603583956376,63.534963973595794,1.6955021490728694,83.44396280474284,32.00445197602676,83.9992444825268,43.50900467553534,24.353450999357218,30.25815951914957
139.7431363068345,157.72611064805116,131.90893602263768,188.03979959109813,281.2222004264994,288.22416250673473,172.5119593118189,136.17838027577966,248.1327162133252,189.59433127643797,5.144137844919599,1.4513798196274637,5.468769758648683,6.805309197051596,9.928759384041543,9.708675993010868,8.092972303945645,9.681813248406018,293.74553856613727,173.69783653474514,407.58967632332156,498.0356149635915,131.1156248513136,448.08676022405086,30.9328567899107,103.02026341864092,109.72794009060505,105.08493452748189,118.84251941824495,93.40386122138935,37.034712046719584,4.6414446522692545,0.7734489755240908,1.4114947267282716,1.5812398523295714,4.659670295785333,4.921463859134765,1.7694674059383178,3.736766404720946,0.9350345463084644,0.46704943419274336,1.419596543892595,0.9597799512987613,1.2839103064173067,0.16806481638411153,27.22570819466697,45.72518429610775,46.256016103441645,7.564029626088962,46.96727894814707,7.798822888306355,56.75858148436767,85.66889039943297,17.11216222546218,64.48385748506396,88.72733216425588,47.38708957310208,62.09626146313793,95.4539725603318,39.822924246792425,71.87216420262344,33.74574823583995,24.05527002838459,32.29239174259856
101.10442342472048,216.24764428452244,274.35671331844037,129.49050534125678,164.2991402495764,275.2638866284623,261.1429051336436,259.8315942209564,197.00359750480825,181.0943352660837,5.502921829816413,2.3638404387075735,1.5661979064085618,2.9668687762401986,1.359106290961858,7.189024228853625,6.392375471881054,4.831117543362921,123.63154966676828,143.4987561433275,63.76466261108885,258.9970802144723,487.13662491780065,253.34566889095396,75.6584492956484,86.36692630568747,115.26022954337859,113.0346371164766,71.84751417552185,92.14853015484059,56.048222389145025,2.613705985907281,2.3524394907782025,3.31995603993566,1.7995979706941312,2.7564123441887802,2.7160277936667208,3.645427567323101,4.419842421118913,0.379463385313735,1.912765970767857,1.1191244429771292,0.7064566492352977,0.24645585008528137,0.5238025139417617,28.90402862167046,12.09078787182184,46.95408254393438,18.759084636698525,10.139474372146239,21.323188505045522,35.334867086613976,76.81614245768392,0.15238938833312954,67.35240435180015,40.81640008997178,48.547215023973344,87.9577474034327,12.934063221849767,9.451564406954628,50.025620937397505,38.84777501840981,15.089375801194329,25.024235854627914
263.09228569096683,130.87254305484046,143.84279747160886,165.63855072186232,195.28739726875833,120.51359251671796,165.6358965595224,166.838542834622,117.08060603254432,296.8178927933028,3.6582958856250896,8.83670154017455,7.48850674443386,5.814277489583358,0.8162489999769678,3.299621246710928,3.106837440552768,7.30123320907492,32.881930763705405,279.0862884872172,69.65847884736243,179.14997520949427,204.60472497203097,276.68441558192285,8.22061173933272,76.5165635673173,93.92503248919868,14.062770275221851,17.521385843584063,82.12909293632103,108.34035787793557,0.9685672495547497,3.4576799314857536,4.9042747466515655,4.826486020933396,3.1054909316693773,3.3154545729449807,3.058936149786404,3.8363502893827173,0.29056423716298957,0.4851615333703063,1.247597965091339,0.6383820942285217,0.18531052671832782,0.9562293587438476,29.084908456914057,29.091739776400633,2.5141766389815983,41.89284731888835,3.7799858594244515,8.291502073125526,58.32192675233877,37.58670874714595,59.48255413783857,67.92686250450149,13.743413375181312,73.58820919073594,76.95515715938977,82.3157228072736,54.913099536682964,27.32068882307288,75.31397391317766,17.161489560276614,16.727119654630556
241.37146876952343,196.2280203709635,295.17305116382624,186.80387323477504,145.20579956319995,178.54614865428323,141.8118747413692,246.17406915523208,294.49227800558043,158.44979134787758,0.9065915873581247,0.299205046345433,0.18271157130417187,0.7523324338165298,8.797454417150844,3.2551028471254337,9.83115472404019,3.770035504674062,473.14240408217677,363.70804866122506,301.2921889071833,101.09183866257084,303.50514440920296,478.6840811407783,112.15568245088502,62.043782343262706,109.18860921977523,45.13715194238095,57.79993939417518,56.65001507775146,82.89198261556955,1.3377778019860587,3.9984262002615725,3.137308249718205,3.4928189583287366,3.326650473560102,1.4013124798710164,0.41509670990454756,0.18064046299845665,0.6660868715851742,1.6355197907338244,1.534740899734849,1.735560395406328,0.3027635322496719,1.4256784861321734,42.68433487288889,18.36858568717603,1.2379850497094156,23.6279321611653,32.3960117308201,42.79901939119652,55.86784766649928,1.8807362629798985,95.29532000878382,10.928141871350416,63.028365582218804,61.37257460639758,98.16156322500822,82.45811229652749,58.33015290548691,87.72157539354059,66.11889325555593,8.841480581788735,25.195916070261514
245.80143360819747,206.51788651031717,167.37915835422137,117.72008593592345,228.0952084351688,210.67423794995437,116.93766837506136,184.00220085913259,203.6020862752196,158.96344766935337,2.014058412759317,7.551998664477162,1.7691305794969647,1.9937626512954922,3.088163142839662,4.540571238747748,2.8139480552001896,1.9252455563949689,163.73027683388042,496.75266619848566,178.99569534485983,12.35191416051166,128.35597823082918,444.4959277410447,65.14354044204661,39.348658138625446,31.971050278306535,115.20284723661447,95.5741318430891,107.42364442227097,76.07431026460405,1.9262349983386495,2.4716981212147684,4.409258555539292,2.658973023824672,2.8112313959196498,1.6157665738521678,3.1923508745661313,4.138570867717279,1.6162294855384594,0.8010433981175208,1.4792165821032965,0.9011426129614931,0.10045767957561844,0.5175292632059187,19.792497026346215,33.32202003975417,21.540783342477518,16.41972471266317,42.54127722806232,29.115798080937278,54.22567291435616,0.6095904981869515,64.70540549059794,19.171233045729362,87.37460984085104,7.995269124422566,13.907533802071336,38.897812155256695,75.1026693613328,77.66554422373049,96.86869644628192,14.466328655136666,21.83590919682929
254.25406933718915,110.36470736448538,136.42358313773985,144.12239054224224,295.79622303496177,200.62649451030802,193.3386241768817,215.67195262330802,222.83724886380227,170.90964176572146,9.51237266080545,4.790355595892787,5.84988861554941,4.1333121889523525,6.537940043327725,6.2998237453540264,2.1063035277052675,4.486451736041143,226.86862142898477,74.46964882067384,27.103870945823548,259.4657093195508,250.32516732716908,93.03868735533536,9.970662413044584,18.71316480171504,27.721808600304858,14.563599310233462,8.188412347612656,76.59652637544936,86.13976689149627,3.1200622887070693,0.8345370721499006,1.6522261209283655,4.844676962026199,4.285251798821921,1.683954951564368,2.390615086080475,3.874659982687293,0.7924737110853226,1.9727537103606527,0.1823902703196313,0.7442450494274342,1.4242812930214057,1.9548891354631,26.05953105199155,28.44587548828501,29.736939923889096,28.279589694338632,47.68007653572185,18.728963869337445,12.330112204652943,20.399384069392323,8.572352274818096,63.0541004542351,7.495334419476074,6.537357044630365,22.25200527878537,11.002962414545415,97.59681166158015,83.79069519584792,18.547950335642227,36.58962216812894,31.927650674996958
114.80893034681807,167.3208556387841,257.9397014284958,219.64505881274778,220.69861920867572,138.77261358737854,196.42641978396836,266.5223546652262,147.32195654150146,212.91881625806428,4.146125666482246,4.523044372512108,7.172436864169194,9.375797613696085,3.3571567236561055,1.549093359230781,4.4773257264871695,1.7409152523457034,66.17357235699635,34.15307952166417,275.404338838196,282.2041466842719,46.31839544911944,241.87536465987148,44.387499195935796,52.04374397510099,5.746129634760543,79.01875788105352,11.542055410957143,118.87282640317108,100.3145595671189,2.2057654334899865,2.0792916711506635,2.0406993745465356,4.516667304966162,3.052412142436204,3.4966911687,4.673482217788623,3.349758288384398,0.40380498455848235,0.7994959066892969,1.6248866200605536,1.2466700287094261,1.1682471112575095,0.7052606905573585,1.0409557489035535,46.236895227614056,14.25628499887705,13.395898273564626,38.47496502056768,3.9463156421507213,44.01807743503571,49.38765800337931,54.04803824662254,40.81723887310367,55.79232730846642,30.500923749672527,53.92674652219791,99.0008006756898,61.935224729239955,14.07893181472042,54.32608693258801,14.241889522455173,19.40996606472296
171.6931457088545,126.88293538779484,231.74155510017522,247.13262284783798,171.56281682270978,271.76335423363093,268.18174208058144,260.83311299677683,196.69961702136078,150.46454885274903,4.7201632427255555,0.17025567169938305,9.174766716669769,3.834794658585385,3.9753972808652644,1.9704051562730283,0.6627216500526457,9.8222417655852,420.0929216555531,350.2343856076828,200.044098846065,414.21985511052475,27.0236515019402,485.9351514399873,13.837688114041933,8.279626799798645,86.2871011043463,116.80545766120564,12.723144974024454,99.22752906245124,105.9319658029525,1.9682997724428555,3.933606704920074,4.532313445550873,2.564884274504657,4.539722356289958,2.373793976369649,1.4536285423492257,3.802511871248638,0.8678207449377038,0.7678815873303796,1.1121362833982518,0.5168630013110244,0.49876270717167537,1.111712393035118,39.582754778198456,5.529801509210053,13.340980678745831,20.357415408752285,10.38267556955058,29.755875899976694,81.20039393987918,45.79099781851513,90.94869361377273,76.28516453057635,11.499952665982393,43.02459965387463,23.588170234380645,65.55930305288187,11.16508066809454,31.481287818927463,44.91261454190267,16.631470882101464,24.836684062342403
123.17381190502594,112.67499409455355,199.6391432906278,299.6695022785899,229.56348919810569,235.38815659936748,144.2477392892128,273.28463670794,185.82989839166436,283.0579880758548,0.621826919549046,8.21204248656828,7.084416854152776,6.674333799878357,2.6949184229662855,8.608402370052154,9.787095200250729,1.0528402622930921,23.539598099406007,417.7906339169137,59.5274812621539,257.24271426747225,239.6794281425155,192.45948613201531,50.18861052793638,29.27142726568782,112.8087265985806,117.49572188685808,89.06911220775574,10.095628292407515,78.90356212647805,2.827995715990984,2.0701677603791935,3.7867648427695157,4.529341380531133,2.9158347949477044,2.593241426125071,3.633570434298808,4.897332725201375,1.1550919588454094,1.311180894867484,0.844246208548068,0.5367976320793499,0.5427094011574322,0.13603613098897824,13.344641515104719,11.42172156795979,34.077524570604936,16.963954886986073,48.89422864778465,6.268374619310253,31.514349554463582,58.52925765649275,0.6506067880012734,12.490928226283216,2.6995991755201953,27.522255917928607,3.454978128168984,98.21956950415804,8.852424324578278,42.488503789965115,91.88561089257496,12.50422390378523,12.666836485945849
272.6206851751187,297.99204647798905,211.07271018752624,286.62266626871155,124.58413569307751,267.5816749703607,176.19825473368,111.9234650689318,114.97916840039674,153.1371129732527,0.4719056724854078,3.662266516302008,6.7506147755231725,2.625363501971842,3.496135657350801,2.6369237465018185,5.925492208522606,5.933196062180942,418.6554734285573,424.7109021345474,402.9409922054315,459.0694908463677,205.34305088402192,192.07082317293802,82.04152934855216,54.73558822535588,26.497564679792788,59.19068305393047,62.63416228476479,41.868299314236545,107.35083658981664,1.2167566248227828,3.4856886600850694,4.907237498635849,2.0274802437326565,0.8639008856830274,2.964094880975133,3.656995506992404,2.161253310213565,0.1562099489122263,1.9268819325909565,1.1212869099093337,1.0885485886558588,1.6408403370930753,1.7812923707185284,40.91947369000556,38.434224209637264,30.284362090450706,40.304980609524975,46.01207586342771,37.289402394929006,44.38315052920652,77.1959309660762,16.69122128377988,19.152299442053934,67.96353539408335,65.1459858069918,40.22882761639461,48.36555156846585,77.75468636503712,83.83519723005607,1.061923247695995,6.659333959675219,27.63982508630885
224.6596253655116,164.4707689949446,243.84035565445276,228.51303990703832,277.73181605307974,271.75285586989446,261.6811477787382,238.41011060794898,121.23207070949344,279.163146312039,7.200096325762901,5.453579749875375,4.003977348871577,1.3576324021349941,4.165933965806777,3.863930479954258,5.613825707475335,6.301992167015153,78.73965626610372,342.4471390478087,458.38761498661495,317.7609035200034,77.07135664899556,105.56481357668564,59.037339424765555,53.13959635227023,78.24851117409106,23.71614739497377,47.42326350486826,70.76570739415945,66.57071565392984,0.40372733019706514,2.540996271573668,3.8760734065638873,1.159799120129557,4.568677153638122,3.846370164628703,1.115288897235845,0.3454439424234431,1.292519422736329,1.9547982510132225,1.2636577520689176,0.8776181844277497,1.0534582201345708,1.5987858416978487,13.6491139858257,18.75494857479475,8.773770312158927,46.25065845868104,8.576787426741149,40.236525788819165,49.3831590320268,37.73546148602057,81.45615561026163,55.8464642436473,68.18496118721639,19.51079317256219,28.76447341539825,39.519299993672874,65.03341285359268,89.28866727146556,98.91704007670941,21.60107316538256,21.92320573406966
166.17960497052985,261.974889170927,145.69094826625974,184.2496106588144,200.61679015596727,249.67117073314796,264.72472214979473,127.99747534435258,267.4945039237549,120.69501272931693,5.427137174799001,6.805276794723028,0.112715812715334,0.6795123407924962,7.232119084014195,8.725591324406158,6.592383171007227,5.426987474453137,444.4164151892645,477.4677440184017,380.7310276669237,421.7647567283307,346.92470017115954,66.01832591837135,49.12805009273726,10.093974564654125,90.84287231050442,28.239696222405467,17.14596020509964,87.96899685522102,36.888448470868695,0.13182743096288838,1.2137033942958895,2.2480933790189765,1.1710641023422048,3.4113212168152858,0.46094504507726597,4.517085888604972,2.309840948442306,0.8506914307280996,1.443691678287272,0.38406198876021425,0.6604665294524165,1.4272038784553054,0.4713702081616261,1.0340305649933654,8.706297418321833,44.28279768162536,38.09882351176714,28.15989843230856,27.42682476901214,86.27313125917448,16.036369550931738,89.39071065774829,50.07480192678987,60.0658044996362,70.41410963961697,26.37608456588828,24.718547597045383,16.191439470656178,28.489271425528628,47.97343143725288,8.628192206421936,27.793033950172394
112.71167005720473,150.92813095275278,299.2667832113484,227.23547294164655,189.8699484079284,187.84212024994346,176.92221519575364,183.1637136036822,147.96399044131806,231.31254047993048,5.13618924374104,7.056032806735367,1.2895766614826574,3.1235936355732385,5.164208322924439,6.665163511058243,5.020534112994346,6.6556402685471525,367.5885922947171,260.3923341368476,412.9869319079759,82.66785005579608,496.5227105406396,372.7493474704311,18.70306023715345,72.7419176554085,111.6756370420265,107.30416043930538,89.20762877367724,68.28869724262327,106.20882152164211,1.263783225700964,3.9827910350351408,2.6600294189135916,3.314954466966212,3.499202582233425,3.88660082197192,2.461004170143719,0.2417039404013292,0.11847916274926934,1.533752094709072,0.8930892511202454,0.20250715132079417,0.9602353574223396,1.8731497133557016,8.164150250575615,25.41440233264669,34.15881547297296,22.234637013484182,27.998112583583453,7.905341527472444,65.55997692260189,80.0048916828424,70.7160620868271,26.639715397668994,85.92228039017972,77.31507418889302,95.31728170242486,98.35720017720195,25.335997268353406,68.64291672657647,62.55396472335975,10.824308462474885,24.40595410098294
162.19646434313245,236.30054444478586,294.9586324293566,257.1303236160464,217.17295769070384,222.1093510030849,191.8248046573362,209.7176830109377,138.99165429972612,281.3971036876487,2.50693285118442,9.564202582378115,5.392089993084787,1.660844165289389,9.441295649854071,3.482947605482715,0.41742881923596165,1.2501896726177204,90.6884286285795,457.7692511847441,116.08037796039751,429.1147038481342,203.8669423863891,387.3149296637431,33.16799025477047,68.21368942312216,79.38892576198049,109.84354549791964,41.91727821335346,95.4049985831509,67.26937515250502,0.46704425038089886,0.4302251358127283,4.503572307391052,2.5103409003293127,4.927553935352292,2.8205429936871473,3.397628000777619,1.4783095363614212,1.3803898579981237,1.1704641343487525,0.7376137993575491,1.089471053413191,0.5516642494395053,0.7000955512150687,49.29130367732231,32.78103204976362,18.44752433386591,25.464581386084856,22.405471517408806,39.44970482515304,10.0202534837314,33.26906813312108,99.15601636398208,40.83432435051585,8.087643979347837,12.431930759565057,23.845411626544955,25.325726946227366,75.02403872925183,7.781420615256341,36.00525558057155,6.228653433301622,18.926179117972076
165.03666440534943,252.0455719779373,230.06513726938738,123.66723818467747,224.9567725578805,132.07308122394863,160.6571781698566,180.54789694936613,200.98229025002786,133.7498876796459,7.47303224313623,5.36026553704243,6.783785869859755,1.8227034353596296,0.5146158990038776,6.868625502673746,6.161881759519928,5.594683389632381,287.25081650113935,484.2279471258463,139.1507459501145,340.8204886774857,316.03373159952326,484.81635211646994,16.51647808991038,13.981994962404977,116.58377926610652,74.90615904545879,35.51226805743673,37.505400067094634,109.20582257023194,1.6883397862186265,2.6292025109482013,2.762717213129259,3.298164726557179,0.3852308055058,3.348786269827733,0.7378192388286877,2.938530161065827,1.4535365075690316,1.5359739043514307,0.7657769951542729,1.6515574906420427,1.943765321297523,1.4151539479222226,16.330161674425433,2.7189223505981803,34.33942215456192,6.691147849507066,49.22192584785459,15.73747556833703,86.51709858050212,28.688189779335072,9.021592958656932,3.4981278056653076,10.526026169875935,65.0806243362988,12.943257118739782,2.376275621805035,56.615578180564654,40.957327196876115,85.25266696954988,19.866559953697198,31.046494533790096
245.92123566761282,219.12774812156886,139.908490185829,181.98097793925766,114.35516124530261,234.72908349498155,286.5109756838624,203.9223351606015,253.74942627250257,293.66539201985097,1.7655421331740697,4.057223554646833,4.232738010574979,7.6315171530308055,5.080376394057079,0.2948638322759958,7.190121381868663,2.9434044541608793,163.20159403405754,425.1071539315228,112.178494746602,93.41418589478197,481.858211758598,388.9749233436279,97.86235414051599,113.46375103295053,44.63741121644299,93.1102859390398,80.01670817865836,26.149885891774883,9.61929860431684,3.86693836639518,1.0523662608745907,1.2844328970805816,3.433519061668228,2.148677109404905,1.6444833065554023,1.2964415457899265,1.55501823570152,1.2947955982614974,1.7335813444439434,0.2735363829738856,1.71761669004351,1.1747303704132552,1.6560550042315398,5.886783149630984,14.935283523688513,6.076327795006889,37.46980320115962,3.4513007404209493,11.52133056629626,83.20659754820899,76.43120384292354,54.56765158365603,3.7038107994374125,86.45354379794472,96.14359759001141,12.531925790785115,51.24684135884778,58.5000062502539,48.66691077518851,56.198794511838265,19.745853581304264,26.882779636252124
227.51149427104264,194.31523771003168,236.04564848625827,267.96045712712345,236.5234442446805,135.85065114785615,123.72875314831606,299.30526175972386,112.38930371579758,190.57667208310232,1.9803539622440984,9.541665902267908,7.333722214131063,0.2567969023542548,5.883825409434009,7.382862334112516,4.225815700178126,9.40774302668046,97.33421846667589,161.7816959967241,384.8810813691264,102.98414349154532,417.45213649896885,129.24272207646337,20.552580218243094,16.429019579348914,45.24178138371188,90.09209391909694,69.2862526486368,11.200418635823562,50.71431142724209,3.5843087091293233,0.34465748642146454,2.1837428657220475,0.1213911357596109,1.20308601100321,2.0528403157140813,2.9346745185067418,3.4301222770885977,0.7496674134370022,1.0235810760705442,0.4037026272004378,0.5473359614795524,0.3488656171590336,1.5077374763506437,6.378560779474651,40.56641561595412,23.678678166415775,30.025546130054682,31.54684096795744,23.792553730412052,75.36459805991754,93.41394380831444,68.49947226475862,9.492700282487165,50.32767198862631,19.282381726334673,80.63240734885292,37.70504930509154,21.000867128790958,76.56328148991159,66.28109362497648,18.764956540969745,24.22387192463365
277.44254851526534,182.3681828294537,114.43968179583517,176.7665903866088,148.38633606310592,238.78991810203135,286.74988460029397,127.04346274257094,215.36158392765117,289.1430216882049,4.661050496347927,6.456891326752659,5.266436723788569,5.6223202447808,9.209950162135312,4.921458801110771,7.59722616350481,7.644509369053284,430.99927771144314,106.14566907344468,474.47936867790355,463.98530333166843,237.140589418316,29.65712336137257,73.46793715312275,103.30592739229365,67.44643865164974,81.10948376874731,46.67722380852969,70.93108062572503,113.99757711168384,3.0585288377122635,2.5196403460454118,2.586416784357098,0.27965756581603274,3.155828058921149,1.1635174400730621,1.601946069183014,4.111711775151749,1.1062492227253262,1.2777382993771957,0.40748092841382055,1.2393182875002278,0.8715710801494227,1.8434072896566982,15.861964345832579,26.252106047204617,8.864728273198185,45.170779808803104,10.662529322601099,46.170988948454436,46.60580183188377,91.49612820107569,70.26447203690878,57.67924532005605,27.305280883823723,90.93028311161545,71.48480745267403,26.13825034292645,62.90579816577115,89.19722368371204,64.89047080606764,24.5763768083627,31.771725990415632
194.44298503238986,169.77365330859908,106.13050044116122,214.3744542454373,242.79052650131797,145.91963215079375,236.77329036706865,235.09120906728512,123.84208856811468,235.3640087260094,2.9341706349082153,3.051688527137901,0.8343443363836909,3.8566676678753016,0.5866693838521331,8.150503258116167,2.347312863450364,9.727893373381452,207.7261555885424,278.578831841091,361.25023129961227,25.78552662068271,371.36984738536046,492.8643183411335,44.41514756271728,5.035619170225683,49.102716328329315,100.13684981027299,78.77105914264263,84.18894487768195,33.70976066720482,4.263976216958599,2.5028151581152684,0.49263196942013654,2.668061855690337,4.035990301902879,4.896706987112852,2.503467663669157,2.107991504604889,0.8355996416535272,1.1209017209427907,0.8091270121211307,1.7261744879795868,0.7257410826991113,1.7421220446473462,2.3634295352797703,2.2512711510793393,2.550846683357613,10.430251606970083,26.6028946341825,15.219977957688922,75.75453834858068,13.744242585717858,79.34846153441826,86.37164146131536,73.81569779852873,60.60479492740166,12.94861955670622,63.46081164811734,77.06285954072553,33.72832358244562,36.398213989773254,21.443578073068537,27.04060856881679
123.91884918766034,285.9058288495652,151.53657770224274,217.55387217243964,264.50695887683935,123.510260030044,206.31443053734625,179.20019327712305,107.29221016512369,160.3173739747103,2.5498835142081493,1.3519960294953546,2.0009608845826934,5.114844999094617,5.777645890858638,9.550912754864036,2.290638251555222,0.47180509042787655,205.2864200390374,231.97722768629234,441.91871479098245,236.64212221489598,72.78616972275677,176.82084081636683,30.9875142353461,106.46232593021905,5.163958753066252,83.82176164963693,36.19047484417359,42.50721746872658,113.27666829442666,1.4175174464759408,3.537435499361847,3.721375744521922,0.9632670340227838,4.831890437373139,2.49004483282648,1.8762859448727134,4.501688376952088,1.4311812873034195,1.1686941657044867,1.799533935262104,0.8765792637249029,0.5067661903181906,1.9897618767740592,25.81868511203671,14.456574761097691,17.24715037927084,38.1064430356643,39.09716820348218,45.326135798144705,47.87420626427572,50.31581534692996,91.76260450993831,26.022328925957506,89.4403722604402,59.094486733171195,21.97531188607863,36.426861489782226,88.5252225463847,52.77388899419013,7.5990995806615835,5.460669620513302,23.58651093407855
242.648957444599,266.1238815575458,192.52459134786326,136.8952506267279,260.791701510504,133.0568980285915,106.53181215689918,126.60195978146575,110.54879043244348,137.66050498342128,6.4878526810779835,8.441289564505295,8.415982410115035,5.672019348424569,8.550936292426774,9.265306639996227,1.6980281781069824,2.922818434289016,93.2444706552438,440.10158767443914,322.9625564927546,163.60289206770977,260.93088917726163,162.86605579188617,78.53887054159193,7.267769203495944,89.15378288500355,66.41026516096241,96.40548008449758,75.56218125842581,114.69878302986375,4.4264182276195285,3.7263059583290055,0.5556761274413153,3.166343506334154,2.278434573704053,4.980423809825023,3.2063634452537992,0.40839626743849705,1.2088023538440085,1.7910910287604878,0.49145200664979105,1.8710599528843042,1.873535979556493,0.4469616838946765,11.080175316721348,32.13746247098136,7.961406432298771,34.39124725509989,12.712976756843045,3.1558387826214798,73.66235343271629,9.28702837281734,36.16414456171147,3.3939829723420245,68.96032862029622,5.192268232086716,74.73430084435303,40.22508883168728,73.67173248180492,64.74482223675241,80.77062260940501,30.07293954682047,34.97912099460529
252.15700972337947,293.00538213330253,273.65450108167613,172.4470883304577,210.5001934815778,100.39842704381405,195.11923836440167,131.7473526748619,266.83282164168827,160.74700924501988,6.544620277663591,3.685597867662101,7.276636191581951,3.202340175127054,2.495084508380442,9.101723930207873,3.7827481219127024,2.0346836077196553,197.70218128203155,59.01551882290532,199.95335127381153,335.88794559922974,146.7395358181689,453.91805277719743,57.55526557834818,92.14838366759334,91.44745977002559,32.249981697638034,31.3716792853802,10.998081548132863,106.44636613597402,2.002203456649204,3.641679528577555,2.03053938971034,2.7654068384615336,3.933228970906595,2.454032030525719,2.4408553602762364,4.202164689360244,0.2554183162721545,0.7756719773905834,0.8907657645821285,1.8156592053461504,1.77374799137353,0.67904742233073,26.205876749145176,10.368293744112226,31.859138869214323,13.659353923582733,19.971297550915853,4.634423398388368,88.01101649725362,96.09759589063998,4.296339280763584,70.86271020523125,79.19325966784491,74.83002783863982,27.46163978346141,2.304560389404431,57.63756510090161,32.86872289468147,28.97159191843175,19.709033561678005,32.312392527810566
212.25543951389926,124.85944469710894,245.4338139532616,166.90225774838643,204.03397846215023,243.74792357070604,181.54962100054644,289.8546212491234,123.59449672561232,118.603481852535,8.2627189910193,6.638650241507868,8.9581436714237,3.0215777158244244,8.775294250386981,5.170482563745483,8.485419150351927,0.21043041438712196,437.0922547011366,136.29263004264413,218.62319131584954,421.41839990880607,88.97020706911893,296.6989502870432,51.0167287377243,46.59444329952909,90.9020795389786,90.54713657364118,23.266334968931798,16.418734824132418,69.82182518572935,2.0104576581504663,2.0536980772546074,4.025065983286619,2.9329441882707474,4.586087444281494,1.106558809276496,0.03300358050610915,4.1445799957421015,1.321877760616095,0.495549648641186,0.692057889068362,0.4954544050957378,0.47837952138822115,1.308829148120097,7.467828825611399,41.455874607861006,33.866360753876656,33.53524265727084,47.563019676879755,35.07877074419473,89.05415851305968,21.522788587683937,36.24419144809583,85.53522390050665,28.249724019519252,47.82730526480582,98.15420751573521,58.907092855305756,67.32593072467769,98.55382131740444,84.89302284777045,27.2886764411902,31.18128068305107
254.1934359909122,246.17349504072885,248.5413042399962,105.23934170641296,128.57519226788236,246.48020981167582,132.2437623950245,275.9202993423524,109.03027288245839,128.77359326866596,4.235314813032461,4.761082551722391,1.2638167662972721,7.360678308415566,0.28852975181548907,3.665406929975487,8.296329415275737,2.4990247294385823,187.9330681399216,378.3814828141672,46.90750176202837,186.58527956271908,218.8776440647221,115.28687518607593,73.17798056260548,89.89493201567679,44.677376660203656,59.445354801401564,94.98053209237061,85.70179880972731,79.39803664427343,2.0327045519913525,3.162132038260547,2.3431761044503516,1.5192523453567433,3.4197939083540647,2.542187459716915,3.251907381347466,1.616749542670557,1.4057529872418228,0.9669322095198953,1.5960282938475423,0.5920331825103872,0.7690809892054817,1.492789653194009,21.77793283636587,33.99050740064138,7.860269158216865,46.25648233854415,38.193296517155325,9.934336741684689,45.45785741874546,19.742957476577473,67.16147633872349,13.817278526310172,28.877535941054244,72.11743918351341,54.05700666209088,12.207102984704276,48.51114625138777,87.57743795700246,60.864300879082634,19.61834993850468,27.481175700845927
198.75911927287814,287.66809136420756,185.09866688961506,104.83835277827104,255.0692300806271,202.9866699826519,231.2819207001314,281.4083920830044,187.57997742858245,120.93208806929623,0.8235424011588873,2.0694048199708797,9.903203092689232,8.725642182399456,7.351300828423924,4.703849714833661,3.8899596588386878,6.819882236852246,476.28574562489615,56.543456038882944,25.414025670552782,219.1820227881902,74.19713167247107,445.6571589309574,61.49577727635008,51.200698623872526,65.06328943078478,38.90104366086357,86.40758353026231,47.328016099989355,105.00595482173496,0.49949088754249743,2.888956760793362,4.211657443395355,3.2028190963267043,1.2212354367243583,0.20758190327739823,2.1163865696804067,1.5005887837518288,0.8043341431679288,0.4953618619144038,0.1952402214095507,0.4428397974273409,1.548399244174561,1.1157496036558474,30.096884490861605,23.83326351691576,1.7183437773696006,45.962581389522384,28.84979763333586,16.172723818232956,85.93426793520293,88.88856730064795,21.34560873336435,38.57476959404001,86.41238803546324,80.9181103446606,19.200797041008823,21.38048588954218,22.68982431176225,29.640282886661662,35.3703958097478,1.8278138877801136,24.954639296287358
204.5465658763988,136.24661323313202,169.1869985093926,266.33940873515473,154.28187608934286,132.27256021107672,294.2301814736571,298.30655516547733,268.79869438840495,184.58870874831155,2.809297210722431,6.0566974253426045,2.1731264681043427,2.0065581613394263,9.337820889569665,6.929970432802271,5.932275486204341,2.387780329132229,473.69136061210986,167.17456287063308,350.78304605264793,491.139714405693,352.50270300549795,496.7468189768243,39.90068398342949,13.1544110681618,46.39695459031699,97.22382171030416,26.00348220570682,82.20341357684565,94.22816447475621,4.877697586671968,2.113593163023429,1.715987797060014,4.149168256060265,3.043192214027879,4.524801309095537,1.7150747190462121,1.5324239559560282,1.7639929838234383,1.0469608087578364,0.4734324515181917,0.47250326776393436,0.49616149146640975,0.24046389328456835,3.568996947736347,45.823377162805855,39.74412280094044,36.121515438549,11.488870696432478,7.250462558538662,10.145738050771314,96.7850555121965,80.99729515587104,15.873684059020476,61.48628486552153,52.379637337227855,85.88084545127332,71.71178206126382,88.22069727719354,50.79462309990483,59.42471489736227,25.40919555274027,29.294957404592733
185.5082036717099,113.29925347335549,174.20775259692056,154.6141619945625,199.33908456358932,116.71086750213794,212.43776221290503,141.66307800170358,152.4816752978604,259.11567525151725,9.802054085648487,0.7007623826117549,0.2166207752377559,1.0664257292979746,6.6062568502366155,8.85157799102475,7.236081533101665,5.13913411027792,81.00034306059955,199.70614308645173,224.8301570854785,394.11908974280936,233.5576215861344,52.47249496390705,69.29204809300394,93.26326997046687,6.844186003524264,85.12206404059826,18.36826155934287,100.64792883219057,77.46079268737233,0.7011488213475444,2.990091343988106,4.7886051070521924,4.990375555425263,4.850060718607761,4.0945657534602615,0.4797922938932856,4.05885462459861,1.701727274205429,1.8166654001784113,0.5002189304741093,1.8249379656296463,1.2239732389480644,1.6990309309207259,20.2380908079274,19.894138160770755,0.6018225260638332,2.879619070435975,21.552619155140363,16.946289322061144,10.181941748678103,69.76322592952566,21.976445772283082,10.63574306093652,23.416275167373644,26.36443132783142,31.947554589723516,31.324272618391102,53.26226331674253,23.084061324724438,64.54926923614376,29.02824606543181,23.657152766838355
105.08382534881903,248.22412985801182,297.5299127472116,203.61575324776308,156.85481858550332,103.8257932874574,242.95065528878916,171.08786747281235,184.3425235051833,128.27671084326803,6.002959894803751,4.192090352724803,9.974487096630186,8.988178483281057,4.446389515406435,2.1491643997011836,2.487947068817428,8.889399338153487,96.88251422609599,315.0709603157181,280.5853833467685,449.6300241565778,270.26086995668527,432.50329786821874,81.99233630332988,13.194058811956971,69.68162824621315,112.7940497593405,101.4158951759696,103.05158030975345,117.9598319051308,1.7110197651012309,4.73676690476425,1.0552474747081255,4.1938374869993496,4.937893606019212,3.6318443982644806,1.1096447559267926,4.159950903174874,0.4328163954095019,1.273123688916708,1.9866293205951393,1.8691620274659837,1.4296084900371515,1.9256612764404168,15.474929138989545,12.13613382292222,17.52369791459754,43.67708469734799,38.81603529297117,14.382769697676936,54.826694686748,12.100503369922489,1.0063402380173336,64.81685384743744,52.41618154622122,14.157249139281337,28.880735506437784,16.321019743838093,59.4318311147235,51.45039189033348,70.66834077586724,13.143276452504683,25.977619948511833
121.57828539866088,214.8946226359824,108.0218382824965,159.7451147177546,126.76567259993863,133.14963539304415,113.69009051320336,233.84380598497333,107.98450651275024,126.06408663446717,7.1263971395301,5.511487902670343,2.8826314659066203,3.563965090109247,0.5443220630799085,9.19011226877086,1.7645967503579962,6.968203411455844,432.71029446262565,87.48499640248865,283.254011334984,224.99348811929858,81.72420994739694,201.35269186535305,8.069713237488243,111.04385013554007,19.23247659966127,24.02578860217094,94.30882545261912,24.79927922841186,83.85281317837483,1.6033085984305182,0.972539780970073,0.20093808349661355,2.7919188108029376,3.215375520346723,3.0530353100578753,1.1266237349884587,1.6553150695500614,1.81810598612315,1.7253224212758478,1.1844725341359768,0.1986047582517488,1.342547418850456,0.8704820032701499,12.397810916187384,33.23944813007169,24.981873253260655,33.06004104672473,41.11688236644382,36.94871312995469,65.1844618456269,48.585561054067384,50.80807742235793,96.75364761781313,68.58604714722493,16.050312793241428,32.744123345149845,57.74241470624808,99.01089137531827,68.33323448232849,82.23381345070713,17.617717306543085,28.888781915206525
106.28583713734685,268.3657553516544,273.4062992244897,288.1358490230681,225.9115393783473,278.1711069966293,183.53339916339894,196.76050797212946,189.81570282697515,228.68578990346614,0.1728425132916039,4.4168650437739325,6.713392579874343,5.55804216756186,9.209126751894024,8.170284296501903,9.72375033280188,4.006827792069717,202.4528502731124,431.69620027135767,145.9141485333177,124.69733995221645,78.4881139358123,266.79549878828516,58.57524882438267,10.862014116041058,14.20475227051567,79.65676773319672,42.63459797546139,60.92284082040485,117.18042913149253,0.3826503697553811,4.529802757969776,4.363408449522189,0.9752136624829832,4.436068911781226,2.903372826015112,4.6774938020295975,2.9670258337478645,0.9376575058406472,0.4157627472694724,0.36402070232868455,1.2278463757771891,1.442176416523451,0.5271437152278075,30.424463991182577,28.87811177977235,41.022788332652425,15.866495532545354,12.608006808048748,35.25015771535767,15.29937759784027,81.66050940616037,72.64615714036199,67.81656256207623,21.854908125078797,86.69346539457987,76.81972482230377,21.49044949379406,98.50156782726404,8.552109279298781,15.97549422179847,-3.0295046584454672,19.42816123619412
227.28208225275608,127.9544753252579,215.73508171447867,151.85935177315474,110.86640696458076,148.30736834033635,123.27169703289917,183.6779066756667,215.52261612742672,139.43659639361326,5.2302367486069565,7.511854534984809,1.8491549103454217,3.6594771307480345,4.75593260464659,9.790674550264523,6.2138174007752225,3.7874424952298726,12.143251318674576,229.2956953784744,243.18733030645043,211.81309803936134,295.8735632774608,458.25982812484057,11.633577727107534,60.12240694372428,91.88239290013053,33.08753883014024,80.69270194453718,89.40157321773594,11.599674579815435,0.7697780492582647,0.27674301477615987,3.7634915525925368,3.4104149218379063,1.009743325604528,4.98367378825652,2.1682397439852683,0.703276814907868,1.4751243400051575,1.811659825820636,0.6171783646254744,1.1720399694293862,1.4427292191546497,0.13669613442796633,29.63282829538766,17.094771096095645,42.008652815933964,9.768892904432116,33.27198041564245,47.76889523320409,47.2180044805993,57.247718370824515,34.9655340536834,98.48146628076182,65.49064082077359,12.357809563038868,17.321294971594813,27.097821395870504,58.631098499993726,87.01172048072718,94.41443847686166,21.09289013184178,14.197759883072209
162.87119621526534,259.05346237197807,187.7230838379181,185.93136254778702,249.72904682524,170.85426544344313,222.55916710730207,171.56224986711862,214.18141075042894,119.52200762179832,0.47153370956485097,8.296457049998594,5.844262468771503,1.3454431298259082,0.38706776892588535,8.814492555488702,9.816015646153273,4.611784558683999,144.1971916556318,459.3406388214727,240.67250861717412,360.8850397374416,492.6547764364287,486.9558059298074,26.43662261783277,88.1489595478415,6.093213278082147,108.9120433096888,19.27842145299824,94.0077685706947,20.980442635354432,0.23384309756507524,1.5488621723792868,1.1675993469661903,4.688892389934311,1.2379322387115619,1.3972071957594903,0.2199085776036985,2.3492059040223,1.6467843132377484,1.24339561237352,0.41886197883355614,0.8420405287764736,1.9331312477129639,0.550868168577812,31.71964043054583,17.51139578553687,36.38450231021754,6.252091218367197,5.202648110108296,36.35887341606552,9.436266781592305,13.259485472833465,74.88957995367868,43.439527607029135,4.214484981776778,38.46940730465684,38.1785780260938,62.13393099778738,3.3957262017466183,59.37458684465835,41.084061442751086,1.2116728697160866,18.625507195875212
201.71413823294057,140.3254640095489,245.0515320830273,274.54605009692034,163.51735905222333,121.06909689626664,287.69643164283093,218.75612638869046,166.48533843487303,133.36971564111553,5.735379099705335,7.735306432928462,9.049946365900137,5.934383284982507,6.929228606154743,2.8713795639498763,3.443784272609068,1.8527102664930732,302.8382066658244,239.25625768062648,200.32933840164992,63.62089836962987,57.16278578648555,138.4603161003117,69.45850441896691,50.22334345108434,115.28597101500351,16.442432639510805,63.310480790482984,95.23773778382092,56.91776729005642,1.4690984228669621,1.447844790571526,4.923860619612003,1.067214033264189,4.76490918829545,3.900624983174234,0.7026952443941713,4.993976325769136,1.0597136000324108,0.1603435986069116,0.3367486822769512,1.3002254263639033,0.7583478900886071,1.4298456721930022,8.364692186409808,20.211410277388037,12.736282315724944,2.9867265132591685,1.6490092187979895,34.89347877455855,60.20994855533104,17.18877495032278,43.84043341210082,89.78697888273601,30.369162300416118,33.42746462890308,3.0832772784410434,73.98617813639149,39.61475380448434,98.96028985770016,86.04502983763773,20.03736588453337,25.710816771018898
281.5132947852186,132.7311885731409,197.33378828494057,268.3867133583617,100.02693860089707,144.47226094963406,232.3555464943277,215.1186857280164,163.1066361326271,284.7462791753552,9.215631411397146,0.48424818333684094,3.269793557541542,5.298894432519333,4.870188810404955,1.1489635223060723,7.060013829743902,6.376607597418282,401.6403233203843,144.76972688095935,412.13093786652456,142.52986175208932,150.00839999723283,114.29687777035775,104.61172525554178,29.98184957812999,64.25436687294635,80.45860774116088,7.153983586948286,31.239243453767212,49.26113800169624,4.334618050904243,3.1355618883257192,2.516377845049954,1.2874181464276198,0.6848245237190915,2.9112098033661504,0.4043730519072312,0.8026073470541718,0.8582936848045498,1.30292601504157,1.614645853974996,1.899998868470615,1.7693218063140952,1.832019836578188,14.642607620685222,14.91135909022878,36.149253248798956,37.82811077356244,27.65935920993455,34.86309250860126,85.50940367528479,86.4141675834805,17.171461730673542,20.50842246663046,67.39718117261148,86.54556667389703,82.66266173496078,73.9659685195577,93.72932800508892,2.559150724950321,22.047959536778517,39.45094068491825,35.47733426283747
149.85844582977498,132.8531595861986,274.6846476163321,137.22028356925546,202.22582784744594,203.84491415604103,115.3606096628843,132.29156681284803,121.32472378731958,264.29425055523814,9.687349391954038,2.021874827415125,6.735514362839156,2.1096362359928524,1.3310186426798662,1.2111866127167275,2.3037760017582536,3.7051129091355945,75.36042237569718,79.49612605696069,231.070361806922,32.85159122617929,436.0349671035649,49.45311370984081,106.52265310667576,92.2954605605431,118.04688953120707,95.97485797572344,50.03421630597888,27.141504038233933,95.0145067560582,1.7038166066295486,0.6648125093686788,4.755816546319376,0.7535526316241393,0.9636211260864599,4.879643913356837,2.9484582571339844,4.7383375734006945,1.839357600368687,1.907654216895744,1.0419299944546743,0.4234842771720777,0.14143341877870289,0.27767482622035505,10.879099510756397,35.65694961486566,12.703690294908613,12.174228447692128,11.606802786881222,44.20688905458472,73.76389760195238,52.70291636874834,9.055839379895492,11.79043670107931,14.934906548990156,47.76935006942916,34.07187663070053,48.22434118708304,28.83065923760092,83.14983510982321,2.9028972204714787,28.78461768039844,25.67720910006788
182.07658460712594,262.91494404627645,280.1403728022517,260.5286619591421,109.37038170552063,221.55053661913053,170.93324099701658,194.3479675036878,173.35966412925367,170.81291247101882,5.451471486350349,5.412414341711366,1.9602455291043237,4.5735035420575505,2.22129091217157,2.983110853924934,2.685881695611738,8.538416957694233,64.16526856420032,11.835096408529559,305.78581700793404,221.85039178568445,45.4132860050661,285.28094780444764,13.043561165942597,95.19389105070354,11.669720834361469,45.815551641941326,13.606924469211584,72.85143385147504,23.47061304395843,0.6272222420162223,4.412914583080371,2.5300935692211266,3.6862410016957443,2.1085375096090577,4.14073788465828,0.9412412429184654,4.1230310626053885,0.5386217505773041,0.2504173009031879,1.2992992600126847,0.3287807284612657,0.6475856303142381,1.151192455607667,27.254928447393173,32.742241050034664,11.123105490719231,1.700520334141126,4.406145546485577,15.16371827733973,37.82915524292713,70.58367737667123,71.05871649073474,70.25200509124363,22.21990306424989,99.64464173481376,24.817291980837442,45.42969110094355,99.9268685196316,79.19630482545476,57.33440436228507,12.723569822685562,25.21048358021216
251.11022770860973,233.03944413924003,184.34418537469108,191.63737734757854,155.2339115641799,149.0704628332422,210.1326758881703,210.69435524196996,119.89893377459293,231.16415346547856,4.636227571996938,9.354738200393632,6.28547444731538,7.9897802897548935,0.738457736512878,6.180418867446939,5.167831000569278,7.589871334572381,461.8254002504425,270.75716764256947,448.80485898660476,415.44841063001047,439.18400346980616,16.666153770827453,53.197084922971264,111.10992315475222,72.10589811958002,114.72587912913806,59.64192571804149,90.22486673989526,117.25094559782119,3.2320124032357507,4.1444715282405555,2.364654187988742,2.03874190208406,2.9520255958892183,4.992640313818067,2.497802625006062,4.8613511082218865,0.5882431476663745,1.206666647892187,0.7293773692847925,0.16344208457505377,0.19244598579834998,1.4215093721724814,23.322751615876008,22.318493801046436,27.582833734411352,20.16489726617847,36.626501488313885,15.35455940509331,99.37937966371216,37.30625262330648,38.57147876028778,37.140833086263584,87.90932903583894,73.70547463031447,57.98932423754992,78.76451842312574,8.431752685655248,13.285251204003234,32.4666279072439,22.002365215657623,34.44559965548176
145.75963309832449,204.61308495382386,155.3655594470103,196.59377441707105,241.39529749114322,111.54643184502345,180.64155122665045,214.0573877462781,253.31918894241034,207.45513473360762,9.45566923306009,8.366072073015957,3.430858482993351,5.945218420768124,5.785506043114878,8.062771228362008,3.2642194425299054,6.144080324512385,378.0627002330655,62.506781494192474,434.454475200872,22.085207266025293,266.90013185362807,211.83016582886893,72.0457455455234,48.258987699573936,45.172609137229784,102.83402872739428,53.493389388082846,41.70104428643223,41.232575655005114,4.983038551154004,3.263808440229536,2.2512013003508806,0.32285123804305654,3.0230479226516755,2.945741722367607,1.8566096937211782,0.9060980154465598,0.7870785966255304,1.839409345452458,1.152020663527926,0.7912832848962725,1.3372875239160964,0.6251235601019103,16.849540010841128,20.19380645107224,34.1032949697861,24.389050489320777,25.14974212404993,37.19008358039437,66.29349764661367,53.24855829188415,91.27737679237703,31.76876027471016,67.43210994316084,85.09235754042857,70.49918837513754,19.303472511251705,56.811418100518715,33.53056350834067,98.44620049479494,32.618228739852775,37.395103351204966
115.3959819657586,171.7660968247005,218.47006571867246,126.69599448318876,112.53792432437317,178.20657382547972,266.72880209503444,142.02143858247035,293.25485954963716,235.4248526965128,6.768737336767281,8.441091632682836,2.1909617600207216,1.0594815379632492,6.258091844594891,9.002578039117491,1.7594534820217864,3.7056020042302094,298.9920043812584,201.94660417927733,446.30687985179094,340.90852813551135,210.05071922394868,45.95816815948419,21.913039023289492,63.21894946719259,102.00048667364287,38.88110446376389,56.10427806337644,17.041093039178477,54.326226390118336,1.1692957097643186,2.297485020643067,1.6810276279034215,4.376000457536498,1.4669602832411663,1.030674348149226,4.021343121949554,1.0754572673123877,1.7329849781440745,0.11842081983531166,0.5893811617950245,0.7414941064479454,0.29150170439007717,1.182804374423574,39.40773303898744,18.570037833305403,3.1260624126281895,8.87689642955628,39.915712042443296,11.820904288931306,81.5248434442479,97.71031403876917,54.025505857394975,67.1280577997658,49.89187102566738,9.86722660266749,81.28960371829432,15.220244752845923,51.544936017469425,88.47962030441727,10.445345471538293,16.685251108756226,25.060465135653175
157.9502905827536,275.44010816262164,282.47266912333816,116.12030275142493,267.86769847120047,146.84067418526683,262.9342009419978,248.45427845045737,294.0148913333414,236.53423049255187,0.7425028674302536,3.101761118220782,3.200502301965988,5.525412822568437,5.106848753718899,6.275158505255404,2.7025189496943276,2.178325133567496,386.90152709800475,298.7431630061725,142.30244826785685,466.9229785117324,161.74347653221338,208.56063363537365,93.02470492564875,46.759770927298284,46.54061455194292,5.867225662339848,10.213099735519318,87.42583403465892,36.595678730602636,1.4050593167991416,4.665450650288971,2.6731704709109927,2.7927828044658076,4.6038633507722375,2.5233983081167217,1.6092432899541578,0.09416723685694482,1.8836977020048442,1.2987345602850642,0.6852689223636461,0.9185574075014233,1.706843040938888,1.4589720094109684,5.151700348214948,14.53168190891655,3.471118755668118,2.6803926400462137,33.365239864187565,45.64499020532451,66.96973872917327,32.97030369681381,34.84324182207026,33.34840417694881,21.08933921274523,25.310225526489592,34.77849454990679,66.46950660295097,25.535291336770005,51.845429507225425,4.730286600352174,3.954096476071664,24.51702120166885
132.2442574508009,178.4890214845271,142.1324378011333,245.58786139475305,100.76398453171662,143.9107846459604,222.3662040206443,105.03981896421392,273.01421987507877,225.7468030119986,4.710683218908225,4.351534181079155,1.8705265782272138,7.05710916296691,8.189311116725888,0.15574999620573193,0.45390910521205996,7.7839034546456665,220.13863704025283,145.08608948232313,27.141419270950788,126.09465214047931,155.58740748264253,29.56677274014854,90.58705472028247,34.564409512907346,34.95607159159515,39.115575253577,46.58587924741072,39.465250608700515,71.62681599255293,4.859516800861135,4.155425308055574,2.2682477631233535,1.6621605170817755,4.576348538963235,3.558444558912367,2.296744757160073,3.6262620464488715,0.5181286580342376,1.002314354478829,1.3392520942967927,1.056289058673803,1.3285241992014936,1.691666561957216,48.757386093404286,4.741984826274439,39.316448997431095,9.86171141335441,36.62534452581676,26.97169539180086,98.94162910871266,67.47885275082744,34.89909269897231,57.25581722485214,34.14096565822581,13.544619557182823,81.23008501490696,40.95069343892553,94.86071306451,40.1281487467239,4.501781855313325,22.18278834514254,29.45460095000573
285.9395304685146,263.31988789431546,224.59331671269655,199.29223047105995,149.36477384038045,291.97256054269104,174.69158902654107,170.96637110863253,220.15842986792381,153.22027370746173,2.4784256827966087,4.75998887842778,9.02896946759504,7.947763717229439,8.623987330949335,1.9445360875334818,7.073793852627118,4.915450080011756,381.643316181472,95.85990325939648,137.92273194871132,349.8810719565476,159.8432654002446,419.25645769829674,108.88421657628139,91.36879057682499,103.61860961649002,37.35070410413539,91.9956426464904,24.131713295848012,11.742300548597154,0.9020936748769308,2.501582588925412,0.19336691435153516,1.7264750505448738,1.9664195847313386,3.8740583270461246,3.6092148875031507,3.224032520246566,1.741353280499366,0.7592797054323601,0.3856652392465375,1.5398655886578638,0.15474926200185082,0.9597497165579636,6.268931851858277,13.776131933363777,43.04511392279125,34.11558671091043,15.714348774147041,15.356183940595171,82.1359767217773,17.250555719522975,13.143786445264915,29.945510626130435,57.43304982873592,46.36219724005597,46.48810003714582,70.99984605701809,61.917120999731026,90.54964322508418,21.687369522379452,13.73677950881968,27.13108133209349
261.6240759128834,187.82698171404368,226.3120440185041,187.3701405230359,248.1808112304143,223.26009718514482,151.0672747526488,256.04252970712673,240.173139448776,107.80128415256362,4.751062782341947,1.6579786751641132,4.032150174539575,6.328264028479241,6.194681527162953,1.0872894181483428,4.97195490515003,2.3250253779558396,192.1834657245225,389.6135950785774,146.56659935414723,487.79993153909817,443.55350967049594,112.77210702989728,5.975891389595947,44.059962176949874,48.085105540125014,107.34592986260454,47.42515293566631,21.98820576567014,22.21291314060161,2.5609581966212276,3.512348038727013,1.3095718147832776,1.4583535887526249,2.1771159294571825,0.012544845189558406,2.17242252258389,0.8985465372404132,0.5905856229902816,1.2923193308962144,1.2727215324181775,0.8450154418692848,1.4580769943257836,1.5209287159460252,38.76700522213429,16.39946676030672,30.419825358923752,4.571062023934717,13.5321533713202,38.91694651965413,51.94232178954405,12.17398852603333,59.37891535891566,78.37575882112515,15.531259390466845,71.82874881619098,10.114226754522493,25.660022346323597,23.022828344467616,9.334452447706143,57.919111636533835,22.275857761576518,27.574737470477643
226.68075130208467,175.3888858849815,246.6226044830562,245.90164573047934,163.25402994586136,211.3756886344192,121.17486364262587,212.77858421108047,157.04116053608283,191.11335639802178,4.609109162862981,0.40757448942011754,2.5282651192462366,1.611315828953759,0.2262891491035624,3.6969123081331996,1.0330063574048036,2.0322286888960615,129.60634052137516,473.92767441799407,455.58656009523435,481.51624947470697,364.6596627856449,170.87126807537686,29.918688058735306,54.237185829120484,6.935831783964569,116.21893549929597,87.24477455010178,41.21459796557237,90.76673589315328,1.2058641437503135,2.838980461376626,1.0734827725267364,2.2828460602392826,3.51546061295132,2.5300851716264474,3.9681455247058133,3.9578133780549387,1.9442183688247874,0.20013397971609215,1.7192461512039419,0.7281649077863437,1.737866399788226,0.6733876463057143,18.727394363461176,27.610358310134494,21.726986480490854,27.974333012571194,30.24330715871543,15.959871178827155,36.68795628375898,78.36401112590298,58.21671354103222,31.23883404953154,48.17440798981889,16.90635682030002,84.63074827157793,32.48718810667669,38.404819783833624,47.31227829022564,50.55633736446917,18.770848796453528,22.668293510803135
274.29211803754356,192.53595713392127,126.31353702545196,253.10257979822194,120.3784776132027,183.15502070466437,170.9795366973108,152.23248650217204,226.15408403452415,278.19477693814076,5.863233547865946,9.474338704659116,4.539237626057735,7.130715339242591,6.982773591902583,5.063374836974084,1.7997705319720632,1.7374689545634545,367.2165764335546,59.21580475236334,328.1289390906056,125.11530458428021,338.1642738372638,436.32351833713204,100.126472138212,51.4224706267632,49.883246596523385,13.100598386579941,47.49005321787932,73.15797758008073,26.44756709155245,4.6624359705272065,2.94383176955744,4.338503655582122,1.6918380255558434,3.318349523030515,1.1838205540535265,3.3118049376209577,1.5029855755973098,1.2350749947650064,1.5308197879460603,0.3288041297434612,1.6710697584932912,1.3561299145580838,0.5047888188671014,43.33048034202438,38.802531199363465,42.3431657401597,7.74739340145425,10.404065949705176,48.18227669505765,68.21548291488423,84.41082099871656,79.99936919364934,53.499414449622016,40.89743941380224,13.016854456973881,54.763478210461436,89.66776491853906,72.12294268820627,65.23740979753524,35.00758048335615,31.768200651142006,35.276521955058605
260.7344153798229,160.27557483282843,243.16499293641772,131.78163353387072,172.0467837600856,185.78886668602885,182.6345034415439,238.99062386860953,191.1299098879755,213.8994517037152,3.6320278544575872,2.483054598068717,3.2733080513843062,6.805684276207012,4.23819224751148,0.5296320679277524,1.1150919273151758,7.79389584243539,215.6394231570615,86.23925894865386,50.03494020509209,59.16221607391366,401.3870829864804,375.67037005278047,82.11670584509757,86.95604094937578,80.27006093625832,59.19890528133142,53.67253577137144,46.21625744978891,32.084161929016226,4.907789862735707,1.6615705864929817,2.998361186361939,2.744252057312341,1.9176621046552023,4.375810047941394,2.0585402785941125,0.6836278909598695,0.11346428815002656,0.1085110061474445,1.80517643308296,1.714613674241947,0.15799601027656116,0.4558961175722681,4.171412464816022,20.08725616928457,36.57644312237884,10.186614092230759,40.86289972378504,49.157965881386744,59.022180880700894,66.83116953494155,20.11969624670761,2.317608369701174,47.66873414276183,61.46087487804404,60.24695719473855,42.165652682158814,29.76967126963136,60.85414390150126,8.879310741690926,27.221184316179816,30.338473474009536
137.31401177720716,249.52187603525022,281.8065041331282,222.04502989552827,154.07865727690512,208.18100076761618,235.1645850208147,213.47818883121468,196.4034679553865,266.47820834038157,1.726277449613688,2.47549414686395,7.469750612751927,0.34182614111226894,5.699019083941231,3.5499319603769877,6.164668801931177,2.366973134473086,490.87478111983546,480.40620205383215,76.33551204543956,82.65844356899882,135.98618487203106,117.32879720460865,107.85483317532643,110.54649700272817,34.25134696273391,68.05817983092652,69.8475929753656,7.376112933244633,96.19295710835634,4.075342252138877,2.315802177078235,3.8207786712441396,3.869851088833758,2.077078815089807,0.7729981658106405,2.5248698091749495,2.118587698446547,0.164846817735238,0.6831779132054692,0.2509467925679005,0.542255332157371,1.7300471420747725,0.7818581904688797,19.048724654520722,47.265466839678545,29.189912822347793,19.957355221701583,26.38454836422481,33.50641397732671,62.93505910275453,15.819583754447509,29.07896424758274,79.17307833583928,10.556082128029942,23.031275376342396,93.74912696947354,59.09534697203844,87.96062020611811,26.427645440889147,23.37370947943188,12.067994966876064,31.100908706571825
278.51179969799557,200.54407801849584,135.93662177404838,127.07081645553711,268.542380432111,239.28596140722144,231.63196485951468,259.24872189127746,251.5553120750316,298.3248685922456,5.086822402440567,0.9254526323107194,9.715077127666394,4.176301909143407,6.525897959986955,1.8738787787906936,1.0326825997636886,5.313758408899455,181.2477393309695,28.514268688000676,86.28130151556795,353.99747755624963,312.8409779200603,45.23071514217307,11.57566027098065,81.67694705034839,54.678573128893085,15.68484105291588,114.32842273281449,16.144469987948273,15.729635511084163,1.5807712409059247,0.39982593964082364,4.78456192836891,3.3755618043874236,1.7467143276734796,3.335616685378419,4.836345244652545,0.46393954365001183,0.3802206085289461,1.0575214116008889,0.7629275312161586,0.6978764631514858,1.4916814345746665,0.16817139539881318,17.104448621761698,41.45382319033754,16.327977536463788,5.490854134659702,11.736001651214169,6.124877542636348,34.30117662837569,24.05879656425386,9.72379690955817,62.03377748219761,10.649708704502858,47.9325071753741,55.91514849392553,10.668219411830949,16.56738979576241,56.331290453433645,18.414706478471686,20.4079785774384,25.857894369870127
207.86844838313016,146.44253902936345,147.50866498477552,250.27501720580915,162.66958351702863,240.4292192363659,114.02162792825139,247.00503723796467,156.38367111945033,132.72324082765525,8.319008555023045,9.292226744243408,4.436533201306704,3.3962074449274957,3.56734248183806,6.5059946459628515,7.567395097048639,4.570308973633258,461.6464360602223,489.03984490973136,318.90665660277233,365.621848972105,235.43245708939597,360.68015065911635,73.65085605739093,59.23199855083675,11.522240902455934,48.412236550815095,17.518951364365343,38.407873427841196,55.3094896186467,2.02340250164972,1.7931699714063165,3.223755969906786,1.4793398948430445,1.1845711846970064,1.337650329721375,3.3114413675768777,1.3235858448035007,0.45638899985563774,0.8163422760764482,1.2599676989521897,1.6677211047291678,0.8190574937195699,0.6376844915639744,49.661273392164,49.247691470245385,10.300755552012404,9.073573387719536,31.44582750033047,13.52883807169798,42.87284205705545,91.11757080951116,29.534220226890675,19.223706699289565,96.41109527463213,5.111772772771772,0.5583530677989001,17.882917219275875,26.450508986484866,70.85617642859818,74.56668371560484,26.89079765100255,31.43098207653009
261.4880310328125,279.9149146549137,294.2790188083279,231.3910312534279,257.78649435520146,134.33878154108993,179.05186308623155,222.02158440724693,163.60792233890396,238.35552782839648,6.673721057869263,5.8393974379037425,8.62423065972518,6.7271794361110695,9.179275201200763,4.696296456310966,0.3030581012718726,5.838147902360011,467.151648797869,12.275796711644498,370.3528724984315,340.3759151978175,393.3964012480948,201.44424983717357,70.44035611277253,94.60858819497159,72.63067102410508,41.464478000189324,8.785083396034974,80.86601544691557,7.652289504681104,1.2191053614954426,3.482184291657138,4.913223857109674,2.6484176475834986,2.296110430991457,1.7891452946392186,4.525926177601901,1.8629534585524574,1.5584763333705336,0.6842042768906067,1.16288804422522,0.2508756641657532,0.7243974907994549,1.3392233664421336,49.28467524703647,43.87205053155335,21.224315443940025,17.77314436684203,47.27926888663907,26.01313962969474,55.80965748906498,28.87040487997563,42.81021157544007,21.537337609102515,97.93677337247686,68.06128120674649,87.06158410031026,3.588772882264424,14.48986133661,58.48854073266983,77.99463830013141,20.21708579525205,33.942156341457796
279.21825998469865,176.77824427464228,136.19539054189795,291.3229242166916,278.3744289621469,200.02255041532538,136.3557734434724,197.6355350621628,284.9283582257273,234.85871474000493,3.449841872659637,6.703664885541003,5.702044428240233,2.2397445418781152,1.4263511808228342,5.003644704645697,2.5688203011593322,8.783833513674823,128.5079440617256,438.09764126915235,431.2255161770441,174.67840999369665,161.5354941319099,385.3791995679284,9.102557881461223,78.71170227404582,91.97391624394528,66.64648074761504,74.91507613815519,16.32923344888139,44.88285092155894,4.4548822553748675,4.76654799222587,1.565702617744127,4.202229537962132,3.4353063181936765,4.703390711176656,0.9020049323206112,4.2608022308256075,0.5232551651922048,1.6785867763893827,0.28314303773942356,0.7191088827424019,1.011658344674136,1.3310461896042598,9.895295953986206,31.02793449081427,14.697717510030472,16.81861577216916,4.563688966243318,42.64664877985009,83.92834019218431,81.88605161971175,96.40284059539837,26.249291850482205,42.616465791181824,54.13163816420536,28.475108032345997,42.43708117616666,10.41788387594983,68.44622259773223,77.70140130618198,28.14273193939861,30.100294282994078
163.60069499437276,208.71057222279774,270.8770186739158,113.79160327128423,186.76348391530593,182.3916190068204,131.36254106336114,126.63642513350467,111.24485897019446,295.9910894716557,9.361677925312687,9.12461118390422,1.6566330844329116,5.949632037445159,6.74796689208227,4.334148701531265,8.91760009132988,8.690699161809134,401.12837897812653,160.58933868399725,470.9119098950591,93.19070048147985,325.1575222662489,228.19443846385312,64.05503884493561,11.970191068548552,52.53094456112768,81.03695346917287,114.14616522676903,69.47553815257841,85.38286130023677,4.573645805663909,4.815689922687471,0.9394732397413403,0.3503491113662001,3.712413859518322,1.2098361457863167,2.421348419663308,3.964818219053175,1.9413690780947337,1.876181891116627,1.617935018793121,0.9518652033776362,1.7474933267819548,0.23975223233383336,31.682374554567776,30.124724746927583,17.293300092855816,37.588938540948725,5.912587762018396,9.651881598630418,76.29089177629031,28.59372889104016,65.30660028749134,57.653010459556185,78.89954536508374,64.74228989586328,50.17669207840038,98.89200044950239,30.03154234639268,25.607873938879045,96.90405444141487,34.074544357877826,38.10035905267901
122.01038490553535,281.2944221929094,198.45557128960695,111.41094423025086,281.9886287708784,274.10539325387685,265.46042994744914,152.26660357707675,197.12685968266808,297.12014679056006,9.130854955366903,3.5216396721178165,6.937165146605281,9.140739021960306,0.14315984157014625,9.564595133817013,7.213460049410235,4.56565311106611,222.2065075208369,469.9085405068753,108.83523311935647,294.572935056604,442.2840817904836,179.54118235641545,75.09483580064129,16.001312438166792,53.32675277216791,85.90078770710515,118.8181602437922,18.78687514476049,15.361877167481255,2.1001646046077753,2.7830571169332092,2.022516341084628,0.40070336226465475,3.8965795047972533,0.48406378149642404,4.544221732526802,2.219343885895585,1.3086129086855827,1.7600541013211886,1.9489912569759802,0.4554360688810849,0.5789127685521592,0.6460896724531782,27.00821128559154,6.911543274333743,26.023737237945607,4.201724103758006,42.270037769735325,5.66797122118965,11.865587050279036,93.94625693234346,78.28739297791955,54.8316333093023,65.57914269230768,27.540638005974603,20.488660256142023,87.3873152651466,99.91787463354405,83.28489502717827,88.42379463340319,21.33027258189707,31.626598043874704
145.58703250838835,224.84759918279843,149.4462148806354,156.43741493864002,175.46361079263858,226.28378424367529,108.3830433432515,183.81989458341707,282.56016008157235,237.33572234482588,2.172549153902578,6.252922380267033,5.183001521545619,7.998243484865216,9.25404594351129,2.2258777387034763,0.8223864959643085,0.25212588227376076,459.58711634287056,165.3031914314369,161.78851751478405,247.00341842135458,207.05373333551506,231.0906500240743,26.99871503324233,9.360448568467833,15.15248733726539,20.726827715539567,60.67888845008021,29.33576264517887,107.1584820795574,3.2861000188159792,3.0370450365298143,2.359289080529682,2.7852886395682694,1.8799127471310761,0.35573165820668695,1.619834186592674,3.6256295381844135,1.4157832675816837,1.0926194947949994,0.44433374944916315,0.4418369735603266,0.29183124135828215,1.1821595628880512,8.141487816416568,36.2587628201326,8.870150869104684,43.092311415484,5.9248918410602425,4.186635417857261,24.55542500193918,91.4452912837003,32.55098852204902,27.38637196418894,11.691685461838897,27.860297536153112,29.698356845497344,63.2908914940507,9.43294132616681,44.96895369849698,49.78047471785049,13.69612524015881,29.262478761607124
185.42155772525126,123.37960814167282,274.1499802545023,152.3411367471812,292.81568329802167,206.50081328319635,183.83657518042426,219.85985740127774,222.0726015636314,148.72295839643886,0.49023409269159346,0.48411460181598587,6.541004580195824,9.222431588543651,1.213790919057106,5.214976172454356,8.22914843440328,4.321793676571601,230.56089359126702,330.61009755168743,127.75821156496703,367.1287320899287,42.64482281005611,376.7939029786316,36.432902059336236,57.53387751372678,28.223199418877996,98.48898572363146,58.82938642478632,24.801680668912716,109.59238993818235,0.8361103670757224,0.9367487156498279,4.477854098834399,3.199184490665118,3.8255336114820184,2.528029399396316,4.838644348750639,2.8475616845332348,0.5138513866418942,1.7799119328676176,1.8007488426493794,0.9072379102257045,1.742809108625995,0.7052490612558954,8.805095452168942,30.210239450837232,40.40574566365436,40.903492451603015,2.4490807829728958,25.59489433682232,2.6657724933027427,4.326317362878795,14.451281280809647,69.40622919770037,29.667865733469778,80.13605330907582,68.66488480670338,86.10964919574661,21.30021918472883,98.72238441045688,41.49360209091652,7.215927676180552,17.19677851984391
263.60295318449863,287.966424722695,189.0610510005331,149.39575981439998,117.8579049051146,123.07892843578347,133.64073115330365,202.74157104306096,209.28141484242641,259.71116762611985,7.438956212672546,1.9490480294881805,8.907905384459482,9.787209072633631,1.039353878460989,7.386571946816826,4.981047703248027,6.10131602049899,374.7088214953094,49.215959185308954,185.7931680584075,226.2664385559545,262.86490294747847,452.0879404047833,78.63994482423976,99.97314494898096,22.787659859709958,83.03233342593728,79.17083363569756,12.731293090643206,17.073893139390535,2.180330142813411,3.4795874593867184,2.804102790793015,1.0649509487217614,0.04251641530245762,3.212140296598597,0.4944166774635506,1.7108008568395598,1.7961419967806609,1.849636973844933,1.157937940012326,1.5335912769962259,0.14995071287337358,0.8941772459588596,49.46796055973795,25.59313911810124,7.703708354880988,38.41658616475095,17.72256376180041,44.29269799493794,0.7960567965591414,77.04139868674086,25.67199419133298,88.90411659337312,31.365140864452044,71.85623129848263,42.957335103791394,59.41693563524231,27.161679907800206,2.328532066693756,91.57685177094618,25.453878531998825,35.810695413266785
272.1461166512687,225.54161061428357,202.96347078593806,281.25091610420736,237.40385330064854,221.12757786468228,275.8660431356948,157.6369051919059,149.94883584587103,121.40582684220762,8.293341587356617,8.32933347039043,4.460302249494856,0.20563425736101137,3.396775567217218,5.61275969003217,8.48315196897141,5.621871115070811,238.81403049026096,128.7416076123321,458.1859026376372,175.9334503963695,179.52651902544272,34.38592632840201,58.854608973995205,41.00456447540549,60.39409339607686,107.24361542587275,68.89799707857154,82.20292899945788,118.93423018321432,3.161180542300753,0.3625873754451874,1.467983187095905,3.728648432190675,2.390479189207242,1.6431952814187272,4.514329139672434,3.6321129740414713,1.3688476883578697,0.8775529543901778,1.8782741653661221,1.6964426611404921,1.8308943422637227,1.4543404385199517,22.91013468423617,34.817700191585786,24.309185151337143,15.813931941925059,23.601941303619082,2.5967825108726714,22.437546928024176,16.946176023440707,25.646769099932108,4.351547765353847,59.57744348592239,57.97286511986146,62.71306305813871,36.87688803341377,61.912968447220386,38.031537124764334,61.12252520481467,33.13149098789094,34.38705831069269
101.39042610623814,166.98112293141722,171.84667387995313,149.90923996990122,198.76280809138575,123.44078113604668,211.40810265500704,101.2928715579421,168.65509781288966,256.13986083432576,9.681859202918417,7.6910067277495235,9.02165846985182,6.265138636137028,3.7983062317868983,9.29730676859633,6.047323767058894,6.548227447422034,121.62237029929953,389.10287977483284,291.80515780028713,153.80450290591705,339.39043646811575,266.81465520120804,103.67157062035758,49.17842105563539,65.86438720933626,56.67364683507492,77.92012662562358,58.29140794939397,39.21589864048123,1.9331615614049178,1.4305815721392283,3.715745071508929,3.2348542514332297,3.971582956662127,3.454396111547473,2.231608489108635,3.4206607807872262,1.7423706862495414,0.6385471330603463,0.43456332099184614,1.9605466758187293,0.6809158691726612,0.11760697596759709,6.727163954003639,22.48036822048069,37.425581234981614,41.232648384268984,28.687499616189143,11.009915932679963,79.93209480093296,21.52716259063815,58.31153282934272,41.71966378226814,57.997671231447,62.81434757820805,82.3575691312951,17.35464011011153,74.53456964078525,18.047505230511085,29.439866702559524,25.03801568693143,26.003996511320175
202.14946051551314,127.85441453267745,218.59017028698548,154.3899452257262,177.52976109112942,167.4413151131504,146.27612727536962,199.2478443801628,270.4096831609386,282.03922482893927,8.909380301474275,3.5713626454257543,7.531623241388384,4.187110037813174,2.2215707159964984,3.8418867208487133,6.850147017125301,1.6253497514835267,107.68156318289628,269.05606830262167,371.7140296890046,113.6204568243758,476.006133126817,26.08936025110002,44.37390309105666,109.58986746230742,114.1281150976899,107.79732271305203,105.50993393685783,100.57114570319389,14.671692180134695,1.794421633175435,3.3451331029543567,2.5341013663239638,4.6172134484990695,3.153923156000353,0.31455825568045664,0.37798338405439175,3.099281266546074,1.9173140847393313,0.2867038910453086,1.6048406470409067,0.24056969517426618,1.0656231332077086,0.6251477337680179,11.132106917593088,26.431053289210166,24.508525030635013,9.548702974319399,25.611361511930365,34.816222284055335,90.47476581743871,45.98452123314758,34.14711324550287,59.35201185448099,92.35086937027556,9.404417950110544,34.082202218634514,65.30487417602242,75.19336748540456,55.56095269940534,56.44640277151674,29.472908813275307,25.18191321032105
183.4822006297558,258.8050378540592,132.70477451700455,251.87965248359274,226.54237574972018,128.56839296286637,200.4854574332753,157.12519771244862,211.84362635369163,176.56667895368705,6.045294205243507,3.830425214964704,4.937188766192049,8.612559454317704,5.892704443178534,4.6903904771544624,9.935665447917511,6.500697477929252,218.46128518560934,464.7048402756519,250.15842570212317,140.2157243314641,247.94807581845504,239.52067706193577,35.66586071464313,101.2438962114153,13.421622991881899,104.56402407094868,90.82520949107507,16.37244659796645,5.582718167185162,0.014984971412043906,1.5584475564020117,0.8190384069230991,0.8530814672740983,2.3755749895309934,4.288099878165156,4.398812747004576,3.0935980500058204,0.3387178565082332,1.0102746499935351,0.21358499334612915,0.5116961821773861,0.35136149702923325,0.3705072631915317,13.783229328803207,20.21843908776119,18.37059214763762,6.658255689823898,45.702635851576616,41.38024003961391,39.17683658985981,57.63181497494501,85.73988643332788,58.64352035369994,79.00363139762739,85.61713044512535,56.8340038326041,19.305127639074538,0.8635981938831194,24.32050943736127,99.21494226961262,10.693873532661351,26.404152947525436
144.42156209414605,224.01455118570271,178.21630733035215,189.947968490108,240.77141832686624,238.41472940487378,246.29727194062318,246.92166014210702,202.94843875135598,226.12705899661609,5.34751815820257,5.382188892180436,6.07189914301384,2.592965549890404,4.484849570615439,0.9763709206258113,2.40012190464778,1.9082510255633451,380.1923819369653,220.0881900872636,24.14037753470102,56.466915033609666,238.43321277621158,443.7885862574812,118.25958313965691,81.4805329239944,73.98481691283042,55.417073221316,62.14090004398149,21.644287333878307,51.9801330128442,4.023424384247799,0.25873590183112705,2.8883307400803484,3.759357584136473,3.2267636129656823,4.084670376598797,1.2671816599214762,3.418080141711614,0.2835157375109968,1.8979641488330385,1.7780732489251803,1.5375967005299758,1.814284441815702,0.3424574472525343,25.790404534271655,36.00985922184915,24.007119638226172,2.725338507729624,38.54907096938605,40.466276700308896,56.31985966066786,32.5799718970492,98.8544519236498,1.953534698951076,85.68476646029737,76.99070330116626,77.75878933731363,41.74284172000602,65.18504587994653,73.74779465674818,84.94700601523623,20.912554074715157,32.951981010814904
123.97307346673657,206.69221839526432,293.8824644670575,255.34211139103624,100.87265393006182,141.25042276723053,291.6236017838868,104.7892530540967,119.91594270800579,186.02854641936526,0.3756264074996043,0.10238594638283205,3.3232532119382134,9.812191942239254,0.4383383315067655,6.129091199414092,6.277061190137744,7.530187408897815,306.48502773857575,436.2080592488223,41.45578813892902,179.95993535515586,330.7465520938155,187.17923054595173,109.7806135649596,35.6824349406089,65.54733064274775,48.83148125869254,58.1144127850195,40.24263910530182,77.42814835620354,4.447794683987027,4.161033342661309,4.5578587386683465,0.4273790220105025,4.535660555711833,4.9276263942465075,0.12102812622117376,1.928882108086266,1.6264748705203078,1.165724303333705,1.380902902179304,1.1271375415057576,1.524688824430369,1.9221764112497692,17.10963241056231,43.89224304212046,42.50919959426995,46.99586296877601,49.19860766515468,39.360868837356385,70.60526019553808,57.53833655542092,34.329840526344846,21.056606584860504,89.12286136110093,59.04915338234476,71.51231927693746,82.58018421552632,63.0736879367103,88.18658623375187,28.127971605954162,13.785089807416792,24.2892579621737
167.5230342807256,278.77851661019156,151.6266865402255,113.07323151287704,133.39061774943974,178.3718746376052,144.0892008490838,216.96556226115817,103.20563129102463,187.55301099762568,2.541898823763301,2.488318926776476,9.837613267413865,6.175708898483098,3.2645554163274766,2.95329848763625,4.657181761568244,3.456967371300532,347.4283520512662,229.98816436433637,273.582285321264,27.919208057849517,60.71377676084816,466.9007063295152,8.334165674882684,18.459770509171,64.36680626262034,112.27338172157953,78.55420107900834,93.07458849796294,43.200613738881025,4.8476230124337025,1.5585467356014697,4.214686861204342,2.8308091234943085,2.836245185044935,4.683159854700208,0.6876774567902696,4.3466883171878345,1.7456395122789237,1.368367993393726,0.8034840894526171,0.7225915705285946,1.855895614555265,0.8154646299685937,23.023083401551087,42.121824487063826,49.5263690650559,15.746539436411046,24.084543449653456,6.925090140260329,95.29366992517265,17.06583713411366,70.50602736870107,6.183072131212153,80.12766725549804,91.85951311009072,53.98434359818509,12.92293025617285,51.76546818898772,21.08843535821109,95.2954425917217,18.41630086574242,33.77802093512485
288.5819407825038,257.7194422449062,231.34733290825844,197.51423873467687,242.60921012686373,279.1349555237557,277.236354425869,288.2948475012131,292.7370377374098,162.074177821624,4.650186042155972,2.161494905221323,6.70677651419892,7.956020282065427,8.123285844374388,1.6870594912041317,0.4905743339346452,7.1279647904763905,148.33991185865182,489.8316565639728,362.2066270618126,101.34278511150013,134.21803257325718,318.9981511087986,93.63379076025508,6.8467646082130775,105.41331804902504,87.24394447192033,57.40622270833421,40.162264662905365,101.22249702958162,3.5991642114953852,0.32489507204480533,2.938181763450302,2.7639567461007375,4.00093309538593,1.7874238479554512,3.2989825620798103,0.8199161490273396,1.2091466996681728,0.3144792551345104,0.4618869646459153,0.49062035636976276,1.3981351971245086,1.1014683113283157,8.741727779517454,39.408250966448705,31.74159281982706,45.92208506880634,4.674315687039357,20.163260318054466,91.29322372974316,2.2337654381037075,65.74865819203688,56.89650725499341,33.28812610571077,16.86379076993998,38.33835107273551,12.90214190567951,37.92085614037591,16.06776183017984,98.14621114791159,24.766176546167888,32.433317563485765
164.64058640415107,130.33497594655023,165.03801284493898,106.72272003665653,233.27708271564128,140.86327667979407,286.86082283349805,134.8818534222999,175.39723345736832,252.4259240900649,6.322188610827322,2.5797811728226585,0.534083839716636,0.9474355729454064,6.928045195132499,5.49085979975463,0.24325935087836384,0.5738694291704602,245.9033195192267,480.3188468854496,115.51195848907844,375.91751786352023,460.29986949519525,467.7361184585731,17.688498989898342,17.3062273495084,28.636924129980944,111.7482148403787,57.64462539554858,51.968151362349644,87.40972168998076,2.748473638725724,0.3831929408692973,1.891645037686091,1.9480413727872359,4.903906198873736,2.00238416623773,4.889279330799592,4.420588461563379,0.795401040725989,0.37268736187028684,1.6514128872776892,0.6329073481206512,0.4509181758104196,1.494261585432302,16.673070184081556,1.1824913749552703,39.77548011111069,13.99437129520682,47.798766825672296,49.24486081017145,5.719230338137993,57.122438836176315,19.44624877322815,64.53898876694672,21.501297133450002,68.66573860341668,40.75019812330175,22.440241559159734,79.74441974612299,87.53571857284786,23.116695941541522,23.159741047001912,25.414837362245077
203.75812434867322,162.34441355910965,254.69462513732012,112.5306406910709,293.20950102573545,201.56101279175584,283.2841089064133,194.32989815011908,220.64261241990084,287.235312833301,5.616793149852265,8.07846784108107,3.333556866905287,1.916233059112764,7.276221450440817,5.369871607461115,1.280362920396801,4.137814253350042,31.753679834970228,171.27698572247937,363.73569125622896,169.4798044515451,338.27188054824546,381.01164645213464,8.160797405377659,38.64859101675342,9.688926549257719,96.6520995730185,6.875178705448054,39.68441012417392,45.268576176323755,1.3537297538454598,1.2662764059558806,0.4440239678104137,4.22441002686615,3.530785328357078,3.732364588916515,0.5661960765217489,1.717986396729652,1.3399963085429252,0.9824991977233778,1.246158510650142,0.9156490055718086,0.6857073056738736,0.19015020223409534,3.9806713395288247,45.63808296193424,1.217189964884789,45.4245149871493,0.7036014986603192,49.44993479361036,24.81658432092808,51.741525996231886,91.8008594820634,15.974216342347757,57.17673380210469,96.29817776521608,43.31352119962656,55.191730712229905,34.38807954333522,36.127191508850565,89.55921185013412,20.42214338588576,21.065590965773865
240.60379177903556,149.69782796289314,126.17473214366996,281.2874906688822,252.2075580501566,183.8543322332044,227.082871372382,118.28439836342764,115.943014637457,288.15017184689225,7.452096297848736,2.8687711798097877,6.270812894214669,7.608196363038611,7.011357548426883,0.8511292481180708,6.526008231331626,7.079841770406994,410.59088381947913,444.1025985042336,407.2262290069211,337.4361383188985,16.587581551873964,60.68323165789352,36.47498433613012,68.455857311642,82.31122337793214,75.06920551851265,25.01737580184047,14.225793557118447,89.44561165998954,4.996504385057857,0.898299576635416,2.3535481274248027,0.03180951748220105,2.870895561806427,0.6790730320553662,2.315120760142562,0.6339077618870265,0.6807617379256689,1.907403118069079,0.7847901206012026,0.43658731706146225,1.0250122926965994,0.5579430132596268,44.54065853705451,14.106348175808,44.07803827146635,45.24448811588137,38.9167526850329,30.320155901732303,4.9144543955177085,68.9653964075925,19.944258718840125,33.30111193420726,68.95683164533187,31.000896456992088,34.88455289461518,25.172347825991302,23.001227210660126,43.458363495902994,88.3202717698832,34.555238689257436,36.81305323650155
172.7259204758588,248.7892585145354,293.96420901570895,127.84907422351904,290.15454154626764,103.62480820914595,225.96413088694152,225.13638245227054,236.6228571446093,134.95625697498676,2.8696926157817044,1.996061088296467,0.657699450212474,0.3176665681893037,3.1786329116920298,7.01233298959528,5.714914570342582,2.346018111681792,495.0471594975386,425.3295733656681,211.8297643974345,361.2732460426659,110.26648155391973,123.26417010571177,35.97477609202699,12.360009516524492,44.69310837563771,18.32306935543292,61.1790685995116,113.03486663306155,113.15608975146372,2.9528667441152066,3.873757587722953,3.7628763932726,2.6056952154736184,0.1970548761554479,1.576933404121726,0.9113763892281872,3.004136739368858,0.5529328150915895,0.7854908190239048,0.9432880671247809,1.9320293161658262,1.253790590184393,1.6810807959530538,10.338247619844623,44.45471017668711,47.72546311643195,46.22196422803029,2.048460523198133,35.60872663369614,61.65424209890513,64.98220619678246,73.69571316696988,32.9803743376021,38.65679689631658,1.5292314067509527,69.9075634889698,50.31979372550007,31.009517456761294,22.096950244353565,3.9753573234040607,12.028935640970984,29.902020577375243
294.35641654419214,106.70648694715588,190.75790827672785,206.48413645504343,240.50810030696138,258.55162271456254,180.64212663676454,210.1063361192451,286.5133417411922,274.9487299313132,5.693030815759485,5.092208261851012,0.3364534940595134,8.18709206034845,1.0866728285600813,6.275344687443443,5.578952655520902,7.973341743492504,209.37074068608874,113.23339469050579,375.7454240936114,294.78081793873565,344.59026035416053,203.14352274591803,99.22165766990094,20.666194506621636,7.022840364440328,38.52027734659632,99.60514779079244,68.08198408818672,15.706039832446965,3.4089588209289268,1.615203392868502,1.807765861467723,1.0935962136775852,1.878644712290392,0.6015192755084849,3.7277323051669446,1.8861734786613222,1.0274758981018044,1.7672196785033139,1.6704310465375154,0.3044180447397613,1.8602729309389199,1.7377821650379741,37.96655670372257,10.249921102924137,28.97088241699974,25.05959524456759,38.1801024372561,47.5885479161228,71.0493316472639,89.74863802339554,34.760964227431245,81.98023315897835,84.83386499645103,73.48674669691331,12.54152522718297,30.198261105968715,43.96479171231659,42.53148680511472,66.9689193061687,30.940409952405506,29.21976998119304
292.48945898842226,213.9779369742633,147.2100926692928,182.2191205201413,159.61044172788863,113.80918126291995,250.47957646075758,181.47310484256647,215.13305059948394,247.48628828542442,0.9726082095688421,8.669885860090046,4.555239971325245,0.2380952850499234,2.7974251219276507,1.9712710991903224,0.4153819490297749,6.344719357738827,15.372190034456242,315.90229638380214,207.97467566094534,479.76189326904523,384.55560925566135,93.35237218591725,86.72673328342604,25.82428076541322,33.90801083839759,116.41687681631502,37.053605773619275,95.60081664133213,40.20195541812594,3.415206748157035,4.025431967348764,1.1848796595028055,3.720058109391,2.8315592402404404,2.2798833808734287,0.5991139098114527,4.079343638246561,0.5106922724521213,0.3285483275088519,0.7439616673780486,1.9725971255295163,0.829507784999364,0.8086067492175238,17.802813516065626,22.262464695524496,37.81334067198088,43.364341196545155,46.927977522478685,22.771429131439916,30.828341235651145,45.94686201615459,36.708156700897135,19.465940452913333,96.05665928179835,0.6980324456127063,96.74541207172767,50.62422049084056,21.405738800273955,23.130007307799694,30.52807130311693,20.703523398555696,23.50127928054113
150.35645916507283,252.4917371481381,114.69934946600253,169.46866525176853,121.07298445017129,194.85100419539071,206.25880367018638,204.27540429474823,125.22306447508211,150.56748013805785,4.195288683473748,2.489362067991249,3.3936327789574334,6.605476506706606,8.334674471833077,4.7474051353250335,4.74609966396407,5.9168615442830035,93.19839337996422,45.61433463900928,342.3918084329598,20.505534645325497,421.53119061028053,252.50668634056365,117.88508414318164,77.67794069308022,40.57257903493336,41.733541352133514,65.10399481008213,80.71106560130904,58.28248299841973,4.227806460828336,0.8774915291375325,4.657584799162057,0.2249064572674249,3.988060792813102,2.764501356627735,1.2068103249196391,2.159619487958549,1.0190368557988285,1.2723326931740493,0.2703020884088645,1.699597243401278,1.4358368416235772,0.8122370393383596,23.982667287519767,37.59524031918223,25.88086477652371,47.56291186028235,19.768384717886818,7.274909465247767,85.38519081332146,0.8369474692942025,45.54490528889603,54.83141213256585,56.9395726137352,87.2533649182167,77.89855019715401,27.76314490017302,60.75712462054865,66.5927440634181,67.46126264918757,19.80776930035961,28.954178753579658
199.44970117847708,275.35312735234993,133.95158101750815,279.96666913745446,256.36477266898714,212.13565898778998,235.4876142456589,279.314931693802,216.34430549469533,113.45692258430292,7.52659224625055,0.8775088036487071,4.439156219528342,3.7144298102948783,9.806660898052405,7.231196873137743,9.253765896641033,3.600133656622938,329.7381700977052,419.9882530858962,384.3585541665761,371.93979878818965,153.166633657202,240.9703962937304,86.82398353585913,75.8158268827143,75.93641333018783,15.72431002531764,44.670639747311704,64.13924209212713,62.268864691798385,0.05826596884612686,2.469467105924978,4.109562945285382,4.1594578940260725,2.1961429003414055,1.0636907451141344,0.9900657785688661,3.346127002554928,1.9175523603807867,1.2411646561299845,1.8314361271865982,0.9039880732761042,1.9259168129305615,1.5381040665068755,14.917421453330729,32.19380779122004,14.66708515255169,16.568538623910385,12.427760135376024,33.61296933804587,45.28127504114977,63.0652681596854,86.45079780551396,78.29355125008843,45.65920622162183,5.630125210356985,29.816305216677385,98.00123756085652,88.42092025118957,49.88764124800872,91.35586941902434,17.112513879111354,28.97406958721638
160.17566196335395,168.4163497431815,203.95478971120355,104.3646793550979,228.8298442951832,225.6852913229174,185.69158076975907,139.25886046221342,253.26944262093048,153.5994533768756,6.964668448947536,3.628406884911681,2.7006637678120513,6.153799041920071,4.989085445941457,5.341413831358637,4.036159506175402,4.876269556773064,309.918865919891,95.5274829167133,496.0440429709743,479.8054555307999,466.2040121760057,478.5670070334168,53.09938862444551,68.33805853279759,24.847366315666292,86.36863593072178,17.052458797052736,15.312999515828714,67.35249916189846,1.1090322327525455,3.4433052964301125,3.1949953409065217,4.192080211267688,4.8006907960662195,0.14289211770138396,2.76707370403122,1.5482073676290795,1.695589667673042,1.7337620251335102,0.8359531053502657,1.5056510353375994,0.38951072048936075,0.6606334308247513,34.97384291981481,21.08813593245678,42.686274613159135,21.234283081286478,11.700818049335627,48.02506409257592,99.83815150970126,67.51324296032183,14.025194151121212,82.95781928970479,84.28871169425179,65.27647298718772,4.254756927063563,49.271790114196776,59.5460124162075,78.80604459629089,49.877924798951845,19.267378556259228,25.851745122140738
156.96809887549352,264.25146093440253,167.40063528625726,232.75793723511782,109.63720247865925,237.7263258615751,246.29929280862783,104.51290234106945,181.28330731480372,282.4416473563051,9.907363098004572,7.50175306319328,1.7307056947355113,6.990710929192225,0.196033513738118,4.015341854217345,6.286732450905718,6.013758079680746,396.0537125969165,44.69920367902461,179.24436441116208,432.51314738294025,280.94397785316727,222.52666261902908,85.37668100869993,33.80766384003306,52.501250014640775,89.41048927252369,115.20432555319957,78.914357706085,39.572094251944584,3.3310146608483695,3.2634343607906158,0.6925488861633917,4.166001401893479,1.3662508255921377,3.5995856004351103,4.367188619083155,1.055167351376447,1.8890987470500424,0.10630173836931286,0.7619362711189056,1.3758789630231336,1.7391482186811416,0.32247875416599636,42.30504775409802,34.09188090864378,30.04341724379912,36.10238927311933,24.840023385435067,35.011701646381574,0.039969258932492924,52.149498939596974,5.456957783475391,66.6566094284733,2.426954698938666,37.71841444231504,71.13031723789261,74.364343410824,44.66683074773813,31.272811606729444,41.441283078865276,28.36824809856347,38.01135876075795
107.37738947090656,122.12634739104145,265.77667317652185,292.6788868427101,172.01009318019567,150.65447670454301,264.89430352090983,272.3329769398202,275.96754958829354,226.63573497915445,2.8511221472787844,5.551836392478466,6.9225192341053425,3.4905046699444116,1.4864436401288676,3.291150735001342,7.820204888669121,4.777374927757416,134.4031653709234,206.1073568140175,211.4099824815596,92.26741898445653,351.3041209700675,394.9571341011189,119.93779272643624,47.67876449015418,60.48467610805074,37.82763783302234,103.2874950787847,22.867590932735695,81.73485928797015,4.476777226754593,3.009635755552041,0.7330951136268035,0.7713169483960226,3.725390304099479,0.10982577048658086,2.5603401037705287,1.9463646644346309,1.6320250522099813,0.460870167675387,0.48835927586428485,0.5052451441029688,0.8993415337470774,0.5893173554571085,14.67037414460961,27.673000747308656,29.179462647674647,15.367811175303395,8.958908269961182,40.264395787675014,10.948970841855665,68.93048702412156,40.20408189137814,29.952775226188287,12.901261583424805,20.334065371673283,73.43590449698331,70.05465588982051,79.6868766224904,50.55950154590377,92.15312711874174,20.8479067054323,22.01186636148845
221.91286679597937,269.2904583469036,186.17750473236117,212.0336366923684,291.3599630968572,101.99575533168988,129.28725132056323,215.4234164775813,229.7365906714729,244.21093217957437,5.032074061822393,8.186254358786039,5.1942540510512245,1.1688282362972722,3.288597695631031,6.14289927977613,7.860860263504687,7.013301907011545,384.1796386180957,292.6918479138253,91.15382911098395,170.14195006334873,302.4020427621549,471.53616697722515,86.66631649469073,16.11931737884045,57.81230000687046,39.23227762482493,14.026628813694236,52.65406447597181,79.18471790593041,3.4298405217875674,4.624859793636538,0.5250657613643371,3.155728527619614,2.100966771249796,4.867279018552497,0.30063482932964153,3.037971094666143,0.7740267782979257,0.5174064883160152,1.8051028853338567,0.7442331636259981,1.49160137426574,0.8359549901079723,12.489773361347826,14.148947178458847,33.12704409013972,37.81356079117662,33.809719717655746,21.426065796545448,30.179324293534037,32.35838132361527,5.558509914208809,82.30465748288563,84.56576590062677,89.8258399853829,96.36226105275766,49.05593748143612,74.80386228745287,25.952332297713443,97.41149177385327,20.70256502860246,35.77220310795874
200.53580464577232,125.49773246639649,149.74285451752598,287.36449240661835,200.08022914204025,244.6887324709824,266.5859431148456,278.13169109236844,279.8497836578405,151.43047022181918,3.3623510963625676,9.599962261331417,2.081526691368732,0.7894940907078298,5.8279949510702025,9.397176113271382,5.240872815713186,4.393599637758899,347.1121705465982,428.9093096942878,109.99579861688538,94.50140153946805,70.14262679056402,439.72452717725287,92.5933559377366,31.04296943217631,117.0031881666799,58.922693333510146,87.77553518385272,77.34801150024948,71.44947322123559,2.0733215445534636,1.1503404870566545,3.0853203677947887,0.08169312232511412,2.43508258788387,1.1158202111445534,2.821310763678188,3.2881642286646455,1.6428859532479623,1.9049355673724009,0.5132601340068843,1.07493286933037,0.657722843600459,0.1991889482306867,34.231293140462896,32.49330755210842,42.872156708527996,4.1576611880699295,18.733441695674557,5.274926130170128,2.5507597953713157,14.880830319107918,68.76008830574405,74.21660271001265,73.20285856479924,74.62458519268623,25.3705557575165,23.886206166792523,36.705812153069616,93.44739302466316,6.223632779380273,18.014243920393195,21.162036623012867
110.29575024999787,179.45745811207345,223.428997320806,110.45157585720476,186.54582720394092,207.13131986951572,208.05930635806146,219.3890446826345,224.70106224946744,243.87763111496406,4.461970829185829,7.947358519841009,3.2639353199739833,5.930466623369224,0.8434270934726082,6.750273920727086,8.59372425948313,2.1025044992461006,168.1791038797832,487.3788375056509,349.7635512732051,304.64109826920503,481.92618309859114,112.24713601068,112.91197674687983,108.23610104434675,10.232987345884052,7.505729222659387,44.97168900111252,94.95633505429419,18.082597996750813,1.8141619243926055,2.4736588302659057,0.5866583544019467,4.241333330533107,4.014485148988547,3.3228614596602926,3.9896297865968666,2.8952512598371114,1.8535399127511067,0.39201794691280045,1.309678449202629,1.3119039417866811,0.734570014705403,1.009492482980332,10.160076498102182,10.610230774053907,36.729353225662734,26.41317002228284,16.493919873961325,8.859663284310798,78.23394577382507,66.45536639564065,76.03250750272133,70.44691338292692,41.6136698204326,34.04405661432601,8.27250902042238,51.07182779128648,60.415347066536185,52.19356677911031,92.28480691482073,14.497630501235529,20.092683984202672
155.72929284732228,259.4590731559107,241.35544337708916,183.7586638148323,191.5399210318588,267.22354064144974,268.9331818180449,262.03221799194046,126.25759440096485,105.62430125558475,8.583806285706942,6.077650480553158,5.958898285866926,5.254488001967704,9.439237257227829,0.8399844459995235,3.974643124301095,2.2179444497303678,277.2891925479114,225.35133115923318,459.35233917569326,358.97211116995123,70.2090341481348,253.0546481842367,18.069895050843584,117.66455084012027,114.36134144202592,95.7721461915338,119.40772781210615,83.78019520649124,59.85130747603362,3.6923605613337687,4.421122824861319,4.214709722324539,3.617646215608016,1.4881141556420108,2.1794111139375456,0.6694594245485703,4.940398035934304,1.8993679968904034,0.17022846541906472,1.7734535220553955,1.1315004645775808,0.15155312724932565,1.506014274268279,32.17206839768373,34.85242007082869,10.95064761367939,6.554517462145387,23.333636024694624,49.14141405705612,5.277178787128722,24.518642921552868,85.47123947532589,6.733539888500717,88.8851857724405,28.4153092857225,91.51347577184326,68.09716237204346,72.98428603179912,17.346249631794308,8.276853352188883,27.45509848677165,36.454778076255366
281.65317719333075,129.98348546975475,133.40838158018997,152.03155819241022,141.77654480103274,264.27767258013887,186.26034126820292,185.9346726710296,161.93834222103783,175.06426915460275,6.873669844366018,4.9840817217185664,0.8150705478975306,7.447789990299212,3.714328365515567,4.660781237473124,8.898062826369504,0.15745731154511683,82.16416616418009,39.618992262782406,203.35642631400788,165.36614698789853,134.89215864147997,180.3924933250036,86.05019374648859,79.48085234863389,71.92277960931384,41.465210536524445,39.77582978033244,82.22635584128231,45.96609206127819,3.7087761087145954,0.39868989031983365,4.964895359078417,2.6604571171872706,0.4930921624097643,0.30777256308216494,0.3728289595795127,3.458540030610875,1.3980759163014944,1.1154768400094353,0.1663358677461131,0.9986761759123002,1.9456678910172232,1.076115774512877,5.174189944834959,0.6539884423505187,23.60776544816232,15.019512083615483,27.358081370767717,24.912623691217235,74.89796332938272,45.631590928420486,74.3842245483597,4.326488065154955,35.14582876453871,73.60122941611394,25.86490346127752,45.99192705632118,24.546325801944104,27.276565921002906,33.72862133835896,34.16223049062314,30.8579900246941
147.9123781333945,145.8502790465283,133.52384325766354,246.16419299614597,173.74143417295903,268.66523355757664,175.808097076607,249.97198625765375,140.35898965049137,225.35066970846623,8.836167794341058,0.49668395484784,1.5597847917351777,5.146381549038978,9.134583757455747,8.919158901955212,2.478248947315899,3.0794813840308577,231.75660668343548,377.0666337226766,98.12377894941521,274.35822125230476,408.67766130926026,205.9307606172356,102.84268516625663,110.43467858269332,96.5086872215314,103.18275673022742,32.45492121669899,22.139854055148863,61.4694240313841,3.039219382603395,0.2888824585828455,1.8380774416962398,3.6556512511521193,2.6060753672210013,2.3661961971059924,0.9471608100122696,4.658282941708619,0.501596623248715,1.1042610786239953,1.674704240070372,0.9419893195643102,1.6455598929384905,0.23660114697756324,31.196789418054017,27.6642394312076,49.02476743331721,13.301956928080363,7.525547981810392,1.095019213773869,5.256845878954941,49.16227306116486,91.63513936926792,69.53652977015795,63.38453578669174,83.65707626063305,72.15314473238818,8.192510736274162,36.62738790841898,8.290196412406015,76.25741224303268,27.479052394572278,31.300307314969498
128.9789744182446,244.45051367861325,107.3342853867086,296.25941809944936,173.96265119743532,197.01893199590802,283.01214650344446,282.6082933779712,281.76529954337246,129.21931310826403,2.1147599724856763,9.844787590259008,0.8251314806631621,4.282213321305703,7.827165847294515,1.0351780154307602,2.8741424292066533,7.514284640737344,441.78669638226404,286.93489554972933,149.69875469766708,348.55107933488557,313.1125111355397,186.7953448604181,114.7535390254027,78.91531854616389,54.495151071848674,97.30249848400388,70.3074130551216,44.80478210823261,111.01464008422799,1.4644204502457119,1.1741784149158743,2.273812536365816,0.4806772422923434,2.648685112900706,2.58863556514103,3.732970750879921,0.5984866425269209,0.17548539139291264,1.7036892341989422,0.8801389012105715,1.0467025486605341,0.2784441200598189,0.9362842995573212,25.91363333351644,20.35284756402898,27.950755331257344,42.02713764135197,35.53428650794375,47.7906803961931,25.27272646530456,47.71995504683885,74.83011227232221,94.47948012339307,63.433447032591594,71.58504642958094,6.065963782767792,1.7983229558083957,10.577607054997051,2.78159955977334,77.70369819396953,4.580560031103621,27.25054589741751
197.89055205551261,244.00730730921487,247.2804030131281,151.30601248884955,110.47100403749448,166.72567916737313,150.23385350968027,214.42459274444127,252.08001345749653,264.60071488938695,8.746275066630236,3.896463113492921,8.141941593869777,4.041063064538686,7.578828997904253,9.889869550161679,0.6258941795701108,7.962210817492334,216.38377611444147,229.46675897378694,232.9753353559879,216.4565101394137,420.6930910344149,414.91601298575205,29.261468316845427,8.817595902129035,57.19135634455275,81.06123380866006,101.03950878446847,9.934911355922328,60.26110446321695,4.626522543768813,3.1687758854947123,3.561219213158537,2.6479926025625127,3.9878671834046147,4.274869208383413,2.9624852934646877,0.3162509197692595,0.3796804335042959,1.902833335337824,1.3501516930039026,0.9252678877073436,1.9990667117611716,1.4469187552813823,6.1383329210272635,15.503636803196391,46.943144996804534,10.079104142606774,44.20588144531364,25.14010564256712,84.12768156585297,59.844914367995585,93.60756398784017,77.37239280630193,18.43318926142362,63.99892250357414,76.0584804976167,32.78768084678385,98.76802783068334,52.592182607067095,72.58218906791663,31.114631964267314,38.016491627709826
297.1300908221201,228.22952657705946,232.76090552436102,230.8349202948149,253.51352570358364,258.311640518274,268.84246505722865,136.15703011247592,235.2796737820012,147.00625976238373,0.6916465143660058,1.6070593177769814,7.548851408798892,0.361824335716908,6.106523839844097,9.49578699708967,7.9762601817686,2.1044286667479253,421.38768617295676,161.54175060817295,152.41866138903052,428.4676099231751,262.710732303282,231.54813700999927,62.95183588828808,119.62769727343704,106.12254738681972,42.3606097164182,27.13967025927677,87.73984271529342,6.607791061543862,2.763880911172009,1.3067993359845365,4.686393501565571,1.4634696941640628,4.841912839098188,3.6644218575430108,2.7075673232691266,1.561863563039649,1.9345391439984962,1.1232363400662488,0.8075686701285524,1.1285271473368603,1.2495467346855889,0.21038364258136086,32.63062992579769,26.02754437811456,40.76178957249627,40.518172047876384,14.260352351958497,41.895285715445965,95.10952942377241,2.9453708925858857,19.311079420936316,83.14755664936885,28.485173616405802,22.79247251886488,12.70258971371404,15.022392609331192,8.587765042313578,33.71229225256053,3.9112488061068373,16.818158092032714,26.793449837079233
148.41105430230007,238.78968889342,194.92617514996277,139.619526551948,183.3008863807758,190.25882260585098,196.8041145018808,153.75952300603964,160.19326392632433,230.45622256368924,8.89713287632781,6.7004176684249215,7.557798025604645,3.422016296796906,6.305159788813262,0.8749173592257711,4.2288468387037845,9.594535569026936,299.22414897725025,256.1752786433325,124.45375072971447,388.0594682910304,194.72668532965108,266.6102227998972,83.26380747911541,16.379514693951513,108.03246707356874,64.37640459103454,86.58131851772309,114.5473878515032,55.46622487967505,3.9545568576791696,0.9592970202059069,4.471527930046362,4.863371121482635,0.2859504247784585,0.405719349019398,1.254904674212524,0.6915788024983555,0.9779839659662618,1.8669889465973455,1.4214808870602385,1.787172068188667,1.7220844121323278,0.2137096604810882,22.604579273186754,32.44292581052646,33.468160369533564,39.80103712244214,9.429349640559497,27.648678030826225,41.45263426605123,98.96824949300881,49.98631328677302,54.49822808497904,91.60069226960857,85.28039832764722,69.55863480416035,90.61902459259956,16.860612512357743,96.37734552603064,13.296604802409329,28.815858206856277,37.05559074245577
234.4271094811757,208.54488866951925,268.83408979383944,213.06605091432198,264.4359773632847,136.6884392806869,202.81908851025196,139.72891537948115,136.8089544100427,181.03942851506594,3.3578304166612067,2.9144540620450474,7.191620900412677,9.762599559492493,6.416232028640857,9.340791872450595,2.3682544777228505,5.073787655453255,104.01958942015482,175.95300618394515,370.63239949096896,41.686116486779625,461.70429477841463,491.3992049530666,33.45878889265381,83.50380716618199,32.449221364599225,56.15536462376529,12.061757061228993,35.37269487059372,99.37454070567894,1.0793982281875398,2.2994235536378773,0.29738322546174445,4.2870185736132695,2.9625304739781133,1.0537217903270029,1.6678606102818287,2.634083955859056,1.7244734281809093,1.4778023874696764,0.5831603376596284,1.3023756948037621,0.22665545022795103,0.804142666043867,11.247195015445742,48.28295717756651,17.793577531657885,25.19471125008288,38.145018474093646,5.534263041900673,96.99389643125514,71.63104739385713,99.39305997049087,30.458614408807392,18.341485379341705,74.96619834583748,53.234304785340484,17.583267008492488,47.983194966413976,17.13313963614842,93.62164982197486,15.504296050191707,22.209380104672523
252.32392306574351,150.35981178139053,261.13403059001064,192.78649733766724,270.0696002239791,270.99480391229486,161.6936562978968,149.37140551914658,251.29021759778237,219.20871909552943,3.214417570799258,5.899204882217371,6.726915694331705,8.748200204648178,6.324341731553263,3.695012643568676,2.394723748404139,9.178089615283175,294.74205990196924,380.93581519620653,13.844011407905365,314.3513965545062,27.763635582249478,39.38984337384306,74.05437927378152,34.076163353600855,27.91281603723109,43.971416918597534,110.67749545770718,15.085121553665571,94.70700617008934,1.7267635351874921,3.071854363159363,0.8536682947582575,3.6690457222115445,3.4095798662708514,1.5663195442325892,4.829766214587278,2.5997164550811607,0.983583891760753,0.6026623431916115,0.14166803062725292,1.4729796624782263,0.8399572391346549,0.47043153183504727,17.992515707257777,41.73669224946084,15.56380770250923,12.075241152008417,9.58531532639965,30.97069431553136,62.688092375854254,42.53877817987627,68.15781825427156,67.77368967668842,17.35746218476245,51.72742897664144,95.54881304672604,39.428271401156614,86.52718335445392,79.39126527369453,8.146138839589078,17.879830068341384,22.3598504615389
147.52750879847994,169.13919870078388,217.07087287935042,294.4010659263074,142.39881093973162,276.5119753544694,214.60844012380312,161.28308987020728,194.83158917581594,121.49011052578163,5.169676909316773,5.909002287661453,4.822219962243932,3.360842863638755,5.581909490843776,8.46262075405104,9.023859418169408,7.096976290430148,257.9318312869611,276.5079112813941,274.22295839487674,125.30951997027731,429.5038079729925,249.09924349746692,34.621559987269926,50.07782798430041,62.06704499504438,102.5356732698655,14.32361535693936,59.69055882667016,64.03985845574081,4.374151786772838,1.2503029580135347,3.7754400208033836,4.669400699896162,4.9291487402351235,0.5908743554594492,1.2107198813796347,2.8794853605553112,1.3555534085736949,1.86399935079346,1.9007962780971117,1.2352179540884756,1.372337132376859,1.8760835034859988,24.85905422912702,35.99891921264863,32.3493427322306,11.731368827833025,2.5421304379663527,49.87131367782066,41.58351224329314,19.13300302902443,87.86411179892573,71.19708754926926,47.961547373387404,51.15877622667807,3.691764307734302,71.20775120714814,35.58820229479595,31.597144219290275,7.854591697311664,24.60706582681572,29.11021336794276
245.6432697223719,136.31954336028514,273.65425610265174,221.70545453929333,231.4706964340257,193.26195122803404,165.04223925524227,211.0267573506377,145.1579104301258,103.38255998432146,9.412832858459995,4.512725226938405,6.458553818720438,5.9191745101570845,9.8654987829806,4.2419950433613876,8.355774344564265,7.25209088792189,205.33425424622817,439.6554093355149,398.9457354445794,283.18394968696487,123.100714742013,389.2902364035969,43.34755736113944,79.2824312521079,108.53185811968454,60.60331357643151,110.1366082795787,103.52029565967041,33.723436478821256,0.2600340794004424,1.510449021751473,3.4475766090819118,1.740748089781714,4.713525169241789,2.289926363863308,4.509210662042891,3.7286871253470526,0.14586747653243393,1.3681420347455622,0.13109875167615728,1.3217335965866044,0.30222406552943293,1.204552847105512,5.031934249586909,24.208862128117747,21.911781421897334,23.513770032234465,31.152539408947554,2.219520240974182,80.2801343967917,8.01773224433563,3.039379383285523,67.5357971694007,9.219736823784096,56.91730278073464,29.204874580005814,81.54216600160609,76.8596147531346,22.35373860587052,83.56459377578702,24.831776814243547,26.95934256917064
173.55662654385065,281.6901122667257,141.16824200735365,169.90127441736377,194.45636083259635,115.1399454619575,107.85388284833046,217.59832589276655,223.32439563305502,281.91288547606024,0.5730355103459132,8.377574293895922,0.479779392400949,8.48823778080139,7.349676617514391,4.464465615754907,5.5799557650361145,0.9419318509301041,68.61891536287446,276.33651817822664,140.4518602955594,478.87533689015345,425.8808005994442,84.069359512231,55.77465009874948,55.19604517038631,42.070835741710276,100.76315624667184,61.442833687060826,68.47703245625468,58.48519623517269,2.5664534031707436,3.071660931009454,0.6747607842602151,4.505390695951024,3.5651293159127677,4.921702862404052,2.9068522072441056,4.856935204059476,0.5747433911667968,0.8867822722110041,1.6657886503036634,1.1988646740515423,1.0289153934426012,0.6459182588712027,47.90166941485354,19.911133923385535,40.038304329427994,0.9360458659790574,12.367695107114837,42.16881277699468,29.532852014020115,67.21904206261219,87.17578985684374,94.67090567193205,89.46261889843734,82.82763941786627,6.95089173342438,47.77131531781309,67.60340733162361,96.96368190013074,64.12657532228862,7.189186445773114,22.256163218218266
226.46116611871588,216.6783589532241,122.38392387954558,122.81915697758667,276.031347584297,177.56521798338625,154.3997210688712,185.29994944837222,108.0667704276904,153.92600175343657,3.587086653200379,2.723173909398886,6.252497784302167,4.46861593382568,7.79176924508596,6.379006600677672,6.199496924115639,2.277912156279614,214.1872452851426,126.74858253656572,305.6128401998885,440.74038223060256,78.20634057427395,309.6504813612392,65.8568613558552,33.81279677707975,79.9816807640001,17.10012452630979,56.53047797153078,10.37937227186303,69.82575523309204,2.413710344421605,4.729234725727369,2.5153022641878224,1.6329387782124847,2.613729162109885,2.5779178282764303,0.6252493671925266,4.392510870281341,0.9289116320809195,1.3924599605821684,0.4213614273127002,0.15104639217206406,0.9410879616338689,1.4390757853184066,33.4453267325,2.110217902006862,38.142608607239694,26.801862353262624,9.004615241963705,12.156299384712865,26.57962613602184,31.695561495855827,69.77132345720976,36.71790332645565,10.014913831247107,74.22595488375575,87.9197635239719,18.11350096083921,63.86640771596789,80.25765987457658,35.165605584517955,17.103852953835435,26.16063392144113
226.70594215217892,180.17028335272798,153.94992230339793,130.2493657469869,143.14813583529082,260.7075318925207,101.27580868131814,223.08415596416708,165.23405082565068,263.93540055609185,8.580062687965023,4.541462657015568,7.800989284815084,0.2777828511264945,8.737381869328374,7.767326450832235,4.795823148447881,0.1872668496152791,45.65356435741729,427.0350222937508,337.76105175312273,208.21303752641452,294.30729220836486,127.33774197188872,56.67707523689232,43.46131149100734,86.43744409016912,21.21785068903861,116.9303141425433,117.0413076607138,119.9852154015254,3.75863864265133,3.37696121991606,3.906265009115625,3.6666556312588536,0.8160043722733138,3.711992019932615,2.3418887669937893,0.6006525254821522,1.29819898959291,0.8624943727131266,0.8452184343438529,1.9992369261800378,0.5104764264998015,0.8123651975827247,5.575481573740952,18.275296701422885,15.950459093556457,47.662586525469244,49.08933571486806,19.99637802425319,65.65476769110742,22.9478458249868,17.075543398771064,3.96575389557835,61.655747684079444,85.62449939458833,59.39011536611078,27.089522357585306,84.50172509668401,63.06208914453316,16.57104870716264,34.67945331925428,31.658215130567335
207.1549368149517,192.40116072882654,111.41737121786298,145.063385990247,235.56264006200885,280.35480570924574,295.6709574113713,116.31498512227319,193.71139891822693,299.8700600944401,4.020939326611121,5.423152073050618,5.053547767805463,0.8376535720045367,2.234833650985907,0.43451259438766154,3.977498774500208,7.189663640719701,58.39683518538811,283.0373320157215,330.9621012384941,152.84179058873318,445.1728803156213,435.0280154800381,61.71748477561186,44.278033446165274,94.54758646282792,117.39183508799232,118.8941804352952,100.29473964569908,79.0804803694784,1.4166499152906689,3.916691676486954,1.1017156044908414,3.6847203897644807,1.9270410104700428,3.4178596105197374,4.74325809963077,1.6991833069655797,0.42589025730103913,0.31694915917712263,1.662735515361506,0.16385755640450372,0.6705126881184241,0.3510197243201191,41.23167812425874,42.49466836429452,35.28507476155722,8.157990652198528,14.94731667828652,18.94912083275832,39.0487361968095,37.99543871123334,2.568095642359658,90.84443527574095,33.97818564453181,50.728277165872235,53.4969612357899,41.89684476411472,1.4170289628625654,69.7121037223752,88.41704198928149,15.819693585117323,22.148782646248165
118.05795401088166,289.45666792236307,206.2339056002064,150.1933322680596,221.5504244505445,140.69454849951916,293.14944196394947,117.55764741163199,129.59166682188118,142.28625159978225,2.0716532862109633,6.669884735596266,3.639381951429646,5.152887941352195,0.9296611750411018,5.9722443557186295,9.163221124061481,3.509939055442249,213.79910113703085,111.35210869034502,228.46632075737168,124.85881476004691,242.03442698045635,170.27883604603886,39.33770697315365,115.32224901844458,69.85131266091078,72.59337319970031,79.77048448551638,20.13331886092367,84.84046695720055,1.1031434410794014,1.8403823728297892,4.357725302315985,0.10156588350592642,2.9297604020352,4.251058061109768,2.0986423347054193,1.286556894989729,1.552647782113931,1.4660596196361098,0.4912710855934561,0.8507812156439419,1.9375248735404667,0.5507412367028027,16.466469081834198,19.509216807826352,24.98023440981061,28.88060826304237,45.22044286566902,44.99046111632142,13.591802694497957,59.29230878077101,25.99265781256529,16.04991188540813,80.42728854710339,62.464905901825716,13.145789211630976,36.4594589325583,92.91530385603917,99.13814748505898,98.85377576285121,4.315455074500452,23.27985076051604
267.0604991178476,130.67028062321603,287.3211384589923,270.1232115682276,159.06029551436654,113.39472240505431,179.031059494461,134.36589207153168,296.9308955181679,153.03414823667111,4.305462395180976,7.861321320005336,2.8465246745296935,9.697449819191196,4.880654922326126,1.948656641563973,1.3435657648509907,7.887859909155833,159.63692616454722,315.51882687854885,179.8232140591318,270.93228618069486,375.8176701636625,171.24078028144567,23.28098581260252,96.84049683119687,51.282345502081505,63.623512452390635,19.618718563560577,111.00674199790353,61.517226510325976,4.631402865478436,1.3685492533284858,0.2743291563536362,1.811687894408194,3.6287499790128113,1.0864602174233913,4.318298958298918,0.8923186153211661,0.7923689416588509,1.6657664631244131,1.744844450497568,0.2997197887679735,0.6484321234188783,1.3212198404728137,30.0415770673026,23.34845745357625,16.502958990292854,48.108045087900614,9.321828911485913,25.47206634717599,6.696423528990881,67.17052166840011,91.57733589927702,69.73183393874325,58.981074576753855,85.45718068959796,48.90322573130509,34.86727571696565,82.92261803362932,59.32074088248868,4.9971728442829155,30.193466600199407,29.090734691265084
164.15601299434718,217.24596640335943,107.86870813370193,212.24455765650498,127.32018073023453,275.47009062656775,245.6741708679292,203.61549960806894,141.81947291792284,232.57195752693315,3.9169697647675266,4.008592100494735,6.463740296604616,6.962774467966791,5.189398886630804,3.5249002268457095,4.242623218190657,3.45546857737656,463.5167196724895,185.2812148217895,419.6027957836286,65.98174209644759,404.28909274922364,303.11500047376785,10.445247392586534,57.733108720131014,116.20683871188189,65.16294726157284,63.209559850348285,56.82915318959669,45.76629833999093,2.8628311632727392,2.2767960385810864,3.9131534744896888,0.10696903531840445,3.18064379182077,3.7715930458482108,1.2895791863120214,2.7281771345123644,1.6531270115443804,1.4847317781368368,1.0457419842936126,0.28416405583777166,0.505509654539981,0.19856460139428417,14.218570658188876,13.955803989232786,20.94184634184968,43.095845904834206,41.03936803709054,22.63512719830416,78.78425762484773,64.51700693545301,66.81329387002864,87.32044397726844,38.830614107943816,23.232006017671537,39.87036551758154,13.185380175666428,93.78672196518272,10.19004508069601,55.41133820902018,17.205966663069475,28.176996070671116
137.30370207997083,201.1777357768932,124.42198280200536,204.67818227487328,230.32795209545532,177.88098779577507,169.161219682085,142.7989357396627,126.07062600865311,293.08972692012424,9.162620394520363,6.4958647465563,6.958731866436096,0.8020702952418384,8.308899621504185,3.5448897949366436,3.511162889079966,8.211404147758724,194.09584463633257,423.7587500231122,381.6385189299335,279.1447539828418,370.8821622712218,99.94582497875527,27.537553086541784,27.979405839256874,75.30303662982806,29.75590901377888,65.85375660990118,47.76826891611824,98.48959311942869,0.532400945735436,4.0375928152712515,3.0829363099514526,4.985489167875141,3.5734727811204285,4.4079626491256905,2.858901537483861,2.770789366143325,0.28614127175062787,0.5353178687376854,0.7956915791628254,1.607701208181519,1.1187974250298336,0.618109176091321,36.803594273273056,14.069571561261654,44.81991742700696,42.593815760876346,25.34993421589986,40.99224288742043,67.59107318023446,86.32655834919736,91.94691042833243,31.014139801463514,98.38729845448107,44.4020680256224,31.575186813902324,91.33102521709498,79.35878838566872,6.486612670138136,26.130358490581507,18.4360594807557,27.830577391555234
108.15502831095279,222.29084708692955,190.43980565668704,122.95377437384349,247.71949162646615,208.35219285351263,234.2186314171952,156.65688069851547,140.7069747773793,283.1628696381488,7.643150319856661,1.5910484353783394,8.722579238639172,1.9746726703394417,4.493457434895123,4.74369736818942,5.031692130486369,1.393912712108299,381.35047981532904,232.11687193680598,167.41503497281712,10.653483350488088,463.41157106855314,149.59543306249992,71.92351877316504,98.26685268020543,88.78499933782615,87.6509541927269,64.16133923556062,58.02113301062665,61.91721729901216,0.9732504494494622,2.2869352125348734,1.5828447398052021,0.6197618415278976,2.1514709977139694,0.8658340166714114,4.220821770427849,1.143951691161426,1.3915375165965067,1.9176065256074646,1.3586317187990387,0.9092589807803462,1.3748202647335659,0.49579180752013174,36.28894426250506,3.5626521641415456,18.296125760065753,41.18157155461136,4.390441071241766,2.9209031480949137,41.17982246066033,21.875743107011523,44.61507824942594,83.04152408549264,6.6230988465530665,62.0652236979387,77.21889554985944,2.975660641771505,87.85914074542724,66.66067774738734,83.2386833549704,15.414550093883607,27.153472302981605
218.17858863764837,103.6220367641681,286.77500350558097,272.027938669887,163.12546875267,293.61316241015174,261.0860086091958,180.06256723459882,253.81222663194484,200.57510401311697,5.100644001865663,9.333216195370538,3.4891074163638085,7.736099117846815,5.751444952888696,3.4079504775741167,4.630555557997233,1.8163942518993312,269.82128791945894,365.9562654726342,60.47940527668098,168.68631906546398,228.94877295476505,214.14960655851164,95.40327649736022,23.075984234962952,44.67302725502601,14.749771728921752,70.49156142980112,100.97577504015892,119.38936494592039,4.994142036976099,4.235159789861407,3.6074534162261376,2.7186263692840655,3.640860179949335,1.7405430767421388,4.60423532143678,3.5623672790303607,0.6573238330923693,0.14798366721319625,0.7486404717638192,1.6221635457676533,1.4776769110321732,0.48215671028541074,27.82615111518469,30.883294318180138,14.726264029313173,15.796668499781187,36.813462035356835,4.7795875972135775,89.62276351710567,63.67461631971355,93.6627095235241,33.20581262714442,57.778630323067674,91.51462573581014,6.127603983344477,44.00021278757512,20.30780481994792,65.76011439251482,34.60730917748057,29.071202842475643,29.620733548583676
235.51287236845647,274.4247817888303,163.2312209953501,244.56286064169674,228.96652080446276,113.31294558284458,289.3512489384482,262.3732248020759,185.10113185436856,259.02205650534495,9.884868610543554,3.8922821835679353,7.720745843117297,8.430253623566824,5.318002291283237,1.1628750726616108,5.237006363345706,3.4746777418809716,355.0019776347444,56.812741741756206,45.1856972682799,117.76781377698482,94.83146519092632,183.28255293865408,24.46347370593287,29.20315497133039,82.04415581535422,70.93222700684767,7.153342086354927,80.84016300298036,57.56886604082507,0.9860888912984402,4.943972183668684,3.914005317804287,3.9548756314255598,0.7272688675383989,4.850807804014492,2.4342586020849906,3.667242352855831,1.611228030832974,0.732102065013717,0.7598478820930783,0.6182942942935798,1.5330696505441408,1.397248582754345,12.425816827343114,22.679435450744645,17.91445742515182,44.5855331477072,44.65763190087161,1.5735984153763203,41.08567524425995,10.11143761860941,46.29598154450056,79.42579282362497,98.95683115440448,1.5836011046124976,64.66857273622017,98.03214925030866,31.922906687705055,74.81737929780886,71.46292891863398,24.864370581867323,33.96761398205111
103.31756578557123,286.4236564967225,201.4469617376785,113.53367238000031,179.02618152230065,229.66360149041913,180.04245516993439,102.77242718257202,213.0831879505076,127.14917061998021,4.706247559631641,7.32226207756674,5.657422659474445,6.21517640326705,0.4782075591981715,1.5417245114019693,1.4851978745472416,4.144025149934506,137.4568316775456,204.0519296881496,56.19522917047866,485.8972070807832,33.427421214215094,267.1898368227354,17.483866143854573,47.09154006161738,34.64673114887448,70.63841160737866,86.79113736910777,11.813572025968668,12.820032619471398,3.0562728016548566,0.36941306199437834,4.670155866806806,1.0143053752818534,0.8213056956979367,3.9061313514391642,3.202043629705691,0.11469017422132723,0.86412381138058,0.5941756256163014,1.493700142782776,0.5872793044318461,0.1699817338780309,1.6690521418332926,13.058338471851203,30.495059970794333,11.12361259233024,47.09634738604197,8.569341021608315,34.55515374837376,71.02954714653835,54.793468989917784,20.42547244183345,6.982986297372573,69.09526432130171,21.257315817322752,82.29930312022118,65.9723938824102,31.522101347073097,10.877873023261376,53.95234215262771,12.998549729183932,28.085861236008242
202.4186116598562,213.02663671784177,108.31457181007842,241.56701944595375,242.64137665652353,114.82108451497342,256.65959659120955,229.87576404732448,104.20183139727214,295.48763684080245,0.6765545251207248,0.30137671063355875,8.840081257712983,6.479789379335184,6.190627476309448,0.4310360570548669,5.180100864981443,3.552157827345486,471.53343669078123,491.78830387147536,295.605986984101,366.3487365892897,130.7653361223775,303.82367059379345,91.16839146316377,106.24004252297885,33.18614551579316,110.13166877535376,86.92534472459363,115.12450267835966,83.49648576535952,2.106439114188134,0.23659667885768143,1.8451956140497756,2.4304128137964085,0.8225324076890195,1.4201282543622866,0.024870852603831428,1.9848309415743597,1.3641643013007763,0.19143983246821683,0.6886812266243049,0.5773396254474781,0.8481447607211702,1.4601465553220916,19.451708436399677,27.57090155142821,27.45943187611827,25.04172495330245,36.41671699564068,26.51799878541947,90.91152752072928,58.395840248967126,15.139346418444733,65.52429986709278,73.9769631642193,23.44505077612904,90.73072828603243,35.541066373308325,10.916674587805675,94.49022747551717,54.15233815949703,9.753914674177194,24.61212080553475
145.2991550395876,239.33016477537845,129.66864019241777,208.70764346852923,139.8430549788106,175.09378569330008,153.18569012642376,233.77530620813707,106.88626171466291,292.8706468071973,2.6965157859683506,2.1313527147575893,5.325339872126645,0.38054075879550797,8.297628529165097,4.755465944754667,2.499946257483388,7.660105621979876,269.74336348806776,406.1455418438027,35.314466156204944,181.33015642649647,80.16677690131863,287.6670523375806,40.09320801178831,20.155466892922682,87.19305320808404,65.51102316205893,18.27902414545711,21.99517535000654,10.363766856468272,4.429139483300679,0.7564526175376756,3.4332235125399753,3.0410695169965427,4.455416135608522,2.8240694305259897,1.2735843044918143,4.4518017995960895,1.8751800104092995,0.87088641667847,0.4814680318734077,1.2706766901750466,1.5705203515878714,1.3268828500209733,7.678102286116123,40.04280707121015,7.798103597965345,18.05126683934321,22.530099694119627,43.86309523047999,84.07154587084435,21.623729893417366,99.38118130350443,67.7138080578796,3.209114457948592,32.66126802617942,74.59165947554102,14.60975844531699,72.95792552845907,55.11584139106448,85.79994311804214,18.324897244687506,28.564048116151042
229.03455808188997,284.49987623545917,297.3260245917694,116.34506914935565,278.0430005272349,260.7629090386894,298.0664607587297,259.7311560713273,189.16510996540325,132.74579157583418,4.417097754171195,4.922117188803422,5.224535301139875,8.302449569856934,1.659255425950458,9.549032179044586,1.9248803549830935,1.0598187870044757,417.34879492977234,88.37099315979503,175.09416873237882,55.49409240000405,283.39488330289544,330.5424728760468,114.42243551114554,19.0569321782705,64.96039467023753,20.762210037030645,70.57753588126708,90.74031444956537,33.80768364174088,3.7782912755536855,1.9280046819143877,3.0170552219041076,0.8094217244337715,0.38940997591008614,2.027587353018899,1.4007733976972594,2.6063898551367526,0.13919060082615228,1.2839181963092716,1.634527643193487,1.64849884070664,1.8192189934202458,1.8412583664539415,17.213957802950716,37.6750896594179,40.96346742862736,21.004336272489876,37.816587436207556,25.17737869714398,51.1104776339579,39.16931299912368,33.386266147457086,49.14258300809564,2.13631630969624,28.17866204206789,28.245567885821554,96.3872605645761,13.617089268707282,64.95555210212154,47.04044259245642,19.00690511233128,35.41903714697386
134.8732858009983,241.44772686267973,293.0237392872091,191.6601283057313,157.48191929311594,186.69444655112687,105.15391975287022,286.55058781206264,263.3310486403247,159.88462496062132,1.6533359790465891,8.794699430550232,5.820983106265,7.903924560891213,5.983884165873298,1.2451847141163541,0.7418587659832931,3.577048494421032,188.87238980329562,146.10438424385498,379.06785393797236,263.2322913984058,100.62321523374868,160.79726313783192,87.1465666201929,61.807123655105585,83.57681019857482,70.86662481353869,70.36153598011408,78.15570099923507,45.67989906968889,2.988787467346461,0.6639006236357078,2.6307782865908713,3.894991744958577,4.009526779940045,2.454926229872378,0.47653012815560974,1.7446627291805816,0.12112188643530991,1.7768504406216925,1.6302049640817402,0.959295919142957,1.2441802343322883,0.210945522806164,34.37555276179147,38.68696573032503,11.666222238658492,17.043218870647646,35.83943343517263,11.48006885171871,68.06363924467327,82.71928895838025,16.00530253175877,68.70908638627108,3.6110111982192827,59.013878556223865,60.05074605237034,1.3986361873149722,5.250916607906064,3.4852383378130236,84.55995341444806,9.12850915223498,26.191722768896568
238.18754762049318,130.50780858285228,100.98799618688193,196.9392574260094,173.5571975512306,299.43647078059007,220.7057613002242,104.02756978985796,277.0477757415131,120.03099950135339,9.480894750608025,5.319825984511703,7.5182220159101005,2.664447926623137,5.976744390019502,9.468018480730512,7.650260331685795,8.388675995203048,59.10356103475702,171.60974633961692,154.23060159253527,114.58946184976074,29.077516571791875,71.94885130596374,42.57694543294855,36.78721222577259,35.985426436030544,15.502679102013222,83.48179832189602,26.5657255138545,90.04061234645268,0.06358751917193264,4.354615743317592,4.453178206033639,1.503688921374933,1.1755187812532184,1.7822792950396353,1.4056781166513137,1.2758439964596995,1.5635305791357557,1.9804104607637931,1.0454128370430515,0.8205728922180564,0.19938302166840277,0.41821786335485733,41.626841362941356,25.21233084361294,30.103723863212462,11.014712880214734,1.816711407918768,40.3547949686686,41.3665776727369,14.840905375296343,0.8408430890752161,92.3183670553841,99.1723902176232,88.56202642547454,14.140361091435526,68.13875706131435,77.54468700550639,96.09742145155738,36.34268280375754,26.83982630698538,22.60323148320585
177.34706926010747,215.25767203336264,290.3623570846478,133.15490803265516,111.61839041606996,211.81185698932043,231.90119633026544,130.75674110264325,117.34131351912805,154.34351977963593,7.691804088395954,9.305717774709402,9.650435740401763,7.115899527658518,1.7254311441579517,7.360278995847726,4.331675016479943,0.7612910648955027,340.1187073832159,328.6791246427684,384.02095781826364,272.8504774901953,27.635016145647253,382.7956953012278,38.297415996276065,70.40371328953839,73.853184221524,28.436291059490994,14.820734595534324,24.634188753000707,61.837131536875475,4.400178085392364,0.12549979262504837,0.025804897550617614,1.0630051509308132,2.347465403071301,1.4038617824663997,1.6123989449601144,1.2243390543922286,1.3281467978653485,1.6353702141683564,1.1006456707096146,1.9498011529831336,0.8536270311247492,0.887373025774011,16.96282337942139,18.01712689201956,6.688762196534731,31.113199277518024,9.34669128037418,15.069030784514831,64.7197172294114,43.45061976158402,28.55695665296224,73.38548249682279,97.95197607408514,63.697784107238945,11.7060623744776,88.01374714453273,90.46631697319293,56.25918487439486,17.478294246430504,29.00416359301195,35.33980666092369
287.3459977473469,221.3430092765712,227.82398756310008,289.1396294000565,122.30244246425528,164.2324305271907,237.60911141482578,277.23425881119863,207.67262042020457,263.19115788304134,2.7560432842349494,4.8895892761696835,0.82827720673608,2.227060603607481,1.3222893799342867,6.4112381490482155,6.303772464786408,9.429200725946439,13.802227685337998,380.92743214993124,375.2788487214571,419.3275535476573,417.4690541987822,426.88238748903416,65.22531442120055,56.938218738570704,56.05236971585794,8.577487181552854,77.04788033560108,105.08767327603958,8.29428210067951,2.228890679485194,1.5858056545157544,1.4177369144569523,2.7958608447227102,4.580623411373733,3.3770675765431792,4.8441425374452844,0.5078424889155236,0.656661468958422,0.990492985554367,1.4225455889585135,0.3218326684221137,0.24103152015006385,0.8076581226573486,12.062717783591017,46.70511123138117,48.93343083660915,28.348545869143482,23.815848525147583,46.81664421653434,25.755243834539588,93.2733071211452,88.91161436025389,96.12960289846598,33.450892576426185,24.152655895435913,63.86241421385146,2.51604898862422,76.41233479651332,56.336311299462864,45.54773776566151,19.259850255003126,22.012562381859354
127.50418882919865,184.8261342604772,273.58365890400444,269.9950742961324,203.17238054246562,144.02226518095063,124.0775157578178,191.70371243740306,282.6459372558541,175.6631214330519,5.948964881827367,4.955446057685904,0.6290025636710699,0.4992685944099786,9.8025142354672,6.488249777703273,7.303174098716959,9.864536738492928,242.89355851709905,377.2680383158758,130.455294990276,311.7383505296788,299.8104664070822,135.9330537889918,14.101636851994085,55.020297230389936,73.65043298723572,64.0287619828423,37.28647433582923,53.26491620245367,75.93773289673105,4.6585724885626965,0.9316262011760847,2.696003425328702,2.05746500193826,2.9338267761406587,3.8949236572797266,3.34632587899858,4.08795983127453,1.0393537352710986,1.4750384093373583,1.0676211543486236,1.0246020958852957,1.5222219391007106,0.8942980456297426,41.71580762758915,3.1863537989694204,23.001485215235533,23.397961016444143,46.712911509647974,12.895982448685903,43.47421137695533,50.41089276996009,53.40093206773017,44.86123138520718,29.098181626582885,86.37528500700846,85.11076545842027,72.51748640905011,82.53522128319763,94.35553162303798,49.83557813770222,25.374870136681842,29.27195280796238
168.2132702100517,247.28884712494457,190.94797112677182,233.80446746582166,153.5185353455943,170.10410685723235,287.7059566946261,212.9181277866927,177.59455087957727,117.67939342935168,7.242346655384763,1.2854932061552657,9.381748340332651,2.091251771644735,3.997819779565072,8.284603719123194,6.82523498660418,0.9768249208682929,104.47293230656503,259.8382875901374,367.12286824544526,320.5563255770511,185.4617979277553,209.47505851742966,18.532798954209383,17.87689160600423,38.451169208085226,14.721250758760823,63.30534390705977,80.27629913002593,52.31516730406617,2.482739674142464,4.658381257486086,0.8996833755663962,4.602226863735725,1.0584872542994694,4.371046042509251,2.135765346287558,0.4424204529169144,0.17967776463785062,1.7028851983203173,0.8923759220415417,0.8761267310447253,0.22066039163516393,0.4922643195811415,44.5898493556031,8.0547547385864,41.197481367561316,5.244346640899173,17.432636109362676,8.802172317079197,20.954573760183905,72.5133711833287,63.243505152495494,52.829073170395716,14.595874551784426,63.20457891475133,6.724812569961891,99.88377612547349,59.56216778307712,92.93501781836675,47.83831976377915,21.47780075629501,30.048895003837696
122.69470424811782,286.87340295380295,203.11920571585006,192.45911220012144,267.09604514843886,174.50665475191016,136.23665581001654,232.60544074462948,265.9131662856737,168.4451049557809,9.418661396177301,8.046296817106976,5.34576869263024,1.8684258798675653,2.35147511436294,1.1585066573602316,4.7579571189878545,2.9835979703317963,317.41399717332746,407.3020635406941,376.41055275332934,275.10484164077764,448.171740942721,254.2989163121421,25.223656351362138,21.220714378731618,87.27686081964924,58.98035353110284,93.93220856096882,62.96816544351742,111.01096864621732,3.4741802010218,3.3507102144012393,4.540254003326464,4.401512864008788,1.4276094009908475,0.7850965369177584,4.940391758870591,1.4685508816504609,0.4656466501863574,0.9840836731954945,1.990298967263817,0.2864405335150917,0.45288902679683674,0.3840562996024338,20.796065403947182,21.270155062743665,38.548067864674195,39.94620175294699,31.629236778869004,24.91953757977905,3.8184952679548023,82.6866039555551,92.2391103890533,26.37386972377068,32.91402991647584,21.896212498790156,10.600373213329872,63.96424685733494,88.77463379147531,22.029859181724166,80.83304118792822,23.792920056426695,36.92525509384406
284.9387236557126,285.11370258135526,197.76931605138404,182.35310831690168,102.93867773099078,113.7427355447922,224.55068064796822,235.8133208991275,126.73913087988724,296.276666848256,8.828189956836566,2.544957583423919,6.187539844212667,3.4437051676749877,1.7961129900983122,5.097067803298863,3.9401954366221257,3.786766593750026,489.91573783754757,224.16826055116277,204.75242357684317,464.36015998939047,44.396339589779664,271.33015294893886,94.09321323002442,99.42403640638776,97.68187710833854,112.28867906227657,86.14928268174653,88.64565446373534,62.449665781127074,0.3557703208385444,4.561030979692359,3.2414996368889466,2.421919810310527,4.603028653239971,4.116049062989751,0.7746292779707099,0.23792193544610252,0.9065431116016182,1.5916034246484498,0.38051681291986195,0.6095806879676164,0.8922210055330709,1.0674671701700633,1.8317556155568755,30.89090380211655,35.8278058337111,9.159211356164064,1.0981454029642261,3.0004983395270446,58.85398505753723,20.377437484549244,51.28399181070292,98.56016678008685,37.01499305472703,36.16665371665032,56.5607307429357,41.467894784339876,49.67034823578551,93.10988219059293,56.46789414600971,22.61184156206344,36.52573942386188
275.4678706761962,190.16787428082642,233.37285150922088,230.19469343019082,175.81880973438723,173.91483988535464,144.53521582461698,286.34808066330163,287.07889793355974,225.93671905184058,5.200403038768315,9.00616364478592,4.875993655787815,4.242650022037035,6.709256964474027,7.001202268781509,3.822003105442571,7.786274549661988,237.55742409711652,70.70147699482533,113.10603703334394,466.6323153660956,490.3578156366347,333.1501838329494,64.09359631594909,106.8765148207506,34.89039449363822,87.77256249722319,18.67384703296924,60.11287312952301,86.53214178302399,3.728306751098661,4.861920264448863,2.3946361432136296,1.8027262358807319,2.141448186298792,1.2814561141405472,2.3854954577131178,3.909118982921265,1.6846843908208164,1.017039594794466,1.2261831605557352,0.15403830390031287,0.9790318975182567,1.863299795730708,34.90060023426052,0.9059185529327214,41.454561124628185,6.170821148104383,35.70078261657373,2.3023805598895732,86.44293453507976,21.82172355329324,83.82798458526146,5.513673516127238,74.82828167590337,78.99648067397825,21.82118610193402,87.4400719356282,98.8322618487465,73.66212893800615,88.84440717588029,29.135646518113525,30.97325571517844
151.58832554303112,122.64760916815105,127.93025095126258,209.0863738813811,167.46910935381854,192.847703947845,161.44328340425417,299.38988348233397,250.28466350626053,183.23218928123157,7.769060935950874,9.11715978127092,1.0272087808139976,5.134535025827308,6.13350844354006,5.90952240622828,6.436483089607558,5.999675439955665,410.5741456975767,286.5765024103685,265.4226953770159,261.23436852604056,311.9829772246859,30.38558434410746,6.215219119060938,31.988606281803776,39.57136438339884,13.902342535908701,72.98625051834843,38.048690254390365,30.169876617897888,1.6966001962464954,2.4905202359500724,4.075361777742606,1.6343347283400136,2.9390575602038793,2.1424085856511526,3.2388404131747563,0.20602557431168442,1.011367647434161,0.8343423826657731,1.7831397495437544,1.7662131490676183,0.8723152305985233,0.8447419784648423,39.30964519106491,36.10647955590153,5.4729486286554385,31.3420340764059,30.351879006263825,25.052719990145167,2.557827462319151,75.85914560983835,32.38332780763537,35.86204176168103,86.62935529197348,73.89311814871142,61.18181227776478,55.417924642262825,10.34150427694489,1.8900727331417455,51.41854949159421,22.449658022878626,28.7551390697176
231.99680920683582,296.9682397924669,105.99471797453559,112.45462117637712,103.8655261835202,244.54755044776093,209.29170834562487,244.03149218618805,288.2668785573803,133.307702699454,5.665233062893091,9.438770107554083,7.704084846344799,4.819863367532449,6.471166017575433,8.344512803130616,4.9984641139245465,6.479220434876416,258.8142516060493,476.62767845454226,461.4848181200962,159.82214870031717,99.89748444473575,363.5237705396683,82.45440065929253,18.047957675348442,81.03274101769568,30.784128404016965,116.44840105818494,46.78908766459709,92.51195992114012,1.7632814815155866,1.179252349159651,2.2599220954108676,1.345142479176722,2.3050616611606896,4.508203992387741,0.28734736607554434,1.5484225083023602,1.2140887585993596,1.0995725917891463,1.405708578244118,1.2549141050817623,0.9804536285514,0.18237110682710336,1.3922005316397914,28.156963868100778,34.085611274862124,20.232895881267297,35.91203995748041,11.147790599341985,19.60297407292959,75.33067381764009,97.71018628412199,29.769716476861284,74.6735119741388,57.65823695056426,21.454382525533987,74.944084678994,80.91807067013839,23.984314873833835,22.471508288200425,17.934154312725195,31.802793649848457
263.4444400402432,267.77961728918683,161.58598831823818,202.50052975406635,124.87367980010205,231.3458969443216,183.4386837129153,157.44424184103016,235.3234467105013,297.23535945673893,5.571768511450847,5.250281842120591,7.4975239863770105,2.779678599056365,0.9712596723633773,0.8154899192123798,8.506409255086256,7.599347245903209,252.9616152409718,398.56688918233056,323.4121988917104,235.1976328809275,342.7438584987146,40.36579341991103,53.724370545957164,11.14291727246872,84.99229504490758,82.47117828774493,23.02848529352526,103.79393486178941,87.90986070562232,0.6020926650998558,0.9767066431209805,2.797678529530747,2.7272937900252616,1.8984060593617635,2.277972968903184,3.587824301834763,2.8707538767324534,1.7601322047881829,1.3841240014915752,1.773754268267653,1.6485351459534763,1.4551543888383798,1.4417179514900966,29.9540272404049,24.4927865545078,13.658448146052168,3.4605195299403086,45.280700344734775,0.9629556005614743,46.018505927042,6.018332063961907,7.881387351245239,38.651171312805545,64.64751010955725,14.476750274056183,11.648197430605943,58.77789918185049,64.13894160112753,41.29801454714463,12.949584026275263,17.502460277848392,27.29817806770889
211.04016231989246,124.93253624065338,240.93615254732933,261.2807234465679,182.72853498372706,241.75313104583086,132.04512019530125,275.9504804588687,172.6807863998854,264.1698018526257,1.2359453875481,6.803228469358079,3.185862882778839,0.3887896188833372,8.945992376634527,6.937940291041743,8.759549644834449,1.2679920944265548,465.9075116576011,293.5633173691988,94.73202383735799,101.41337697585169,384.0568172939457,239.46139815970525,63.74802197083676,74.95422558031814,85.97146370570675,107.89071401778112,103.08431508842271,58.823989686113606,108.96939648225045,0.7428171717146094,1.1223651198123443,0.023727467814065782,4.026843237625372,1.1241628433926856,0.9933470348811378,0.5083380910807296,2.0537111878642844,0.686755935818806,1.481075907005335,0.7390359686738779,1.0909534595656807,0.8016107636155289,0.6530993205016323,29.624253533086662,21.463004421979477,39.400647371296195,18.10063357057238,7.751697189331597,15.154817115860324,66.58968168422533,32.249824069496434,72.48295255132646,91.77178605198655,76.59000780887979,80.32892973145042,54.557498216482735,3.8291092487949263,58.064606822119515,58.282245550575475,86.83628209446209,8.775361034211969,17.649211340732002
205.9301156712013,284.1683765234745,140.37069042458967,191.8479755193916,198.5729168894893,101.67273637537141,134.18728048416966,109.84418290815232,287.63623450494447,156.29546049018387,1.3487628143599055,7.807307212610469,3.131768527761164,6.090506060147792,3.9537373284095785,5.386874530808705,1.788547742264533,8.348773623411597,446.08327568587396,326.9347735710575,344.55089311942476,321.80871450586375,220.37796385167948,415.55885642890513,29.62336799248759,87.26561943752364,83.51032804922123,8.785637477854682,85.79302926368435,29.546673208130066,8.889488797707909,0.9369376904689887,3.5458806050337945,1.834845645673417,1.5606754749357534,3.4340955874181645,0.8077445896332178,0.710008719912388,1.4185326255730113,1.4313287100939063,0.7777989108950049,0.6167866548944545,1.2390686759015992,1.1407258723861764,0.565680513879295,19.246041483021745,26.214608071160914,47.865003612470495,38.70312743810566,13.448685002399321,24.129684015406298,17.122919366988643,39.8532491908438,66.05662867602943,36.803787406851484,73.84974791518053,30.75425285527481,86.21951380326188,21.314498820534755,72.58105308611214,70.13297304886889,5.617279890221171,5.881182944912359,26.366913547415283
148.37045818009034,273.97927241242564,234.68648666498348,110.39131551085369,180.85794945097382,143.5334799161072,183.62895763255995,146.21617057489925,155.1133552618357,114.01373914423789,5.342382788722328,1.3970447246396096,8.394629670964633,4.017873815488809,3.2023571236605437,3.85369255340144,1.448713150302684,7.0856360613834255,395.04222794210744,465.9753932474306,219.32948336809895,255.04524453329427,432.1999770603182,231.09550350641416,68.45495626532193,47.873148758368636,50.17288744954196,98.43188014786831,94.01038098462236,112.47961962888412,56.462580226006885,1.6477487811713978,0.21182418333377367,0.7025644570313391,0.9585695075435268,3.5940277110978807,2.3701889955941478,0.8068506671857996,1.3831934714134329,1.7371677914886814,1.1855084779564662,1.717417535113999,1.4316235078374133,0.6764015893045912,0.7160902013261279,37.61348262961647,8.508393856846507,45.123731727213446,30.95483565824633,49.79115416232303,20.017290722290948,5.669482897062428,82.90404034711537,19.167150585081693,91.69766527000004,47.57496937303948,77.15979389991624,68.51219721505299,7.87635739867496,84.02915307988488,21.021039395689932,11.760961191976227,13.289022994441751,28.18237173498644
118.62055356117985,203.76761142521443,293.9824092214541,257.25563987680664,206.18753568241877,232.3368576799713,251.45659565510016,279.477143492743,166.4345044123465,111.3251114755116,2.7617292952921657,6.049476230475222,0.8163368516391335,3.0568543581367424,4.677378327752618,3.468722324116906,6.340969167756395,5.8156830794440655,155.16531912522422,219.88796927313064,299.8491107041328,60.61723412850714,83.85887957527045,83.0539768964414,117.6026225714212,83.16272476142355,50.40817255642301,69.6085962389055,37.425207621404226,96.60905249731336,83.10287131505747,4.4609298647502715,0.2662917544332472,3.4515465165048322,2.382664192854601,1.3816766071209234,3.815735395643005,4.6451602350110335,3.990973626971184,0.48496983132273574,1.8287546607528495,0.8488176947523749,1.8252220921820084,0.771892240671917,1.475249495424965,21.69486238666085,5.8812310942106345,6.190135012446472,18.457908137856343,8.236055946226534,7.205738574940944,51.90487177268892,42.186225542973744,38.8843998846536,42.33388616632027,33.58514024613578,64.75663657622587,81.87251375359646,10.668776238322298,86.28840668405098,83.67005142736889,6.365851891764107,16.554023587813052,26.347185747693658
279.44315159066537,218.25508714898587,118.78014315788369,140.27275642719488,219.0263349811363,196.79787363594943,279.59292936955774,151.238302887871,240.16168360034806,124.07562990110677,0.30826533435863945,0.43954922290278553,8.822940968730002,8.682716324022072,3.96165405090152,6.246243064464509,3.0821349058165666,8.90837981435226,277.05412370473084,172.3831280818923,369.69137716132286,106.84741274861152,146.6304159530281,492.66658405292026,13.446139465662567,86.9902637893455,34.30402671910386,67.80050240908514,38.107226878681885,11.4016067964629,15.943848509224727,1.8476185887681016,3.0446332824919184,2.4003445252889115,0.354481739820356,3.9471641068436036,4.986053668431763,3.419345370239457,4.870150694485353,0.7773085137808816,1.9549945102102155,1.4483964138088914,0.27432858686910694,1.2662180221799535,1.6557568350535778,34.000409613672524,14.837055198216003,18.79284482330464,9.99433718591211,36.1710368230383,29.19390397768289,81.87097130573088,92.59288904032438,31.282911677700643,85.47687692202082,28.278071687759955,26.41702816435182,26.633517439004827,1.5405493588071972,17.538096294398496,84.57153238891547,42.37341971818203,12.225089843451483,25.341759200444713
280.0836114326661,179.80054077402605,234.52042364502526,151.72416697760775,101.98476422556712,101.0626951336692,116.82553245187657,144.13021192434968,253.06325990507725,216.15371672288433,7.256108118612102,5.025904225548386,2.640950729969553,7.492758747201782,8.649412331077544,8.920854208978222,0.2838501157744787,7.033032903449691,119.70964431978565,488.84836685022003,262.32420224207794,245.01965853776812,55.81125717615499,445.749876416389,37.65050096140952,112.56436236064411,23.035875488081743,115.14851601663617,109.19223741429613,119.87844062775955,52.219467722124925,3.62456990575046,3.213865162219659,1.5157702106786517,3.5093822405872372,4.274130649505381,3.9391690558702,3.2805832305044893,1.7467249415394792,1.9616393303897748,0.5317713732495135,0.3807222989868171,0.7288019499978811,1.031939838110338,1.217306527944031,26.09730657944002,35.62048720327357,18.53397648128119,31.773883229836276,36.39125757028964,35.661483061808035,3.523490931277129,99.66077771406401,9.449286833249538,52.17500985006688,67.93554595127816,21.236922813265668,88.59786512970257,42.11649790141529,19.703592975296925,63.49988192605773,53.26156163935934,34.59426201960275,31.563661235167103
226.62029145465357,110.95232776440626,188.75004386091422,132.94127068645918,192.81903189070078,260.89892848636447,178.6207815118802,127.62505862804944,285.88069676983076,285.75268424109845,0.42161730723263313,1.6329425480402515,5.970549002779389,8.591878928887178,9.299683654459132,5.012141668401041,8.897562426693256,2.0968296300471514,227.5191820428045,433.08713542006336,408.85214754092124,444.91860545224057,113.33014189760256,387.94368028025684,32.944723178995424,12.460468351037333,84.64639863064416,90.97913044862891,46.38068369064425,84.91657009061177,113.34685935261247,0.4229100444104583,3.3296619923690756,2.3444833734649944,2.5966077488466484,4.604168730235756,4.386289675124839,2.7819125473603106,0.20533611290899248,1.968115273112801,0.4663792148553487,1.536092438215682,1.447149762330001,1.473768960232634,0.712709632067148,12.798997932790774,29.62025024985707,6.553665184796765,44.433987396844586,34.30819043866069,33.93918852708312,34.93694503590259,78.07261656943496,58.47880229508412,31.135284342831493,95.93041244452252,13.090992325771877,37.70391745762707,17.86516317541651,1.6166509513597105,92.10939105156983,1.9874731022600733,10.048635586759156,14.354696848351649
167.80595820974014,167.03944832918017,273.6284508755011,166.04301297429953,292.69984817751765,254.56191465806748,120.04911274457532,271.8223515293833,140.9604818112419,199.3486856011969,5.99324072693014,1.9109369670246388,9.3663423721176,5.0003296676533635,3.1041868428511017,8.26475932436151,2.346317595713702,4.3544792726491,247.2644022222974,168.29135646311516,363.8562338651476,287.53145310923776,126.97711783646106,211.6406854206131,33.583170736385654,27.113548171574177,15.716710386815976,102.76366982645287,12.246769929673206,23.430658889667498,55.13246645247975,2.959583008367243,1.8656837178970704,1.0560531408772176,2.4869102917845423,0.814449945452666,3.7416834810650914,1.471101933488563,0.19246323176645103,0.524136867558482,1.3857027035144323,1.1430670331472519,1.9208660697026463,1.1650233172983244,0.6899086429228285,30.52179271900152,24.266089372141128,5.3572396406679585,32.490499541787734,11.758309171071595,19.991215103521988,66.35147427933352,66.63866895672574,99.36698455651654,44.93497989678873,58.105471893563006,24.194623658811576,85.24476678569935,85.56965204939718,13.184245779227277,81.29824268971879,51.55861668916043,22.462978698128556,29.231824510015194
169.84191492253217,260.5706897196023,135.42995788947718,251.350301137727,203.80645602590974,209.6838325987125,103.31849612651958,200.01165183821735,259.5996070438448,268.58909649123945,5.438018561860412,3.713970910256755,6.813412765212799,1.396219396055097,8.652964493853553,4.0813481802552785,9.29987845168951,4.99102438266376,417.50361968297216,237.25249270685217,311.3859366090702,343.9521501021507,459.640263551638,100.08440617575592,48.551231120018386,12.880488573653636,112.84611298047989,45.70949049763667,74.06862091163676,32.27428334933859,118.32155010027262,2.414637244039493,4.0316649946836245,4.626182296105841,1.5092224439546122,1.5265791812301994,4.478221152772969,3.1082396259507634,3.798474941901483,0.22624709389599343,0.8878993830645432,0.6103621158298757,1.9635341141310103,1.6267907622293585,0.3361858648203797,36.976970494869164,28.79028781185004,19.552061680974493,40.7387408051861,11.149136129086601,7.311009482970143,13.0742006102467,39.18971659871227,55.95881410533893,42.438107897820345,91.25265024722661,15.782902244913998,47.11755901487261,75.00375375406604,26.38824928499246,22.162365929354088,39.3759471290626,15.122682641269193,33.40883398582707
245.19113577404786,100.92640460092058,238.5251904452329,203.87717190078746,235.50845349179065,113.29266515525443,232.3437365287913,234.97864061083095,247.7092106793927,189.17732397196158,9.691265436720265,4.381127950493379,4.202855143423662,6.992592217600596,7.837078982377364,1.113705181652448,7.202601063694711,0.6466545048290159,449.0538990092466,213.38828321382155,83.88847975785222,176.12398937451576,48.27374748806654,471.2914788950656,99.08262524557927,104.81930233365271,100.06892492221691,68.75186469526713,19.354031939811904,84.6312303427779,11.536492024179257,4.890010155302978,2.6727866927558215,0.2793234364290559,4.524320453283366,4.303163204043441,0.39070478113642715,2.0566471022443125,2.7663254098295433,0.6147510614891004,0.14602244299446038,1.0395575315219197,1.3123957173607985,0.9424756046899614,1.8732719916468696,48.70833083513168,28.183271645447487,49.60754174957731,26.315628008441365,33.483882867722,25.224595287790773,23.594677689275677,6.703944605203338,54.5259906879362,25.99140620855509,1.422937097294752,61.70512477877514,26.78576473604962,57.3176994815496,72.10358225502829,79.86768663103605,77.3645182455898,40.474302035656514,39.24269880906845
279.42205199051546,166.69983433822884,267.62305792962206,140.97625483014252,162.37277158337665,253.30300990651693,220.48988839331756,147.81327681500593,112.75891125071958,241.71670915356503,4.893710079541652,6.269407002868654,6.92638866816361,2.140130421378035,9.314995956213142,0.7089067909405217,7.650269550123695,9.550911382264552,213.16383057427416,83.05688254900262,419.6150643466685,289.9915825916748,219.43340889197762,270.8520519933981,109.97874934590455,96.14752340386039,103.61316009508445,75.77165290419363,96.60856776190944,94.67252135709903,87.55042425620249,4.232576771696025,0.5362734937470031,4.328431006127641,0.461526596329268,1.0007156121111909,4.650358678918411,0.7356265889621483,3.920127360512479,0.8556907188770058,0.7590375542298398,1.4241928890954367,0.4678371077342478,1.0329638777469228,1.3124648580407572,19.315392866719467,15.698575311751306,28.66266122778062,36.039569783680925,9.719384130731195,44.576371869385596,53.5492643786266,57.31387563961305,4.031370735454831,28.963872999190677,79.44706467360058,59.878311897725354,26.02588310267929,48.90213453503954,47.57675090025101,95.3202078753105,82.99566217462232,30.17425931746434,30.467952942705296
277.4172848530235,179.63373871818868,288.92284389480466,275.5660156304082,254.7982756305525,216.7427175462728,132.60382276297725,251.6080842022433,177.4446282420414,246.37454745730017,0.7296542201401939,0.836841342541305,3.5053983995320652,4.468173724007996,2.5329280906402896,0.608210276104408,2.094468808352288,1.372914881889097,18.67517808588623,479.33146866849694,468.59373680670984,229.21611309265305,270.8753567411874,427.6541755898677,28.254735057781932,71.08383812151149,109.26691368074688,41.98215314168348,78.8008408876216,32.489133462227706,71.81686716855098,2.279600564468862,3.9875255422660527,2.561680355779421,4.350421804346286,0.027307611625041896,1.9880667070910243,3.451090478735388,3.490510081339988,0.937910641769211,1.6328150125972791,0.12258417681002899,0.3264969316865178,1.3729455629117853,0.15125177772614165,3.69139096098438,5.324069388613929,31.278190615910685,44.86322530202844,33.2473849211566,23.701781022591025,95.3231696364218,36.170490554399095,13.922022336369045,18.645392131105442,85.36026579600797,58.61720601327972,56.76678843646529,25.58686405759758,75.79035355840173,13.760644701843095,68.49674363862054,17.299491883356126,18.475836548357954
255.97510917152476,207.4791205875846,236.64960565792916,275.91637099030584,254.584296375223,256.3919954315918,146.76256661861282,252.0011089924197,156.5530914120197,134.79274118066775,5.561710881283971,5.086548436250702,2.8448583218569428,0.7435078105939962,5.811895586197693,3.863486405380933,2.418524813606448,7.004866545544596,432.26918149678374,208.11309129768182,77.11291066655446,332.9736571853487,450.3595963630588,177.6265528221186,67.43924286403296,14.621292155886064,51.98957163317261,70.57853436895094,105.59354810043894,34.551418198416144,62.562062870194424,3.8779623925862405,4.7658082534895865,3.098543015732698,1.889758960055454,4.355428278155657,4.608854974169419,0.6566150179703144,4.538456682834329,1.275731983927805,1.615111167728047,1.311187411746846,1.8974829241328084,0.5203634943828929,1.3584974808546932,49.40457545045692,44.89072724882101,23.815436045924777,38.77235942380343,24.880149960253245,10.186211962208587,28.734261824375608,35.089807583234354,51.3219089102261,33.600055720760835,63.09938379436958,64.18898092248384,7.901027020684581,47.495146587498546,48.65358478198907,97.86978847910291,47.349553531662394,26.30486510186132,33.60072667815431
228.40632923085755,283.97112328255207,199.43495280168545,274.11568500920134,204.25920953082777,250.3493984791681,104.74155072890368,162.51960498166002,160.8980848708061,172.24321179516235,8.426852089099404,1.9079887895057013,9.967164451553328,8.270553183987525,2.8179913889304022,3.438653733274837,5.260550762858251,5.111687257299714,95.39655246566674,438.91125049257494,249.23815342238098,34.782027378715085,498.8711471439946,174.2912753689406,78.24338179903023,36.43092124517776,102.37058318529611,32.215368640167085,95.25628372500306,40.318879910286995,116.64745117077608,0.9732633190559499,0.3095812018817698,1.520002048334432,4.404311344715361,1.6389827143393332,0.3879068589227831,0.9614362192956545,4.430263212322651,1.8090552442499381,1.0399017827515056,1.1290224787192213,0.9244626099787642,0.8332661201693956,0.949591505967665,31.378429641564043,30.19560749988377,33.28536233904913,45.53777069320821,19.638128948644514,5.106138503139654,48.752742122071034,68.77092527094356,98.51785641840713,62.44058032491711,93.40609993617296,81.47845339645663,93.00561945885086,64.12292758644108,55.55974529099683,2.4992796770090253,21.61485950419881,22.737371680606763,29.777378983887857
116.82799299900977,169.26919887319224,223.56944804024278,147.75924227630787,295.2027646558427,260.6004143915674,266.98944113888075,182.13652660205656,296.58937591094013,227.46043130760478,9.968807914386256,5.782354232814245,7.532823288679898,1.346812346370256,8.258535455795304,7.207576533863438,1.8037885412336356,0.35375927385578365,314.72216230629283,102.78455156352588,136.85548356554722,251.71710595708998,379.1601763107196,492.91483553027916,65.01015955184216,39.23778252672945,23.177049533539673,21.48820217284755,17.893069558892556,73.77211195621322,19.90979605647979,2.8160582736849724,1.9628431801158939,4.833821107803663,3.646519677078594,2.07834265044336,3.5790623560344677,4.090319566119553,3.943753704149675,0.7276612226236087,0.997898076286317,0.5185437187187919,0.47015046319910114,1.2871983636222448,1.947860129789147,47.349297678958074,35.03852598420216,47.854772996866096,21.84141030474496,15.361501294208313,47.22436858589454,39.993086306441825,46.36393585966358,87.6607735461859,38.65581687096312,58.99129928812996,91.35527115498034,27.146349569853566,78.22288601927755,11.10665865935825,52.21672447737723,84.71148673025601,26.351011475040007,32.34927615447311
132.32574281892275,169.39064037924555,273.78099689574367,190.24786883619763,125.11004295253068,203.60161328092497,294.9381192097103,141.93805548604018,228.55548269598557,114.13932163687323,4.360397419521817,6.410305661385716,6.482727776079995,9.040665319788166,0.15270948665353618,7.453932865690171,3.1237737575620197,9.25500001105718,22.235741212724285,278.45669721223766,379.71642063852664,155.0363863205438,485.68758537882445,265.6981937624764,54.91878533264575,69.48546754177296,7.4888063799471025,48.00657981689325,48.82312778995856,24.758860504646847,108.03987944330504,0.38234908728785383,2.4427050637253904,1.4164362830122543,0.5298119260435712,2.237206788345983,3.6810868558643204,3.3039843096645183,2.381193908610297,1.7149706174484962,1.2010641406253173,1.5306640405547738,1.8743957799774422,0.15486491160489912,1.6562307671321732,5.639440757550408,23.467862606164278,29.640548703912394,45.2589026287893,47.40505819949428,37.27896573940729,89.739667203008,75.20938447714501,34.02091213731675,71.23232109262922,24.05369025267493,23.03755379017621,33.56248178458553,8.168206625959339,77.65582846760324,77.38931389784842,34.166914004441686,12.353335373916435,13.786690981855202
279.7108377054159,247.50024962194968,214.12194932776595,296.99793122817505,103.3895329779162,128.064903638703,127.09190735893816,295.31220466458086,243.5352315586999,172.30803755259132,3.270957550717751,5.611421639873253,3.617367467871256,8.655882962389416,5.691709712575322,0.6034542914540243,3.2824785316832643,8.533184407307438,205.7581728776765,21.74107871089221,363.598521642303,169.83068002617554,395.67955494257814,78.94075769176568,27.07718317381235,34.67504781422228,95.26251038634277,90.01830730584025,94.07442874017754,16.98796787174941,84.49264728071019,1.7469642709358986,0.7408890927908016,2.9485012057301185,4.159366069681675,4.24289025732947,4.9845853375958855,3.1586458595260756,1.547550773943224,0.2776099497605911,0.5168537500707944,0.6765758708030821,0.2985961159721926,0.930245723904489,0.42549993228231653,17.430675073587654,37.94578870883985,3.7194037561990667,31.267578106844525,25.650636058267985,15.991865148673876,7.188986403111564,39.817322268537914,54.30042542281275,98.69781696879531,21.571722944819427,58.77744901689257,23.330155374123272,70.846468874555,75.81265321995548,79.04381025462544,35.62918871949492,15.312621797422718,27.04434691414448
221.28581193191798,190.44358817796143,106.07741193936737,254.40249526199807,254.0316423514192,234.23149467593774,146.29504275305962,229.12051541168233,295.3235274630018,206.9598932562385,9.07586763982479,7.409125553735246,0.5866922086349768,4.6993693679485355,3.4581139695919885,2.289120302601248,1.6803363392023647,5.290153486247972,493.1205480365214,384.4680370827312,79.03370907949537,480.8495414634501,481.9692940759941,117.64059221740663,61.14522630791243,13.390384349989807,13.60161451964802,110.36152202849708,52.994269425627465,83.06937024483406,34.78454842945776,1.13705228629463,4.339867649436557,4.967149358484573,3.4140624001605304,1.6960818015213674,3.8465878007421703,2.096831893870193,2.5400636693487533,0.17956192804910798,1.0994828872928153,0.626035769938473,1.4861850840284427,1.237814878981622,1.4682111258622463,7.129866594199853,29.432614566944025,24.89808317382583,43.56741392104384,28.281972144292617,15.119944107156135,56.61475913407643,15.086338548656265,55.27022222541367,37.7101079484485,55.583626669271524,7.833622124727146,0.300796056072139,74.27298767612854,30.75615916806196,73.46725691462679,91.60115471870448,23.628475953620498,34.68863833062701
101.83941032332594,144.9209645879964,286.18973910139556,105.43348424511197,261.4311074729765,224.09475701039412,273.6819047893868,286.90877614310307,175.44035649152772,299.24489860892777,1.9932970778536017,3.422531517984923,0.4074630727480406,7.469245222609508,3.2945687000704207,2.8151923165731074,2.1313100506120914,2.3665291277805083,59.339864540863516,294.6478101406764,439.7433629182022,99.52045822857755,356.56265571278306,246.15269690243318,51.13970518680282,89.03766471312943,118.68033674248099,57.63711592229674,116.8220307496975,94.59626307621456,108.69195174771374,3.5973599784728023,1.4279067280013198,4.406661037953395,0.1711865454475888,4.462476630423844,1.9190427920198774,1.9874397860144621,2.5153373205259197,1.0576858479345763,0.12098808410763194,0.9953148630987131,1.287999752332335,1.9380135107585759,1.0225754072870004,41.85775265181194,3.1631555438109165,49.64118802597159,2.4491382566728523,47.48817619199588,44.813315092768576,84.6119699189944,46.13475261902465,68.53606127621832,46.26392140896169,90.64839304962109,12.014243835559512,69.25502368087977,55.89722009248565,32.85780778004019,52.935137275316194,97.5597255597913,15.047373008498688,19.41162050913303
120.29430857320642,190.48790322653866,237.90535020631222,113.04091825209841,124.04144582411524,248.45063743981743,285.292759591237,160.67710872582663,260.3680336905612,194.90671252448814,6.192746258825974,7.674555257167996,5.586394428943108,6.232506230799717,6.484572606262678,5.521358643013813,7.90666323588174,1.3040666177329332,217.60964447982474,316.53889590017883,98.67680134922112,162.51017376351248,49.084078471024824,30.810746139321555,96.48978668776101,39.394224340372304,82.60158940417894,78.92472415167464,89.61015173774666,62.60688150789813,54.368915554016525,2.4555525491596635,3.9172126142914188,2.6862858281776694,0.6771763837272531,3.0885262988597595,2.7906702725765413,3.4544104198351517,3.055274988957795,0.2133582243281493,1.0035631540879542,1.384684389002493,0.26669586232369447,1.7663314670735752,0.45538581097286357,44.076965700751146,44.55980325198771,19.676434669416032,33.063692904720035,32.866927245808114,9.289627623077731,98.81175770625917,95.10125143253633,68.77820412391385,16.411015694809763,7.236794575507699,65.43393129613905,59.05529010342235,21.431919570320122,21.96814505731355,65.09643220703954,89.81309563845042,17.7624929951057,28.084373902188414
232.70035382161117,128.17140407595997,235.30267715544932,192.78627536246654,153.1165665917212,133.97620121014705,183.92547656136207,256.37818259937796,186.90619266089908,263.2113514228647,4.116572799391382,4.384394108911117,7.644123938286605,8.050448859143675,8.529696048208539,1.5307007166788078,1.755238960017957,3.6975855463780536,160.50347559307656,35.343232451780196,400.6569225675727,259.8473621081272,206.94089162641149,236.64165283536724,92.81450130374445,57.02303035767957,91.64671667784214,16.849270062136554,6.782490419386917,46.84076168086432,98.63614272840314,3.7578416894515723,3.358262465321297,4.951968869606389,3.181783998620119,2.6411607529280845,1.8390891814512853,3.702627637659138,0.9386268632366915,0.8457306223450373,0.7384969878761258,1.8648073541648833,0.7436227117149401,0.6334097105910504,1.4276058239269032,25.31492914381351,15.6240392660004,29.897121242116373,42.474766404455984,47.913719923962965,26.984345837998955,69.87254975218073,80.15246291165583,78.97924883859737,39.22152857793161,60.4390512210911,48.65805616904508,80.96445401971157,53.9184587501175,81.38396760361528,69.99321856531138,99.82347235610811,26.274168660086854,25.81784379661074
101.01231676924374,135.27739730124466,143.13503047954345,281.844041172312,103.51047267332578,138.99503998005784,110.12449445381483,253.1717287769484,273.90673436299596,186.41345701332355,0.5067154130599973,4.893426533393709,5.420053985394165,4.374870497780529,6.13103437479393,1.4260180720600037,0.3817281792548326,2.6287399823562962,453.4931804602495,113.40878180222154,233.92037621772238,432.8832045933156,326.8326690632105,215.28101261926253,20.409848338652132,19.681663022965115,33.26744347195458,109.0133322335178,106.19835452949619,54.684912055544785,49.716199460450994,2.5813242337809132,2.994248654110447,3.509835610045747,3.316376509372622,1.6348163905660376,0.9881330400712421,2.5559638797979094,3.281543203420494,1.8038784220515454,1.3822522512169533,0.3685787619509975,0.3848683101260202,1.063699197654957,1.1400363995190663,9.737007774270507,7.325593482356107,5.778519789726442,9.123000665338388,5.765153655873574,35.81846162137542,37.99354756665245,20.574925507336673,2.4971024839682388,72.68324507906794,76.98034729820246,75.83320868344337,4.101077345098048,50.270488181531036,74.70068019617804,49.453922421389564,86.89088439014773,8.833598723525379,17.690785231543813
132.16161028349973,199.67355454789595,231.77709404653143,207.74035959054285,158.66172215611294,278.0819034438657,107.87836673856388,238.3311303733083,136.13150826226064,259.2781445239418,3.538155895626408,6.516211059884607,8.423772212197234,7.879503994019065,8.546412488602552,9.443510003158785,6.33061393202649,5.116242889962357,435.97665287460404,46.42212745325428,170.8534238434941,214.1683407711215,181.85206963258298,391.8747700065486,15.179691044752772,97.29305489037665,82.49452030076414,70.38948456054246,16.592550259884124,49.666900895274466,102.85704515482271,0.4415573663366763,0.9687928149958065,1.0514150765476287,3.735790649859599,1.2261213644431173,1.250026614236345,4.846653529299146,2.288438611787021,0.5588177687941993,1.3128718098899923,0.8532894294282939,1.2485473258130064,0.20718730805417349,0.15771036966598395,6.792388967465572,4.858029881363631,7.488434687460062,33.25845320651369,42.40866177273399,20.121322422301635,41.18243525339439,39.130050164494264,94.36801906374458,21.740479974246284,11.540206962356914,42.567748099057134,92.86556447333203,47.57100963867962,60.914773818425274,59.56849751346376,70.43575176200818,5.824056794071966,22.772965666967526
209.74675787331722,183.78508990090958,178.7728811308317,199.56250160685806,254.6283747837343,249.99555969041415,214.78997321380209,293.12779505336005,289.5372354128559,219.08296032402168,2.7257623727764786,0.2817480015923172,0.43092267762289416,4.678322488944965,2.7195114076221967,8.061608782248031,9.762232881985256,9.667452031621947,126.47239255005212,151.56801474386776,87.53723871036462,374.49398763520384,143.95811987575152,183.92156259972847,109.43770347116285,70.03616584626663,9.97029278432008,94.73889847689306,21.160228280709873,115.39826444733265,78.2123486211806,3.6794845721653084,1.1113105675490196,2.033925090074674,3.6040245498671597,3.12405162945897,1.1178325660288615,4.778940799005171,3.104822111384887,1.4413539727373161,0.823588172347337,0.22728022577399687,1.0065147601871147,0.5574333881538335,1.3285171060047691,29.614123448970233,36.16179553518449,43.796731931121144,41.335258353723255,17.103024087142998,2.4751659558828836,35.16822197427639,92.77920952205378,7.0062045989246595,18.205404865522922,11.676969071201293,12.75984068329381,33.088694006036555,46.063991546718405,23.882210312969743,84.63680534575731,29.381939957147285,21.058210678047192,25.953298536138124
238.37903953853865,282.96918021362,230.24659540829842,121.09473999132612,203.59210554251578,281.6456977400646,178.57902177863582,178.7110672212631,143.75434168217595,277.3190883004797,6.89230242404052,6.574542792060458,3.7308455566168073,9.41556129964366,5.243068362173313,1.888483530702586,3.379016764768902,5.79203958297345,49.78201565471127,317.44511376425396,92.13098551184841,429.6233081252532,292.9256408952146,491.44889315440366,66.58346473091723,108.68234701413422,101.3499577912141,96.3607381059603,89.46662607027086,93.33033910020113,21.220362862128624,4.16781402729915,0.2462685396853809,1.6791217367176396,3.301004573803075,2.2400018586823145,2.7485884975144326,2.0680231551636656,1.2056280663685328,0.674494245541127,0.11381866480932398,1.5412464201963108,0.10812273685493283,1.5722261493293712,1.3064754707386372,25.56562806697238,35.34643415681581,15.367059098454767,14.753493796815535,40.61913249098189,11.774061279116317,60.361309980695346,12.36990587265665,47.616011147693996,37.637487364919174,36.61279966695881,87.20536538308255,91.30698625057939,11.082556629151973,17.185333261374424,31.28790211458272,95.29570488998762,28.60019079336508,33.46936955209078
230.3922519005201,172.47877982332662,121.31860606159815,231.3560209448588,169.61911863365762,251.74306423278415,105.7304855155309,126.14346471795146,165.2441013961863,182.18851047002198,9.49302592714999,6.223992975813942,2.446996872624363,4.915083798168961,4.560311736764053,4.12502129826436,1.274691461642898,8.910317453311968,317.29781308994757,287.4311323155139,334.32637180344113,161.90801435270598,467.4159195841931,98.57726045744253,103.64710778749793,61.97922975251333,24.50677069863083,34.49526053233218,104.47138433450523,28.93002970776268,79.71126379899567,4.518620817304835,1.2111550246135092,1.726628404273234,3.8335321197146484,4.553474889560712,4.531741566314148,4.104905048872936,2.1776305204480013,0.18534810496005766,0.5793198958504249,0.9506924903945853,1.9538500759394253,0.3342966233231547,0.373761805997779,34.89206056719954,35.1580251782569,15.619838031052353,20.559693231366406,42.85401289765144,45.1395028033975,73.9405770718251,25.395024186493597,91.95792763590427,81.86494857177314,27.388117354971687,8.288847114532228,10.713148206753953,18.289248485736476,5.02688511746131,52.320632696863235,87.66268316137537,35.185440611051355,38.98625268404159
144.85386189211195,216.1176700556087,231.5690609206072,264.42063212004507,174.34785898126606,219.43106119806038,216.65047846251136,234.34177184881216,251.2384468213561,220.86088396429577,2.753667155048514,3.1674864558574716,4.528002384755508,4.679930792143923,0.21528450508065256,3.620657792649899,5.746834521138554,6.543700491208194,174.82066882301777,309.95341259056124,279.71089009408905,202.44758993396786,27.141118022915244,299.5834756343861,11.687378865136132,113.26395225905617,85.19617768588361,65.85506211591269,66.68020720844893,49.18175248620771,27.00464771071535,2.8642398070804735,1.7337636112079655,3.8046776324057325,2.8796776724029405,2.463277193409108,4.564505864181104,2.7209065295760926,1.0589040601180761,1.1577121046795877,1.3033609153594083,1.4431653568575518,0.7642108347901267,0.5896119971845175,0.7630766812937164,15.607759499689564,45.82976224773751,19.667043302115243,28.69112706571136,13.938650364056512,26.394388858557942,81.9467563588931,26.222264587189635,48.76688292310798,62.36571897114834,19.831415889368976,18.896464253538202,74.39205814696412,9.733208845134234,4.561148177851948,0.8479721025507869,24.07467924156532,14.178193125151887,22.561520481413837
242.4358442695072,226.45285758390608,299.8827451541333,176.08400150151246,100.27072514309363,230.82654740557473,102.2605073178045,245.86196009544125,178.75102831308135,226.00373612376546,8.133512797601648,0.9493634205049458,0.8165262926218125,7.872211429478776,5.612440217093327,7.930940333247532,9.072906689846898,4.804940613213284,339.3213513969709,279.1331229751682,69.82185660910403,184.71254960729456,386.9232897353045,53.952655534044766,65.54929589998747,107.56484350385249,30.815257641763758,115.4551714295124,38.24071928876461,67.56141350675762,52.371102207828706,3.7703909414074803,4.167395066273502,2.92547200709124,1.31134901376703,2.563856634338944,0.2832712498538693,2.5636618789103007,4.377772732216441,1.6862216320198282,0.2375093517332586,0.7121694055549458,0.5905883463903949,1.893680753298035,1.213208044426976,20.417215753705932,17.772679588883747,48.34069430877386,26.198800599785823,20.737115517516205,40.8643417011545,41.659310968317186,57.09328756619835,6.3636834233116835,95.75793775866063,19.869417361134524,27.6976865961851,57.93582314323265,24.247782766798444,18.7136139808327,68.74363997767932,48.91624732418269,31.997302679979583,36.59397275960511
147.44981749936002,102.61889131766672,109.6424077721112,255.1223701850655,159.96010551304718,277.82558478800195,257.4743916298546,215.01211469176292,221.64227535328934,183.47658836009467,0.6480621876902543,1.0002609541391074,9.545903251553618,8.233619148432295,6.649090809047132,5.151107873133408,7.86221162030194,8.560614871060375,25.738680473229095,143.78410988117108,65.22195161477934,418.0993462227813,364.1363662418673,369.5933521570512,67.03404917626719,71.2928834928119,12.872114483994915,15.307972654395194,45.40128770411519,75.49337413732417,24.583992188983878,3.762701241044309,1.8382994069068785,0.20008263083174743,4.562759302516284,2.0894491728686435,0.40869801074994866,0.28427066627947273,2.4449256147572727,0.8779900518509768,0.3045206014835813,1.7042027586720145,0.5226416160087951,1.6653260209356702,0.3636877268027868,1.55737315563229,28.2760862897667,4.677329553825383,2.4398749553382144,36.43771053858775,28.006434368135558,71.67085022590392,41.073331971132276,22.92400198119392,90.45404349276255,13.066903242483585,99.52806070654268,35.8191215252584,26.3476782730673,10.053253232322213,19.538546461484174,7.005566062555014,15.758854021896791,16.87539550018852
165.07993963185356,232.70747440334213,295.4348368442635,292.89533078016234,229.2917483275861,215.7613509023881,161.2865645406743,141.36357862667927,188.91470021388568,128.8624087374963,5.427397999394151,9.239915095153762,2.310228470586673,5.58944223177959,5.9599526037487935,1.3657123962353237,6.262907097285888,4.766544290712675,75.36562523696982,129.80867369876836,45.432181638667814,31.72996235726457,482.3371784402607,497.429307150366,103.98073374234724,112.39774538723428,60.37177303318035,83.55073827339979,44.43227290354644,58.841148043308216,7.5318533017186375,0.7871913013967323,3.775562696000376,4.3884679334183705,0.10088801435056988,3.948422354986512,1.2331440952899941,2.8741338052368675,1.1326572637133225,1.2728582702703655,1.3293665466774656,1.116173348656218,0.4017502027297789,1.585472654032933,1.7201744178860374,30.702080731238684,31.1650313582203,41.028823076291076,5.384268855227965,5.403253729400048,47.20830373775902,91.62225920297765,7.9870673996299875,57.86667553684227,15.113719682324234,61.085401308195244,41.68598201759839,7.9142395933019305,24.50758614930454,55.610767292244304,48.10012537137689,95.33088632672171,14.43800271462129,22.233894092842096
249.29828102360483,135.60719337395028,181.38159214457414,140.75329182553781,294.8388887632714,226.4782648656775,108.05160060184642,200.89118833387107,248.47398741795638,118.71188138246711,0.7984456307279564,6.923865280135788,9.23084697728749,1.8799983536012466,7.389170997955873,7.416021425246814,3.219059316415234,8.699418888052573,346.32239405859525,77.15924493292482,374.4460002130366,161.1263335260532,466.04849894294637,411.3779324982998,16.225149796416364,42.155205938873515,24.467914181370787,115.66036897404479,42.56798193809391,98.1645630263753,29.36695203674511,0.829461230423258,2.2028169836644826,1.4910127409960212,1.8391429821587364,2.129947598565259,1.28274666782268,4.503883873510191,0.21563139175031598,1.8100448355496792,1.5359580618036555,1.8928548614649447,1.9983604448113688,1.7426592315740979,0.1522234879466372,21.44560430665065,48.984350514039896,17.407114885066328,5.473095675565885,37.89890994979733,45.50213674006383,92.08247944507053,62.91814545770856,8.786161789896907,4.255277460721462,68.8125603584087,50.17085304781149,60.47365098467405,21.09290681856034,35.8090127794477,21.02052162804593,57.27683277214559,11.487199602348309,20.696131377024507
229.92657980944293,292.214063493891,274.1506900674518,204.66592623894826,269.41216539677987,131.2953432007201,217.67044419663068,162.43794731382587,145.6662504737222,103.33431011992661,9.346926612193329,1.35831587633033,4.31634223486315,4.730806486480037,5.756261331685463,4.029190984426697,5.464613715434577,2.9866100188000764,114.06162109822391,426.0447287027111,358.8222217623517,342.9101932216136,383.4939554016545,282.29473495294764,32.651239822729565,47.0488487109843,88.88605865755322,39.56636742621255,32.934612259489725,93.27469223769664,66.68278272827446,0.3637186739875393,3.926492876849503,4.985403635796587,3.647062762554845,1.3540165787512772,0.4834969844438631,3.9028679074835093,3.3819359366211734,1.6004195742002767,0.7109444452241529,0.24974781437366497,0.6607079889750492,1.5242508045064724,0.2953910884417744,46.02834937376567,15.961134114070296,42.54866728628101,13.482261322209162,5.968409839709829,24.402958079514896,70.40290027146425,9.90778645201502,42.367793101729646,39.90947341947542,70.29362268790446,76.96967509738684,2.6439883073913095,73.54220454847889,44.49457821681463,2.3533714578492293,24.520054592816543,21.49969724131971,30.024747988085963
269.8446820988356,129.7325455506226,256.4770968116547,157.4275916169151,104.71899292910582,194.78424402322054,179.53688288661095,185.4933056333378,111.6915974473754,274.7068528490429,7.686877677518163,3.6315593761581733,9.85668891922666,9.683917778805816,0.7608275230224935,2.702950051558256,1.003323928912128,1.3752494302535825,430.2179611235768,312.0748856852098,38.63118551874182,287.0673147870179,265.0002946944734,247.5232651258491,51.75190609700651,10.229964400194248,32.320071989100754,104.06651096150003,75.0197158823618,63.09316064223918,60.379511294394796,1.6063690393501044,4.881595286180829,4.771411744370581,2.1415086453368746,4.311534062724614,1.9484320724554682,3.9337225520493178,1.0810771228088811,0.46836515884635666,1.0303788244814676,1.0771259666299413,0.870475644726135,0.3291138106246464,0.3206031477242798,32.26842173638784,47.838394395245054,49.59190465047485,12.670273583721237,45.76555874726888,16.254564259099297,63.69021928125361,60.64149319790781,32.90932661914049,52.20794788186396,53.23539761386061,63.64155853388137,50.12820991460075,81.8565399598118,59.406718358718976,48.32205516980166,29.239931362387573,26.12248686135257,29.624920802316133
231.52257846006867,182.92482474540475,213.40325219733356,258.5708838067679,279.71212093496786,243.2794223916198,294.7600826714299,229.04371516893278,159.98587949461324,147.2949824477389,6.613704120925464,5.965581639625804,5.585177996256086,7.554563311087932,1.2528106884386432,3.81743635800513,6.821559700378632,8.56761319719309,38.70953497796636,101.39039612698929,284.53233704251676,223.7817860539102,110.09110108442474,419.164681020755,104.57176967329335,72.7581042778431,44.384343967120316,112.37061772195123,108.54661163498272,103.259379479899,62.67216598664732,2.3728078528279117,1.2068093747073247,4.703248276243007,0.1339236933252714,2.988172824612549,2.942749709529523,0.8080459024959328,4.948015139670704,1.493429522793511,1.8968515934689514,1.5562649673956275,1.755576240738369,1.0814665203219396,1.103403539352605,20.235377326759846,7.8623494875778785,17.759036805481518,37.24000799744658,14.178795018169495,30.282604973607707,53.152607552500676,50.70083802260258,81.52076278242394,51.55706152187145,95.29062696655667,84.14206919413334,60.420857579365496,32.71092165725699,65.91017453535136,42.483360661070705,98.06563726298596,26.55896213169311,25.708700946838746
213.66172066709433,117.06993361572877,247.6898418502653,215.51867317623152,256.63968265972517,154.18853966327308,208.83973250074044,249.0429485381669,194.86173297368606,142.30134985635362,8.256574178084175,8.372159880397422,9.315245355340494,8.13050977840341,6.005098317685128,5.027789979708274,7.278450587086743,5.915410121547401,115.58617156493156,96.83259611240736,51.49131606891805,274.57463133847835,277.1655019795314,468.6273015082549,112.9715812331152,88.02125654182734,70.25551389541438,90.91491408040488,40.31447750458423,91.37529600087439,33.48399102135915,4.989510285243543,4.313084643699742,4.057526744279229,0.3392447065499038,2.9616359966473187,2.8950293809913235,1.7986627411964826,2.6731648633417064,1.0535967478042887,1.896532768134342,1.240290031339868,1.3195862567314685,0.9440634495244118,1.278216623120388,13.547664453230844,38.318072073378175,6.903140127511585,28.850847107799154,28.992167669934112,33.90694024263894,18.319766818212855,49.36686607253126,11.013193833544921,13.41072677710553,88.05327775900658,48.643345858789374,73.2523747287522,30.51288916844489,64.8201719882578,42.51495135243807,61.56142918041977,37.90424209431588,30.934003934340208
118.7349535656185,299.37485036918946,275.70311226026956,226.91648351006074,256.0752247141961,140.45083610490698,155.04783620740164,146.44493818026862,133.6040104385357,247.2070800852131,6.510445976144615,0.5322431942587844,0.15295498807280616,0.42497243831047726,2.822294000539038,3.4968436125283935,9.653813066808196,8.902014742664706,499.29452175768364,437.787444747807,452.83542759838144,106.81644705587595,385.0224770206304,494.71119764106555,119.1633312532672,93.95470687784186,37.77135192139083,31.6027559153002,26.46984420806239,94.53691260287398,83.79353807063141,2.160656776920166,3.1129021906658156,1.1108605251008776,3.24670047200006,3.0580028137479935,2.7217141094803776,1.1736925340846767,1.4519952112776802,1.517336934983561,0.6842552714805171,0.14406886681100123,0.8005193823160177,0.6911879987137222,0.8671075133528243,45.31160465907812,31.82785205101043,7.646587150154949,38.31681618993944,6.299098253775503,25.168577068881262,12.362965260541847,6.749624529922982,68.27984501587862,12.481743215461039,95.76311426662801,97.2177687493222,99.1334634224846,84.4032349752508,26.085658682083245,20.88061599288703,42.068312410640374,15.099494067547363,32.15905726468885
173.54316061188672,200.43900206624852,180.8280643302066,259.5828319231788,191.5991518007143,162.76536164488311,241.88777292679495,181.06507212939067,170.95945793127774,164.00322261747834,9.692549532025483,2.4426680015530877,7.507564181190911,4.731808680078183,0.8884867774441818,2.4948671486584026,2.6779338515762094,9.384489349224594,222.20729026752838,373.9381232440265,454.4875353982649,221.05114458792508,448.87791419256763,204.30422150659723,115.30725094272998,22.22887289530188,48.46863336414559,43.4100826650583,101.43643163271386,114.98608963484291,85.99027798433977,3.6339505166517805,4.088298365327388,2.667837392703622,4.824674351032446,3.5970103435462772,1.6999729051886112,1.5864172594536234,3.2918103946252253,1.0395795459922146,1.6389769625324715,1.9474434888533734,1.8068240282553207,1.6846767784672505,0.6484669725695157,1.3051211688134416,40.93635384496338,38.0576741019847,3.9598548418380712,13.839911155792695,41.20301944420717,48.57110067893803,63.92204468835359,40.65890708759091,4.686075577920368,38.879547812717796,79.6812361586308,26.00937135077649,62.392390166579105,80.96270202961027,94.72045897481792,49.98454617855381,31.906934908201386,33.74233501131131
153.04047353634508,219.07700346400875,165.40663231264773,179.19409453249096,179.60105859090055,148.3001255985667,154.29840050854227,153.83231419832583,179.9966036587137,201.20893848236733,7.168183683861238,8.908515003924261,9.040201465714903,6.501549223209798,4.353067160140613,4.0451700851594055,0.28271854852592415,0.6309210646773469,354.4531751368753,333.10554915363196,352.13416500843374,255.83446224641105,396.95888451316904,495.54956264931104,5.683301922100758,56.078293315937536,98.79650366964447,9.118068858039035,90.30508305231588,35.64369823905831,46.16629993936154,3.470051161099948,3.261413652316348,1.1292701078566232,2.7637995428141497,1.5722092666697087,3.5352138697297373,2.9019013240336897,1.383347417956047,0.3431205118057754,1.2284937003330318,0.6667010168442069,1.5244759842058404,0.9818644845110439,1.637703013688559,16.682167128993413,1.9199358951724335,7.6736168407377585,24.51810475484423,20.49577465261172,9.574761828351699,15.944415620745932,43.132025858933076,58.77506804723286,85.08599260554004,87.77831599550247,40.13653883132652,32.238982137347506,29.343832478905753,91.77096699192299,0.35071518106944977,9.855007237734338,23.106445778826753,34.71278196883859
148.7979286758167,113.4152954776855,233.51867711271694,283.01801368140866,160.58314576663852,142.98252740727918,280.84865828151305,139.7263227723738,111.4783687376547,132.50221305949125,9.254120234864242,0.1907389468197832,1.4832336130916455,8.31732356791794,5.587793721028188,0.2898118164239926,5.501523797828791,5.059596088402796,99.50489393993671,209.3634126942569,463.83257150533046,451.5826697577548,105.68079824361645,86.40386356517743,10.486459267195285,25.3392693908003,25.609132699517957,100.61712193821585,112.04625862938971,35.779538672187655,106.33456017453005,1.0303649317503922,2.125508041298009,1.3057805233888566,2.5387215119386077,0.1788834104566842,4.134154865495546,1.8302712287175371,4.103168726609635,1.1828279487095543,1.953420537365722,0.5736279460961259,0.5330109643292293,0.2145654425793444,0.22974336908019827,47.20352639750773,4.367486625483263,13.390867642464512,16.526891173630837,24.60891939580921,17.053385615889603,57.6999925669336,41.110612228568655,20.553177192054473,94.77441380681788,76.28746994068838,38.1271822945248,34.1145346808992,71.36122925865823,31.593834722319524,89.15454499973386,7.5022760072876,25.02741996492823,22.741493324472287
294.6021109504891,249.99209407983557,261.56918838825175,206.605773449228,113.13897179087316,184.9701685736174,174.94439410147527,256.6774439991677,216.66144963684093,291.94914429239384,5.219605730905316,2.093851117659485,1.0516459321482998,0.5878091704694376,3.354585284661105,7.747728676353508,7.097225993528463,3.8121490358378396,308.8356801429135,138.3680264964736,407.61198490270834,137.8092297739484,303.8462939717491,134.2393902066355,21.974784203122695,81.14464511823861,14.453182790422373,102.70528644877419,24.034769594564608,107.22950940442361,79.062669913088,0.30195068573268774,1.148093947814534,3.058649329487024,1.5984428131507737,4.054859872776278,1.7379085897222681,2.8078821091466875,1.54809789414041,1.0350545855549458,1.0074657824510833,1.022753763652501,1.323104089739849,0.6224346090685097,0.6325545361523042,32.874633845587915,3.9499410886727198,10.617718011272949,42.571995882409446,0.5033411335054344,34.47562968963942,64.57027303012181,59.645139641853675,60.97036847616255,11.568502021797167,33.99729030340131,92.94911920442178,73.1582711858835,34.459281023316734,1.706541656606797,73.69019231394822,59.27077433003849,17.65718255770395,29.8468519984912
178.61954493335207,141.98111861911715,252.45702695532316,131.5909645670696,145.6470726987398,281.5677027767068,209.97371255524104,281.85053888739844,276.8686855942575,270.31628000344745,1.2589376885204404,9.594339342132363,4.30326881114096,8.539144967854543,7.232293652035202,1.7923544463190995,7.925034011241581,6.2959981309941595,365.79197350101504,489.93087392528366,415.9839022042542,435.23596606081696,172.76499517036493,53.61790111960914,45.11914112858141,23.163832828503335,42.761145290297215,77.76168564611216,21.588901123408025,93.80603293935313,86.99951665474265,2.7345736901526014,0.3594757744025135,0.2137593913117863,1.2908864625916552,0.6532362188693708,0.43682144290431535,2.1981212288901393,4.941356184655587,1.0840512939187394,1.571943049229567,1.130100404294363,1.8525571467555628,0.5343800102559457,0.17431959972754446,26.869594028523306,29.851493047115746,18.106088919533637,35.53556326704021,44.48846023783319,12.710851336684085,52.56155975200407,60.62480599465474,67.39777274161128,21.31223685491116,10.65932585042193,68.44156358147173,93.18192682561138,58.655561434217304,89.9154186648505,17.20720335332715,51.200403644031645,13.707658410346902,21.83576510774021
278.40931103542266,279.61085788814273,259.56272977172694,239.1798236337605,149.32072699560493,201.41192934774364,110.11462076484577,174.04643713691536,130.34858259061048,272.75792459300067,5.32895944208787,6.172678280569494,9.343421170716057,5.529169273744926,6.473329020202322,0.5346556749433088,2.018015436945625,7.956552852303003,164.09355157459015,400.6473917611721,289.15684677926725,325.6782864047311,14.510777021415066,143.151873077396,100.44057356350025,108.97882365494861,53.80332820659599,45.5407028953429,67.26438034507461,111.55273726509715,36.894090562978036,3.5045249056492356,2.6822366386589778,4.8475982484353315,0.11471505896386072,3.6118804886806153,1.488687952948364,1.4402116366641409,3.029672479372015,1.7699146619271535,1.559460546268255,1.5559474614206683,1.0432756690557838,1.7862098811414389,0.1263912564359092,10.574968537061158,30.34533534498913,4.18114546990953,43.528294305926416,0.8799030731644173,22.272314861839877,3.6426712512613646,1.503329576198853,7.023156466107783,8.986288473491033,68.26212498968077,62.14336345256386,97.43237495815588,99.26340299878015,92.3548732953476,47.21919863035545,35.915319130344116,26.73647803705947,33.9822317598614
226.22772519945258,141.02792809640144,187.1166629625866,258.6522700876509,196.81541394204032,137.5840761630646,185.22424759044617,250.25578487475337,219.5616026803028,181.35474971440104,1.3560409978246237,2.6905465297113142,5.469626945885343,2.0534083087029935,3.3949017748075527,6.571617059760284,2.6913534034665343,2.8778431381462526,416.1595848681801,157.87181933677547,159.9690071259262,19.967007223124483,108.10825853644637,386.28940029282546,107.65546246358025,31.522984251062535,67.40581744570528,13.833268178590862,75.65987030603596,12.259968437312104,5.0703380428925096,4.991276433029418,4.951727211689059,4.594179131164043,1.372044789525951,0.4207533384537705,0.6954695863287649,0.48606313668374157,4.22361163322389,1.8001903887418778,1.0451224485028447,0.8472199495520794,1.4938635653801677,1.3301323912140999,0.7714217851711823,41.75205132559216,45.352192023071325,42.90875287915927,2.798142559099973,38.79738586822404,48.20481055810049,5.772795880233216,12.522590120320665,82.4344267582937,87.7502171140835,13.645232412188035,75.78306374338109,94.58113665581291,30.159437521603326,5.094644041303353,98.88500815082726,56.61139525113646,23.931663162024034,28.35542093670709
258.9622607083297,138.1375441327333,263.5668432350043,163.35233541350533,249.4888813193388,115.39433387617481,266.472707932199,279.3990578728822,232.94784098216925,252.47224274143457,5.96568544384641,0.7632118345188913,5.3218189908451485,3.2408266428520305,7.57323803619475,7.761967675354355,5.174650160146234,5.612304005294399,305.6746134514188,425.3067501764624,116.72156640704658,365.0693550807029,65.47811846739015,427.93293550744033,26.48595672387705,38.511260623148154,47.82872506012581,91.60162514021458,60.219945813852796,77.19206388508361,104.5181953917426,1.799469150883042,3.692828607020889,1.910030185067022,2.2510610999176093,1.8827861317221757,2.3421200488636322,4.460273902150465,0.3733491931963269,0.9617205028548648,1.611697217164885,0.9359247152782031,1.9450971135794026,1.1647149051759427,0.4701649586453708,10.607853598342416,23.646373968663024,43.07724243414918,36.18076273354672,23.793656161640364,31.48086064798542,11.334118468148546,23.651822084472062,86.12541128882414,95.87087335362409,29.377580700111206,56.08338281117115,87.93830077152434,93.05260007083331,0.4956591859212267,64.36982369843072,7.267594943717226,24.05707416926553,26.448785091193784
200.5274186210384,107.30993356961898,124.04181107412168,271.4358513997506,194.7619656795893,239.23122902758504,261.1297610726684,269.2248421060463,183.86693608385767,128.77523107795602,4.876681299223863,0.3790942704274993,1.4971485711632866,2.8911025623404516,6.522080921077051,8.156908402769147,3.3729480187030187,7.116412941058505,200.6702747113648,381.87665482119394,170.3280107990753,27.420419999036994,422.9323705343396,391.65739610026014,76.2613774362665,102.85422704736497,95.8398455256226,88.55051226514114,73.88116317724568,21.632258884196457,99.57880422667797,4.4828591647846725,1.643454251581093,2.581958015554496,0.9977694174142614,0.3245000884593759,0.7881164050672306,0.06675309636319685,1.748014092757079,0.9658908784321678,0.5959766332832933,1.1164238402742788,1.4117868677009047,1.0626335591895395,0.6098951241926679,12.788549810301873,3.868428222745715,20.940178474893145,27.23041343189911,26.432061232618132,47.47833311473572,15.364580498833902,67.79773333459791,6.355405568279471,26.179657672089007,50.03645764437873,15.91667730857267,99.0977373820631,32.06524142846982,81.64047829927422,12.73767238186675,94.39911714315463,28.472360785543515,26.41712593737466
215.38077692527182,194.41338902199985,208.89781959216992,281.2286509531533,111.56888988943211,176.55975288727757,144.86371177070527,136.56267770784518,240.219517472854,101.72380051835606,6.263496438544538,2.52297628840558,0.10781615982286599,5.355504439455911,6.410709249307231,4.985740908339939,8.619063717215706,1.430867720073767,283.2447727381477,155.5694694402192,317.9627607436404,498.7167521387684,136.66806355242787,319.22223130217117,110.4966282825068,57.72377516675824,9.521741081874424,109.94928999997362,25.743673420633204,62.948177803647,19.167067124925474,1.9158429547872404,4.137751952432809,2.3359359021461175,0.4458664625223318,2.6158462613423454,2.3195953407133065,0.018245915828436113,3.6900605599690866,1.0788552218579703,0.3322807689514349,0.8493354895091172,0.2946335105555532,1.3352147523287845,1.6597995991644394,9.996631572156835,10.871705380314514,30.798334666662026,41.33750143627051,10.809141227059772,36.26084946080451,98.98826137693332,57.67411270296074,60.318748809728575,30.358382993537493,67.9882535148473,31.92154620784311,37.59457268344969,54.02867043748234,30.14633544831066,45.76422388564318,29.371168778422184,20.531960986110487,26.810335496351303
198.50353876377278,212.9682266525233,101.15173209962431,155.3808974755618,291.5579601976408,264.36618931707187,145.21581420211254,291.2583763026723,182.1463086982024,103.99458651560562,0.19946511244283277,8.826709613930214,8.120386898380065,0.611688231120205,5.578934237791973,2.133145028430855,4.790225522013331,8.159262368917542,292.6128152436029,219.01089857840344,94.60170255787547,437.59197696868694,149.5020047549022,261.84359113609634,58.32914963210189,7.7595337670083975,54.65326689283417,89.01118241561664,60.155581728869585,22.91089716314609,48.022090519975244,3.450164425068259,3.847230160880269,4.412176895301174,3.591462057600467,3.2691475061800594,1.1128044326999924,4.135720721420094,3.2787444965295074,1.0872196288350882,0.9078111148451008,1.8376413502921964,0.5646631467694497,1.534263538876537,0.40966218287352063,8.328398298191336,0.8996181934832239,32.27660275976308,25.60444925082814,30.564733342112355,36.37100509852506,34.449501686312246,75.76291323847538,59.4011496972227,36.266968441293955,92.6227657197305,55.794486370896976,94.83213199987064,45.998378959903995,91.45821672959885,46.820309657281236,7.177879067199888,12.300612101079162,25.468404201339432
139.0485975596089,113.14172788567048,164.91716598005405,296.7042945430444,288.5448638188225,231.90215372815405,263.46106244264735,175.3352880858925,200.927457595487,217.3203474809121,2.0289208673881047,4.217545177545344,0.9669881735637584,1.6695079691492432,0.21275771407667268,7.398554004773285,8.01582857660983,6.100485038544433,91.11229341999434,101.11718824160306,136.73371595228758,155.69843629462238,480.3689201814533,357.26510171468675,16.907510774570156,61.87741888830426,48.95943018548653,100.29991835806021,80.6806445080618,19.729028533261115,81.054020464687,2.9952821232800892,1.4153626088337494,3.446123362817394,4.474155142649655,0.8654513744791597,3.6962682162573905,4.984086592225692,0.9792731759544513,1.905735573940314,1.892898247603811,1.7173787366050792,1.230683230951033,1.1533309410798689,1.5824433975884218,47.68896855095074,38.947368993856045,37.58827670962347,27.240349356144495,27.092979503887882,29.79693009766518,29.197337364128618,74.0607805543857,1.245841186844332,50.24637593807313,59.32400448489966,1.8167820927166956,76.10199623959116,78.31595623439361,21.674357326954663,80.22633328831084,16.950427257410404,17.924896581398567,18.610279578892087
244.49042305230105,255.1055233390021,173.29230697427957,128.14230560975167,257.0379086296817,259.2482901082737,286.0796840338651,167.84813223476726,101.4706089108854,191.07898104958815,4.964171275930096,7.231300354743331,6.375113205479707,8.145661129420246,6.995421116421202,7.027159463827938,5.848135628775302,9.500420627425152,207.3388612348134,64.41569774527358,239.34982276977757,136.13150279638566,195.75249429393756,201.5084391409387,57.64856975973187,14.72248356871415,79.47152644278879,90.78478105895995,54.76124166360093,6.3993597189338125,79.99274858015374,0.27436417857995865,0.08139437407323108,1.3977751246475387,4.684492627738557,1.8644218160076265,0.14756552177086973,3.6382431102911443,1.7874526232434522,1.3338608880172376,1.0514147555848046,0.9644500206479688,0.6235560492066216,1.88274228878996,1.3825961839780907,30.300564008994765,40.87217212559834,26.27415933343053,3.0624853566322234,8.62970212770462,7.539325443328977,5.226663566422907,85.31828692061507,34.23464139559513,68.24609786449268,67.14130996720948,43.735070496322784,16.845985952797825,6.109269948199481,86.1154616126587,91.61629328261553,9.547391448251686,14.434878074458773,23.898538646808188
156.15447248817117,190.6577669496055,179.23453832185106,140.403133680498,298.2655803128441,154.38920788368975,119.07218425460071,112.48626545555607,238.34402282693776,203.60306978170394,9.509985259732435,9.191021850261581,9.154702899700396,1.4127795083934296,3.8228137319806494,2.538080267621415,7.753592402009408,3.4613362993938637,178.28098812955162,364.1533960914514,124.19454827706163,196.90613023174836,14.696963670753334,422.2410922348539,48.21641376312658,118.31464264904072,116.12176896820054,77.52902665591638,83.13644361890876,77.477463424034,103.940288502984,0.40115825058158994,0.5996315662844085,2.2397378597818314,3.093813655199977,4.651895060304837,2.7781840561213085,0.08621645193379483,1.3245826033628292,0.6271682902870934,1.3069923634291611,0.10037023844090256,1.9193292402393658,1.9559849242357308,0.7202464977675821,32.07293803449965,49.89805060606473,25.761634249363457,33.59188181928035,12.286890566786347,26.22585739887124,63.532039068559655,37.68148612724139,96.89257827137476,50.43905832546242,31.001385015097803,75.58028792759367,4.546518787720233,62.71223040686639,6.864426972503668,8.224154328873457,17.860450435968122,20.503021737576393,26.647316241089065
104.86319328629077,204.878053865516,239.09344133797242,136.84496784760523,208.8964665600526,238.4717844922116,190.01172788524505,197.2347308209766,232.2685357889449,101.49262808344388,3.8977294995160685,4.139600569867884,2.1656539402684674,2.410623067635457,9.43183613057069,9.04373678304165,3.3934625666502063,1.1706448291382667,206.44233406377177,141.08081010339464,298.4353981608702,184.52181300407707,149.0846126896069,341.82314604862484,71.43066954759081,72.63283060239428,63.693171762319146,54.10113533196606,56.886997263691555,46.287600919359896,21.130838588074283,0.11361280772506027,4.387757889657167,2.150540218676951,0.27334516717041624,2.217521694366209,0.855746491851083,1.1411842310758817,3.0707171471115964,1.1099199142125808,1.2859086662249632,1.8117755415056331,0.8701688646421302,1.9911504015567636,1.1384566758349468,47.739110551099785,20.90362522812817,31.749536977746438,14.020423842449977,3.8117296361166297,13.006976924921814,65.21907851312807,34.506386618330275,55.545075226874296,95.10015816762412,68.72926164285388,16.423400451627234,21.448395787032226,76.0666944348823,26.063684731397363,31.403728695283228,41.67540548266119,6.357858861050523,18.57644551060238
229.09445918143356,188.15254938764565,177.71162025406915,278.7979420015741,292.55367005064124,152.81239693874375,167.4908557928458,121.80272312818573,107.68017546526892,184.53732393148516,4.301283057930983,1.993645973270231,6.686201078745417,4.588368995481157,8.198049233664333,1.1332774350200072,8.33102455711008,5.1143618902655605,382.9441883577764,411.8290892156643,462.35625394360164,192.44553100883672,68.4567944948881,351.9243022622602,55.44574870681692,34.50125102526252,118.49083739829786,108.74349049386194,43.36395179686188,17.096652761081742,54.44307099528866,1.8604620821240077,4.18444954617131,4.797082489736754,3.7069045235092495,4.014692409193017,0.014949403703439071,4.859395274307187,1.729395464999287,1.2917248075251675,0.3518884478121078,0.33623948953498395,0.9687377708914936,1.371843109168425,0.9444276585716236,11.913465228715351,1.4552695823788295,35.300895585658935,1.4748491478516141,3.7810368184279075,49.93429144038837,17.544868957866466,83.10154030534632,93.3211802741505,9.989345852149867,43.77901207300745,6.4558950156905714,77.87511242876262,47.21448513821193,97.3128879145641,29.843812688511495,73.80508939355208,18.46800179405091,27.597974944425697
135.4221358814098,180.1526121750652,189.73872452450613,230.85851046499238,115.12100812335015,287.8136958900583,274.1376910914879,149.7079641854852,173.65002147902663,243.61363224017217,7.175491281165559,5.219467515483503,0.8791159094043437,5.219496792321971,5.918175248359991,9.828613571954124,2.8182659239551135,0.9495266399234447,246.4438196586696,497.8482686420688,376.563789194532,165.9555075985454,60.376195250568436,272.60863663324494,6.994781588177563,69.82753314797604,39.75868041501771,79.86138576935903,39.91458041501562,42.126344439100635,16.180808061538848,3.7315472333423934,1.4830929143830287,0.8848014434680519,0.5593755732568131,4.6366518778504435,4.347308439443387,4.044935218347436,1.5521806675817456,1.3155662699265327,0.8415640765166995,0.5645735888686878,1.4330439775932229,1.8719788868361689,0.3439510994455642,0.7929181605857571,12.119129133773425,17.661173662947963,3.788639544048487,1.181901404645115,13.714616035010417,91.92415409246131,23.760153386718454,67.5644635877384,79.8605512275063,85.69311828837738,83.60291407276985,63.16968812258842,10.529260653780536,23.119665433128233,99.60481249190182,27.234834745503978,25.340952807668266,30.19046532598496
288.0917168705829,211.92806626164358,147.50882617486548,130.42085664445457,173.13614965227427,227.27485630667488,116.70498293600374,163.38852435345626,295.8063681583335,188.53874039348716,6.0775482971325685,9.090028501892558,6.077175923992368,7.65974374818017,2.5966016200107673,8.616453328676899,5.506378199232579,9.698312580907666,470.7549150872395,47.54370882552785,336.5490409329674,314.3553693556824,47.96877216651726,443.76220226347453,119.30973934257219,13.839716888901807,8.549835242383017,50.81086202607954,52.25373678368762,24.428570516932268,49.80345357044224,0.8720494160137063,1.433125177159258,0.45698592309920094,3.3520431072622414,4.871985666636659,3.3609236611921975,2.8383312205855082,1.0448161223773451,1.2119830298525471,1.4431840485515621,0.3894864402942566,1.0960744895495609,0.8685114210851138,1.8236521112949338,30.144740653729414,29.594558949333145,16.853338426806346,47.88563764381827,11.413479111412647,11.9189492513417,80.04935465951273,46.117237367360694,2.839051822327643,33.448309081347105,39.24505139014743,61.727386846336195,22.43562573466852,24.480501348481308,13.301298407504113,55.92271166913997,43.59266219416439,20.803141499497446,31.587801183890033
290.78571540051746,131.0480491861425,174.650358325868,188.06468367366978,145.07625360135316,164.9023600350684,142.22518851160748,261.7652646983368,184.14731251372336,246.44384126244447,3.059368885973499,8.063306699963237,1.7229240374367072,4.528591023995259,2.1168021934488994,6.910196590242844,2.218670420421355,0.4829810867461962,153.90144254563373,241.78721129101314,295.5335232320516,90.48919522310574,300.69714038593486,133.4872195027357,67.50712733901565,96.98749999091396,24.051264259787466,14.598968945925082,7.655306608453095,113.29490562269083,6.737356242586004,3.03320631223564,3.9663962856413306,4.404287972486834,3.8990355203819,4.492626878259933,0.5037246820321117,1.1919349401073913,2.0510453333640952,0.43769869378092097,1.94678118730338,0.4416495829639452,0.8260773370886598,1.733225543370032,1.1822741384129443,25.638320234595852,48.116176869110454,13.851061002747505,17.630825834202426,34.14323075615426,31.382216178640206,23.031931680750805,19.43256520222497,7.771319804839205,37.75476880865476,46.82720216565569,17.657897248946398,74.19214544713593,67.96723701008636,85.70546524729953,87.98314961199844,92.87572878882364,23.174904143287705,24.323653503973794
282.9728780440897,136.3856260990542,145.4539254526303,223.0596050139604,139.166616826854,153.90237245845452,250.49366751729886,275.0977300791793,200.38908102636833,146.60379287936695,4.1670823161175345,0.7517154492952225,7.385940249100262,7.919659748251834,3.4698098930077363,9.393623893970345,4.807712564099314,7.5596886209623495,213.6947533596152,403.0106540622935,249.0944755359618,424.53083329854644,102.78038457863073,196.76235014691486,59.467536880730094,111.41272619437883,50.43936174907524,38.43105842900394,81.88039092130307,41.800561862555035,108.3014024876646,1.4512506223550787,4.689309974778156,4.484463087634295,3.632064907024099,1.593852592503256,3.3237211147424395,0.0817073275744774,0.9855579250808024,0.16382705925106422,0.4192337027643497,1.625467321990686,0.24561196279369965,1.8274311676053938,1.7724560870113644,24.143693681215556,5.6271382978043185,27.66790448798105,43.469743616747365,16.152661713046633,25.791966254371694,48.58497309165374,91.38407421392137,72.21789553674229,70.88294437102253,43.25877569102579,80.63049805831936,14.1322239438203,89.54373855003152,11.780079176147906,42.60328494448239,29.582173932597545,20.088457279849834,22.716598326951736
174.0317400510889,272.35712420270346,114.63918475368872,116.69281699787666,128.1605897785352,138.1853170143287,110.25876979624312,160.49326349229392,281.9860316319437,262.62840089634506,2.2552280086866014,6.95647072076806,3.082189818459691,6.221628439750028,4.818022641442183,7.250880566404707,3.2499345741361614,5.2985137416082155,395.6088371347303,396.5859393052044,101.41629122098325,408.0772171753445,187.0089690800951,391.04485914206765,114.7809977229662,105.56110464370835,41.378399556683505,67.52857450546895,102.18714871273012,43.40465517827984,65.61005963529833,3.98699319365557,3.8978949114200234,4.359978048681702,4.759900190748042,4.8132387019443525,3.062120190360617,0.11409874846067095,4.813222241014385,0.7419017994970233,0.8798395916443208,1.2010527391652561,1.2332466200649415,1.8178668974313237,1.6652703724452516,3.563070456686857,6.517864497956768,18.32770663301073,48.00402308642816,17.465346358435145,1.556969206098451,45.83908561988499,40.78030130966253,55.456779036901935,92.9377109874379,81.1122834307385,65.81294714872124,82.18413938586944,42.160860700048865,9.745610857950348,72.27231504089364,79.47197532647098,13.95284180000709,31.363832106670884
103.09132330577349,289.22309242672657,220.68971867627556,276.4832736814677,224.48272831319935,238.92819177874557,198.50707614285784,271.73962424891477,243.45237517315127,217.68624809069047,9.663612445389065,5.761785472343642,4.687570987165998,1.2196874202958423,3.0310485493855763,1.9855242705974547,2.7403639633084214,3.749344459733058,277.5520507271676,382.3986075821746,448.4081231591641,243.47677184908252,432.38868090370823,251.44695910337546,22.923942272513866,44.30212426433472,16.16122506308843,36.69806755186237,45.78211586095863,101.58367039095235,102.72725999227067,3.9939967835249246,3.0318375983835,2.559774808971526,3.6933499594922745,4.063852256312774,2.3720498683455844,3.063784509015831,0.780964039361564,0.9122920936644817,0.2806782196251858,1.916580809938162,1.748402058508666,1.678607937525925,0.2515742580879041,22.994525895451833,35.23706977130768,27.245506751527778,47.19172584744748,7.0293169661445125,6.911892360127258,34.85204443423208,21.248689823082834,12.71516645998757,71.62007785535768,95.36991970119053,33.41192696484382,79.4160975970732,56.04120350782592,32.34251341895358,28.65856423041461,15.781687248236642,26.3493909690946,38.188285805626975
285.66371251754504,174.6618632559506,233.64255971100326,260.720707088307,256.264371149461,143.74312259958546,188.421406935944,271.4461874739582,216.41402622484472,142.15261988598124,1.3932803774178615,9.083885445829612,6.034362366073455,1.647681240089102,5.197802004385579,4.477345767316836,9.673151678477572,0.751837428635681,278.0437917479794,181.00751829793637,131.78264098628978,427.83768298648835,217.92568850017508,445.7148665778535,26.762324292703546,42.463333758987375,54.755912384432435,30.442065010558743,10.293810656297634,79.49191254789048,11.889040615386833,3.8793184296824537,1.2209300381557047,3.3021246970646074,3.4691167921292245,4.187506162361044,2.102097911143814,0.11894106299859136,4.567390527644294,0.21742805519456454,0.5605152733335864,0.5397616734150613,1.4029486393441069,0.8725384071183757,0.4938142654350597,14.734198471989597,33.5267492235667,20.596245908432618,44.145399414621295,28.985798048992788,40.646625620461876,81.76347128256131,69.2013390568912,61.406267835361625,77.58605753793967,32.727630098327396,37.61962719617392,97.25759707060485,22.838503672686205,63.53285065969595,91.17860234892335,17.83217462572476,20.206896560423814,28.45451831927882
185.63682966346286,154.14893462871075,223.8980692019229,201.04135471532766,215.65967988407215,219.0606531854978,166.88023579774972,252.9301900769747,259.5609362682145,147.3440951707666,3.781184167207553,1.3125660268179427,1.795606765595772,4.426633881952731,1.7371672125805409,0.80787994088319,1.6847336443186334,6.259452549318716,36.13667987253992,232.38809528567563,54.74135001329877,131.10108431484372,458.6887615253024,179.73566668379763,97.9216961422201,9.035075289874499,43.883313740849715,65.65025412010243,118.47919369933913,86.66973485134515,31.157682704385874,2.62891923386887,2.6334820913353507,2.8211816073293097,1.316098429193681,0.08571319101745549,4.436478116949517,4.96821440820761,2.148080759801344,1.6484379422377076,0.8158427523196854,1.0227063254493447,0.8248405190892091,0.4019242157633952,0.3759961173121785,14.090951522603499,12.900064587935738,41.91834203635671,44.794773666834395,17.436110256563495,24.442751779804247,10.926448562115098,24.464467821047865,81.02873605681961,75.07792421587989,47.50279007620768,15.588816318704835,15.027956462931813,41.221331403687145,71.07463737786956,45.51462409865338,45.61528734762656,20.357421204992626,19.97455685675095
293.33096380873394,228.79990864780316,192.69880876011447,293.4253230518341,129.39254191764195,152.92700538507148,178.91446306378475,129.3390228030363,272.87325329119466,225.6060929139074,0.35580582497811086,5.3869575207261,7.442214404314447,4.029204991581492,9.77935684697245,3.957608480652343,7.894525790828213,5.893681260970457,205.31383473204335,301.5344950973204,377.50743782206064,18.607073294943802,253.98964616384706,190.97178272162594,34.99557420287601,79.91104125060542,19.10121035260542,24.529339778009476,35.3252993768727,78.14020745873046,34.82869945043577,1.42998788329846,1.1752241743803906,0.3565446520114606,4.624595745315149,4.771651927958286,1.233288619288282,0.9250853291337532,1.8955512978929931,0.7537471312695201,1.1272221711094659,1.957113901256693,0.34267952278394587,0.7345170770544471,1.6784811122951455,11.507888218865094,40.750667155218686,4.119946867400307,14.8058981948771,33.97768176979563,7.727753133739212,41.53142398277927,94.35036031702234,75.2982430132612,32.097860598372485,70.59262666932356,83.52555942087403,90.66129944146003,33.67898077704915,88.12387838273958,80.37254973160873,23.410225046638633,10.813440911165555,23.122667847514634
292.7239954178506,181.74683421961927,175.95715603584597,183.55219585501993,262.22475398669417,232.3937889587737,205.98811738604658,238.0645693801458,191.37761434745337,265.9879186424887,2.2956169701421096,8.806680665767734,3.096139372304464,7.461088269409216,1.1684530941534395,7.441869895398366,9.843233098883827,2.8807444033692375,142.65952888664893,487.23088595089604,96.05161182227152,313.41188326461327,205.42994127148032,445.48053679944644,96.9111172235256,66.51405018182642,39.053470020369524,97.04715728238689,19.561428994438895,113.81257265408502,49.46952188346062,4.049125778954386,4.041976986282901,2.983216135534605,0.9059239152628928,3.8926702170052163,1.9975671844967826,3.5564297357276935,1.1642858065151958,1.8359022177391588,0.5380770762542538,1.6702426771220624,1.6510425551180634,1.5578482816663766,1.7386485902648845,16.960153807851253,6.874548396134428,28.824424383431396,7.997759567887735,37.202243707706394,23.529506860368816,42.8031130549217,36.76170148094114,24.616246003206697,75.69304331822478,89.5381622034731,50.9006651643742,34.11026637218385,65.55255479715237,54.09115259591061,25.58168833425648,90.30280737942601,26.157111358357604,25.876505832042653
270.601891093472,105.07727113206897,272.6667299143651,296.82206380729957,227.19094143274572,262.9879457081079,132.27347167767664,289.0048129161138,195.0216729863671,183.12555640583105,7.826664269963533,4.159235488743255,6.657481413136259,5.849297683993783,9.326246982578283,3.9257891742150925,0.29702468902677054,9.11119484396209,499.6742101872465,170.49816275986151,192.22903977517626,234.37560941271053,377.6905742744438,237.5414568892001,36.22635053447779,57.82483270264426,106.94014636586991,60.70233740440567,47.52153841689822,28.805095629175195,97.3296328257178,0.9386418040768152,1.940935786793509,0.0779345948079434,4.525434091250901,3.842157807574421,1.6522859103451881,0.783748009847943,3.18242410849392,0.39337920490030376,0.5323690562395029,1.484369790328933,1.889321888239289,0.542482471526953,1.1031458686358953,17.980087219598914,46.32422131644961,28.993375654066288,32.14349682335222,29.442297324794914,13.030879612578982,46.87256046141797,66.4640712101837,25.81949666560439,78.45207602198016,49.37006968460207,55.701907664366054,41.60598647953117,98.4698951675111,39.34177867609754,69.36043419218791,5.075229112347779,24.937897971418494,28.499796081856708
158.88977841391713,131.23051947323808,203.8163570272436,233.58399976072542,177.6331412253991,255.60504862893063,214.39917565671857,236.5080957534314,177.21018713036716,151.66008582551845,2.0916347996599067,4.8717496855553835,1.6670022019237993,3.9425175019222682,9.144422312886679,3.369912337134528,7.0203713990167405,3.1106890726940852,161.09398460983203,462.34050498126027,23.859614862580067,287.91062768497665,45.85579839632103,262.9010462592185,8.816577475875171,109.3775596334913,39.73561953127412,70.99421900570476,89.93405967285902,118.7395128019165,49.45415547912165,1.4559004141229936,4.170149112800191,1.63168717368986,1.5701860912960928,0.41680840733364544,3.8582931348928016,2.705066171277595,3.4307847949040733,0.20817641818089552,1.5778769603663871,0.4590528826045046,0.8377186825129029,1.0087169231693476,0.29793833776521317,15.784400929918876,10.45108055145486,19.494006871665643,24.66122679750678,14.165442072195795,11.567777325061016,86.13499910986286,34.524493115741336,96.78378051021137,53.34003206505128,10.889350822672728,88.34919151977478,46.844506288676946,81.33034519856862,35.883376183446515,40.51584044000358,59.72725661438396,9.777133317100542,17.22638134491913
177.01954572038505,243.1944457694795,195.8363755259462,226.9342546507883,234.8260591072126,252.17026618615634,261.08646585999725,166.32336982156679,293.3412280036921,273.4023213821201,0.8926276850367595,0.7975607089028871,6.912364826142867,1.790526806158818,5.30106877001303,5.994021652852087,2.603826875007243,4.55228156486185,443.4033020489931,141.9848899084421,77.16329184481955,450.6763104190175,53.84440766138452,173.0542205144829,64.45669324697234,24.306073624527325,87.10487367283594,21.949075773695082,38.80040864241506,100.55996041899901,28.535155909327603,0.927899053741502,1.9142299977337993,4.662139953607103,0.6595163334495671,1.170517019955923,4.583161878100372,0.4122503294464257,2.343179101639563,1.0164005983340114,1.9290191595990744,1.5618702617284606,1.484420159449717,1.1742590841708769,0.35767157523173077,48.94825942811569,4.526942449788748,21.340534280875588,5.387962575410967,25.67608606719409,47.90740118403267,21.816687020150127,80.72455829934736,88.74048021527162,53.67562386668163,36.86713835013216,1.5830616453093915,62.69040532025558,19.216458492618514,84.6902728477474,3.143942297454705,60.422939614951986,3.7819069011673196,22.22784301061828
270.2273343033714,231.78478838203029,105.12841316128714,133.190979059157,151.98099584856658,137.5444811384504,252.03218595803182,200.11586348616626,239.43325085807007,233.853658350167,4.797086480460781,2.8536220404442174,1.3690619208235713,2.345687313022402,7.276611691177235,8.73482483708906,0.5008294608502141,5.483248313594691,341.35453016983394,494.64648808211524,94.86977907235692,485.2635310473123,329.4671198222507,145.56827166775014,27.618939924589057,6.111620669370969,75.3854141606419,42.32627859737725,71.0908684507411,72.73184772077936,12.473879938958369,3.374308700334362,4.122505531947458,1.5271858954826798,4.135148306083142,4.811685709038117,4.25041067671375,3.8362243384208834,0.2879774095101864,0.45934573996884265,0.7148646387277667,0.7603737329322438,0.8804505357924358,1.247331268631963,1.6457427436327081,46.670188732719616,17.306343280455803,40.10650236370496,34.03829514310934,12.970574831774014,18.42021407945818,10.292317351227275,89.69227410227758,31.8337314430872,75.97208030624839,55.0361885440113,6.692306252329205,99.47633701180428,57.767859330676686,72.38153094826654,41.30082537590635,6.602592751944769,24.16212292019391,34.81163731841054
163.38440103125555,105.4191985006967,168.24956552523128,276.3855516609288,169.03844169884212,117.67698939690374,130.77998093875473,229.14500867021073,116.64461324161445,189.61709745661528,0.1986954238717331,3.312615826772579,4.311029313072837,5.797460082843684,4.416878149928619,0.571073606206513,4.088606831670645,1.0922955939452323,177.04904050412432,338.42920654551995,36.6609625975872,320.88203848024546,248.60094948723165,331.4148683108121,92.15232368723417,13.431391993888024,54.125833676962756,52.16031357503258,52.789399360271354,81.17273680556863,14.141551060559058,3.434317780297932,1.6732558976745575,4.699734946794797,0.022452313468137433,2.5083786032793265,3.9905426121958447,2.9287562626769,4.593365651935864,1.8810586235979363,1.4071848354077923,1.1080201043888396,1.0543071838191789,1.8778785419197175,1.8654612594057274,28.93824992648068,9.798143782459976,14.393348657886573,28.36157037049628,45.19418535001895,2.798339681280787,61.7808462821108,78.79183594147861,82.40544896690083,81.70308622244075,41.75246059660326,16.1578981859815,59.99588030552332,6.641171494840159,90.54290137251392,55.00216417554205,73.25642148708913,14.322337120304237,16.966898573532735
133.8985493372185,144.3944323865899,176.0391237571714,185.49793758412304,283.49716862639804,239.78976569747712,129.84989394829478,202.11408174570073,272.5919246626037,197.58003905586037,0.9391849288206984,9.456712242574381,2.547340130014881,4.292044168507945,6.337342317670138,3.9161573035273807,9.358656320691663,9.32840102021496,276.3318454033206,237.12062537568997,331.76190874519415,384.3872390276948,397.303472656413,68.7219241551899,78.73795782169704,30.687715350147425,32.48794823242196,97.94447550939783,18.542859111811126,79.61497579757062,92.4054286855124,3.2660248640058978,2.2062621960421724,1.258168446174729,4.162120705227345,1.995311511003908,4.934081828394714,0.439971800073061,4.9018423730531415,0.11957645706210401,0.5903528765800494,1.2574063047751265,1.6893051231711784,1.3568367387872033,0.4790038017102477,49.062214501310336,26.583590639283628,43.63448767559506,43.22183634011674,38.43609462908658,48.53117029554649,17.383447497804717,84.849901872752,16.173852973254544,33.719544203067045,18.655572678807008,3.003781308814557,92.67158650404073,24.69154868426355,96.40354557316141,15.176161391317521,46.8897544512196,11.173789698000075,21.57983830407138
211.36025249167002,146.21495931761427,179.7645561793801,132.44668115649586,158.10090113428407,173.66944275887028,153.63487354898268,123.99058834619396,196.11198816725363,140.8512935872793,8.095496108673453,2.8984068693574745,7.508914969339007,5.197782337720653,3.471701780469075,1.6665833439711009,0.2164744342332771,3.807907909265307,421.86258117510494,310.5613097511664,420.13381994352744,51.066132408710494,458.9727102983304,440.84359417962554,111.21430681746054,8.82783816529755,47.43669042478373,93.56834515490755,42.983006436592675,11.715565766802698,56.152343969212794,2.083851319654692,3.081287212519861,1.579665579903047,1.3189360918094197,4.201304677563099,3.488751306547822,4.244445084108027,2.1609066419070566,0.8839773826121664,1.8631092844347008,1.2577910518960826,0.2585062502011918,1.5939677505468743,0.12116139529712883,49.56430151079991,34.49890359990044,44.86899355466732,30.654597886575733,24.90379234727553,39.84455895122181,7.493208585461975,10.188082793763598,19.68411013265644,80.15622175752907,3.6989495343217493,65.81561566243995,25.5028202084723,17.22176760603904,30.005083608380744,18.391310519261506,72.30733734948085,26.062151131354916,31.783837813817858
287.23095483215616,234.37854871974568,216.03447384546644,102.5215039951518,193.99765363158733,186.46924528066944,172.21494526820743,162.41280893040414,113.75078128449749,225.3605260129688,7.737586114110103,4.662600479169555,2.694146544618058,1.7897066094921135,3.081474295875909,6.984007082245509,5.920068350104838,0.8997142173560018,442.85046603514684,143.54027282970134,192.92454911931108,88.75063659683775,200.2997700590583,391.80953701490284,95.04366108555963,62.82702672396058,73.09232954916992,30.642409600583356,88.36010815711766,30.07189733117294,88.51082903000176,0.5098533259351519,0.3607351940092942,3.145753407228382,4.424759151050551,0.44582866642858227,3.7577584181555337,2.739622887735743,3.0721674289725422,1.8608207655558198,1.3785144843142567,1.4803945966356813,1.1076371626947397,1.2055688609941035,0.7288105197864779,18.119015645856475,24.800618134675414,32.7056555679087,28.910335896226805,48.29012858731826,13.093458674925845,42.66492205710535,92.40646770330663,18.11960538453453,81.42090066754112,68.74086660798949,63.38794681883208,39.841166181514964,33.554553763946295,52.96741187008395,46.48627983231569,82.692498593507,23.167652094873283,32.35157073073451
239.2059593349946,103.94210755087283,206.7205093453757,211.9511367276765,278.02822747920294,106.22981855867822,181.6911162816965,260.4792061107265,209.9434510326622,171.74850210857772,9.15987432200847,6.74591379328637,8.829001333314423,6.662771898211202,5.824474883078185,1.1466731482682353,5.06382513809371,3.9341826193857665,88.59299875301116,144.34519018061863,438.54247359191834,369.27035442695853,302.2409130264767,103.46664921584336,25.789234806683588,41.12040235186147,45.336619696175816,75.86059438480589,75.38044819311625,115.56915172034616,83.46301900282522,4.556736226729956,4.741553238459168,3.810518594218581,3.46048111938548,2.090540661192586,4.9141846731280445,4.608745626966456,2.256990144956296,0.8303945927865598,1.625086023811383,1.3572339760201906,0.5077785218753227,1.6838026058377302,0.15794884033097456,22.536783514117353,33.20006292464339,38.756456828550874,22.31721030496508,27.5643946131443,20.740145817916872,21.964643085814096,62.430072887528034,8.772077501351516,23.412564091857934,99.27371907771425,21.08019029289856,50.44995294385808,67.88139690442135,63.18208073648329,34.27297124334066,32.28993519906938,39.531305539489395,33.208238638056685
214.012234017873,120.82171639691477,221.58101855868892,205.47992442453528,241.5442700535055,151.91528985500983,235.93944336666905,272.2836092191035,183.43285579514043,299.12903533486985,8.55970281551642,1.7056153868379864,8.929020092925468,8.540133534474073,5.031483774421405,6.681596809944421,8.74650322727337,6.042005216216549,176.3908391920031,65.64172648331197,114.53982153446199,221.36907363012097,255.34134761970185,350.06977345403703,97.01819721645158,25.755545927835257,29.71308986103666,32.99748114377972,18.774513686609517,66.45190931882863,20.566683102429646,2.5435775104210685,2.872292872757778,2.5119249623443713,3.3342548309244444,1.8847468643661973,0.04488401914187867,4.583950634653782,1.616179457921742,0.2769076331408754,0.19377268207841314,0.22990467069012066,0.7456312964419485,0.6009608648325493,1.6731523405482722,47.97355796074095,18.56356546279923,30.840902653547175,23.40795995949908,16.762506109368935,43.18333394245886,36.121661886798364,86.92175321661996,85.46781161613553,71.6950745316716,91.92066338966171,14.940644488669474,32.29019897866707,49.939331691682675,16.384894677645757,44.074053800336266,48.44858829354877,29.300740748368373,29.30819028107152
119.4352987541537,259.9832170746379,252.97665230842566,243.8707244738317,112.44064523294055,106.7352807748928,111.33608643316708,127.46000654311405,275.549880972525,196.03670305237756,6.863438076074199,4.915779632704557,2.04476902070558,2.6536011171903158,5.837410054584812,2.933190620899283,0.931616973754194,5.1851614510311625,174.2593583046501,65.88464587564539,169.44130754500733,228.5229824981588,490.9892212647921,305.2901314299611,78.79976015361268,91.25966861909615,18.393216122537694,118.64842290437822,23.782077117145484,48.51066437511988,21.432112432110728,2.0407912526063465,2.5440218733071034,4.411757279098835,1.8329446201925685,1.75575842128166,3.1739013984174616,4.603333869538046,0.3958207763604601,0.6755003914373954,1.2371613396571868,0.9689593493033037,1.324414766820321,0.49876757617069956,1.033873288729878,30.626996865284983,1.8821685633126795,26.500326130456287,47.74187073546625,5.225631389305331,18.191969206502076,25.971108010245747,68.44367641854154,57.88068982045753,18.653392183615836,68.32709108608135,14.568470138660672,97.686710296433,93.29092598292176,5.334703392498474,46.08269893227228,26.076077976801137,16.495499022033325,28.554055496319336
223.00144533983394,135.70893241086674,262.59714774321867,278.05161060356045,129.46060885579408,275.83715452024956,106.93454084521328,290.4773504797449,140.79892072187747,197.17712123792262,0.618095287276562,7.411536490811486,6.17707485557647,4.965990835735083,2.9379397547415276,2.0692764559985246,6.847107695877838,6.975965542969012,30.601950077212898,180.35915331976656,83.86112658527252,161.21776400136395,417.2313596047316,100.42217486095562,81.92943880247186,28.511902516740953,106.17319785960001,114.49424598505013,78.68433632035622,92.63442328974362,91.8643317749254,2.9482362173089833,4.1985759158883615,0.21079970383699007,0.3064208397149472,1.545384295828835,3.697467944446915,0.39814814900033524,2.2857779746825213,1.0462197482854236,1.1024634295809264,1.3616410527679605,0.15173398344001188,1.8600080926401423,1.3195354796497376,11.03998960044499,48.716174149144884,48.35054883538636,7.353077465311847,27.415409418263973,28.586500079326644,9.263646272341575,20.184766854371038,25.895609249393857,9.304911298812923,84.15298085164292,95.32414133186423,72.56835538972271,21.274883984850867,86.77639141153135,14.007604370275562,20.151346352233503,16.68661020708738,19.5781389614127
298.01077002085265,230.54922157037495,243.62461524529888,115.88131692860591,101.56831815438336,148.6793366437061,178.3821125887818,165.76452356972186,265.2929218984366,213.17035748213436,7.850201318067909,8.681866608967953,0.9684046530276468,9.757720557306927,3.7328825349882533,9.369890322467356,6.833086014489445,0.6492910264723152,303.1365023274293,383.7991841692221,314.0740057553093,307.60462790409446,456.75147705590325,143.8697179646139,100.7102318865671,84.07458661428622,55.63599221146915,69.77544285987136,98.54277264689992,65.3196784054181,87.94585375082298,0.9720242747373381,4.33015602218517,4.611752244785509,4.152064760045831,1.0582740343824895,4.589956998248403,0.613579231155072,4.093738936233663,0.4517882059523328,0.6566941231319108,0.6623866661148844,1.228267688049009,1.417613665079019,0.88182126465943,34.624343082656765,41.06096847472977,14.491420729259476,22.587831519818263,43.0906222732766,26.975415048398325,56.03472029242016,60.95551016456765,84.86550327275941,57.45430120502276,25.572761846719317,69.35045286247416,47.88813521825601,36.42091462539402,53.55235107553732,18.119457527011473,0.05947580426574062,24.876448769701057,32.944598670423375
128.0168030473048,147.63655620934531,291.10473919098695,246.29929806807246,226.18435804583268,211.4674339146016,239.4327384275961,232.462747746144,211.53773823709054,283.3512006237494,8.470557027321549,6.2999668191580245,3.976217286056129,3.3990932314522038,0.9305898102262021,0.28339330978496313,6.723892166936604,2.9169520416933556,428.8618259661721,307.90587212309964,215.73609952645035,100.73087225393927,134.62664291302605,210.40338682957884,70.98976795672813,45.16546417247847,76.89895700043695,85.37379576782644,45.18956703518946,6.513718714668223,48.47353819054569,0.6714184077333233,2.61607941859979,0.9895759214780862,0.8628099379308747,0.8728249069227058,4.420383077879871,4.9386519904838275,0.09498699082913784,0.9864672397721975,0.5986169716089044,0.6948077057111404,0.6385402549621244,1.3758985964106203,0.7564643393237155,10.684436011281333,4.134231792189089,8.13047185883405,32.96344807937872,43.40257704374421,20.36408015712558,2.701841803948568,9.094623972314098,80.26467593928203,90.8652198783399,62.24344360784464,58.54288284650793,75.13047012097938,32.98525767924695,57.07742163600392,84.81653934794943,96.36315120798373,18.937728795823826,26.54853889194247
203.66593047274733,119.88827855186904,103.64651653527233,137.48238881951644,189.53468508208368,107.79586413222609,138.6870685912965,250.36502919133622,110.92206064269381,260.1636199719501,8.01091324314235,6.7236298016377845,7.161885122062595,5.990958814745236,0.6175360854948366,4.433994991706732,9.429111499856866,8.210382710717012,196.9714500345037,60.266434562200196,310.50883995253037,317.1889768638088,388.53794734967124,352.6289402702822,58.590404150596484,63.860192476193774,61.397191530732606,97.16449395399418,73.46073646199677,89.66732362223856,13.90356028327661,2.0335708550751384,4.637039005710251,4.422351337972433,1.8675706230548137,3.2056265234291734,4.211383799356634,2.4431280987795425,2.9147173390693095,1.6890520719930913,1.2020471244022426,0.3366783407337695,1.3720202855353372,0.9878609533940548,0.5221807848445612,17.298208311756365,22.734231609738554,14.730525475554506,21.93402695672478,30.426069800796046,32.15534413977895,96.63753479943995,69.57230302181586,10.09515181277556,3.5459023525763245,6.060421539896543,32.24868718050943,46.744249908265125,23.596362595992993,55.49143454279548,16.271868931048406,44.092846932964825,28.466902084772094,26.10538138559323
275.47461438559105,148.6344381998908,139.15559713670922,271.6354106314328,126.8549701804551,233.3694782611316,228.30089625125035,262.38924692757666,294.3690602650969,190.2260139595683,5.133942449549458,1.350206378587233,6.628290143814171,0.9929374319824192,2.609225583762861,0.31410722537175845,8.248566537168116,0.8909475091344725,372.6176130422467,427.59589723819636,383.22070364314993,95.16143999626745,140.08188024884797,322.9744703203329,78.21371906625372,112.39470958290178,105.3451496111658,87.91481830516395,24.624012706492106,89.20501940607905,6.391272495322003,1.1438312635585535,0.3330414527216384,2.0103072656370387,3.005769880690318,4.597780257631305,4.729498446989102,1.198688123617447,4.405052822546177,1.7579741433735647,1.4423227065137278,0.8953684733522251,0.369004568634803,0.8157247926576698,1.5640118393724767,11.7642280732199,31.933443968557796,30.923967614782534,14.519173538517508,19.97519898009353,23.927891496443372,34.13305217349662,40.900114108057274,64.41393737349719,82.65016375949217,70.71839273124577,43.304319790878964,1.7225327367926035,99.31707691262446,75.49607048326904,66.59143330082608,1.3069773058874024,22.00258485010129,25.619012655889854
248.15372355084088,244.45338637113184,101.51257499562843,263.81270277233125,291.5868242113541,164.60546915081878,151.9656275880599,289.149940445186,202.52304882063999,243.7398531945592,2.4057282026298688,9.463187322738836,6.284536627125418,6.0995485245464875,0.835043907372403,4.887571176232857,0.5155299898107095,8.56931095148998,317.57320266436255,304.6701372251325,277.39447785614476,41.27475700775966,112.28384137991104,270.795075361582,39.265104330211294,9.295438003818475,67.89750803154425,85.4802994744784,40.80827874411224,23.992101892647057,38.13804918810066,1.2290085697404511,0.5749967033335756,4.1654577087964775,2.416446155417502,2.5491697097969084,2.6915221476894007,3.8506257976083034,1.0955716557716464,0.19359539595039102,0.16302823836685904,1.9749778251817318,1.4980420472507394,1.1558132695094137,1.4215404103895057,12.62652068872519,9.934416393345575,9.666580186006613,14.724189852761315,32.689667250488654,1.5509093378616556,69.51575104898038,15.173317310020895,72.18336015257705,50.647121070350664,96.98723390242687,8.940588119920767,54.31934078103361,38.722554544305446,14.550194468204324,41.85280467677921,0.8938577568048167,11.000513390391015,26.05339449002742
239.4031481990536,271.13929362125714,229.4949428309206,208.15875099710888,205.93194478912397,279.58383739153317,277.2172217627033,162.58390960576452,158.1753708463165,217.24709975615232,8.468766759318394,1.4124833670963755,2.8971545502581915,0.9873545557157173,1.127369615483933,5.0603690401647405,4.763720221974681,1.009771311563352,194.0678803915704,480.81923262454205,317.53887390187606,171.8752674625399,472.6904182312199,386.5211661258768,25.99867007501642,62.53041835990812,60.28986306414804,115.23371091419573,7.331073652401049,115.01591016878453,6.060561462531098,4.463632324014862,2.9879732677720563,3.3616110935204384,1.0013165695048771,1.496893016209755,0.04453127696828552,1.3287832538502853,0.9244467647984204,0.40571638029988966,1.1780630056550383,0.6421067864472709,1.3267154675496586,0.3290760639011675,0.7853850705425637,0.7304512875557214,29.11043626245719,45.48629513970255,12.06597428975693,38.22594755067246,40.81196382857291,81.03628725474499,97.9229815868414,71.58273369859639,86.08954487212299,86.07973072178591,99.81518880550014,62.51852187612016,94.05089804995984,61.404844077153264,96.82366859696408,28.835256855119507,32.61892888611584,38.02649507455837
240.49681679742184,266.0439729133983,279.6061097899974,242.0485597246623,148.37865882257785,277.6236377868072,279.1379888533233,271.7012909103109,193.88136839785162,198.4734097402498,7.2989118164273705,7.769262078099803,3.8424469994005803,9.596430809705838,8.147991213399976,3.2844584668079957,4.039735256393201,8.361096727427793,79.11930175122556,338.3908790314917,468.2726540532231,123.25876758482536,19.459164191754656,381.3894924070213,75.90760137819333,103.25864043767609,111.32911389849696,73.59245222533758,93.3517339969451,30.749435127228146,31.458351426925894,2.658488294157266,1.7767886503499826,0.887948746066528,0.7116756208425967,0.8042093866339095,0.06516144949807753,3.6388062832130252,3.863660362252696,0.6230512579569278,0.42387310499859443,1.1097300961035863,1.9453594824726672,0.9639538660579047,0.7101206551684476,44.095087193872864,26.91560659682551,20.845707832936938,17.523208428862937,20.875426827509248,6.101211246309105,27.910479553955515,90.10844242106812,72.31427078539376,84.34769351710469,53.444087477163734,75.50854635716348,98.12074187185617,39.04734738529895,46.947951157763015,6.610436188823754,1.3937678710118417,24.796235485533835,33.702929869188075
171.89823024395105,179.43670592369097,148.69645931525986,162.8700226367497,200.12071423094153,165.05812367234955,159.4574408562653,126.3373806872414,271.5715567034978,138.4631545568701,9.80953562644963,2.7216815856053564,1.1191668325328332,7.185060255515882,0.4848496004652241,1.4084015974977344,3.1704574887989407,3.671805170679394,357.568687860224,95.83568321504869,156.54151170833313,445.60590289260284,483.04046479508054,312.7509854905054,31.892562444829935,72.61703856259008,87.76430354521577,78.1748072591914,51.11612927389118,57.64117724895292,53.24258512430393,2.422510630973522,2.326483579284102,4.591057373708428,0.6249988985289502,4.152415391612445,2.7277488875331115,4.188056031470308,1.2828812912852736,1.2302451166864434,0.3666891896335911,1.5121507802802603,1.8313471901904812,0.9651986384844137,0.10236146943249011,15.151529516151793,10.809126832467886,42.57316247544626,43.64790139138657,24.074581376138806,23.472451579122488,74.87387091100682,89.35437134032537,16.945778564903733,87.52868048162887,78.87402193127767,62.14531568282279,4.079284826061769,20.409167874066092,89.69581595077243,83.0388866030762,37.45146176585483,28.105258788474686,33.058356229888716
158.71836885289866,233.61702731412925,285.40690895926133,194.23357978656293,235.92406654702157,280.1921791380936,145.9987507926481,241.00818127071855,160.9806248770127,192.78725269097816,1.641356717783736,9.342572122642391,7.2183259222926495,7.902781902543493,6.623533659953953,3.826236623571306,4.568233579025563,6.160869726246436,428.7369327812078,242.1538475308329,185.99032993063705,36.92719239562703,83.13832952451504,395.62514085856435,14.190237574859774,36.84010945099301,17.828239344888594,102.66590630039083,98.85444097020469,18.194635545005188,18.962813010874733,3.4505031727057007,1.647115297306861,1.2351317785374138,4.316409328681012,4.857745361801337,2.182008471931067,3.9234742527034503,0.9680014951276359,0.7858900417056874,1.2839270273799006,0.12564481468011426,0.6382754400794344,1.1228393745941039,0.22074904708639764,4.775531786378327,7.489910309233936,12.837208954176427,25.508615240988263,34.19050721520818,29.205089150911107,83.24208554247096,78.88203063522529,31.508645426876935,76.88739548066734,94.38988099481647,58.77671952278823,51.209695745513386,11.920633068271114,51.96209378963253,49.14492311026215,6.293850143894786,12.194771604572233,28.60368652310294
261.8722310957027,140.9968590831642,112.05347805791217,264.3273795420943,115.24784359471289,299.2315346997558,182.26079441324626,248.39554590279718,138.53527929734005,149.16371740451493,2.3340793722153452,7.227599439757848,5.088499088233608,7.070633171639205,2.798321713272465,6.7554031053324035,3.903522430767177,1.613582444915182,346.068701276731,327.76382279813004,361.6746472375751,96.5407093613202,411.5246600787014,173.7890536418125,5.0637312273042,50.733330541678946,25.436013037633614,82.03744980371678,86.46289454261353,74.37746673681767,16.991942150627818,4.758225087246931,2.0295793041102286,1.2282591922880455,0.1674821498160548,1.7522854533245809,2.261712816293588,1.3774985629076977,1.896166360340483,1.7036777355475434,0.6906532227131987,1.8108351632367679,0.15190148817833024,1.3059026672976843,1.284185497296006,4.805876581213883,38.06863333612255,16.001833576596002,12.391817039852013,43.894304002085946,35.4225496825679,24.13172338116135,69.19811251435176,84.41785085044624,84.2992354546995,21.60175779392154,50.43143720331725,9.815475670836182,85.55631931755052,94.29349740741657,0.5352370864188605,3.925159115030974,27.274621145358,30.663127893953142
262.02267893583615,158.62954605220267,286.8872053611029,191.85303943464277,154.9407630095784,265.0831328247896,148.10631703602974,235.54464824026408,125.8142493861763,282.96842997033093,2.1968016838268767,7.562755758485853,7.116779760221981,5.9383174571570105,8.728302239010452,7.8457185055801455,4.380105608798787,0.7550703450792904,18.76045717706085,23.849703514489068,309.5397033571395,278.8726067356942,145.2020510033705,441.81226887807674,74.95673116100772,83.23054730378607,95.51912923803582,89.28725153201509,100.30559055877485,48.17687880657944,108.0903051076547,0.5698708367081148,4.115005272260034,4.0727526942205285,4.885301155403472,1.4618426235051234,2.0080196386780846,2.014076684655393,1.9685850412283878,1.4616765497375814,0.9376724429562415,0.8344453509773831,1.34520026611234,1.9189048953721881,1.0777538894473773,28.02290468481713,16.46802908440687,3.431558160038581,19.534072492813355,39.65501371804261,20.8344284967535,99.24946768960727,65.50794802922452,89.83917502275496,17.602520720120364,79.3258512977378,25.742742767469583,14.899590157096043,3.209764048507824,35.325299417990664,26.36602189395537,66.938139407455,15.016006851058647,14.882673956186345
273.41446371602075,279.26716370422395,170.3245374479269,171.55965306508836,261.39309817679873,268.97426955104584,234.47676865834072,150.4629472270306,159.57187967804225,167.0813626992694,7.946143699451233,2.268685813292845,2.5645408954890403,4.554136532746503,4.901423617317246,5.354430963642609,9.794692469525561,2.2377882197993375,115.95411825158571,17.30602943585587,97.48112322446026,245.72292351526207,181.84414044105642,311.30594204295096,46.64711010022724,107.44336784608736,101.12290193569474,31.92939891261388,37.85074700203152,45.61494815411613,72.32905333763226,4.169337489875193,2.97144623727298,0.53830754530688,1.0006581650232163,3.011449835344957,4.589451787365266,2.0721225061340487,4.371764304452665,0.29086644391566563,0.7839977379355685,1.7513203747508663,1.2454860391088778,1.3391213414743381,0.9261260885215428,49.649567251429886,12.580006425191044,13.25950076318591,5.738605397889117,1.60837278135726,36.909650108011306,2.0688682842089356,10.609383770385527,27.918888656487027,30.385314887494165,26.98469579688534,22.63904034597337,61.04633389684761,96.43945883392814,96.68947063899905,40.76968525492695,90.68412894428846,31.362545351440872,38.747009396054814
282.64811051129425,102.60038470214721,120.2841656898433,198.84248945006,191.93297408053223,149.80174722181798,265.2129369096571,274.6086294030407,256.0096174080087,290.4528029066745,1.95038223485617,4.486095768688092,3.311938463487156,8.597896459634518,3.125206947345475,5.93936050495358,0.9774664500208495,1.3657527972960861,44.04519259293063,73.40747029329827,194.3121819051402,32.46748900360376,116.21127854777264,412.95812176809096,91.51576162744743,9.722632980860332,67.6969453453841,47.69569627323315,26.287503999202205,100.10234088040893,112.46240397771987,2.924255707540551,4.986749300924656,1.1179591727885971,0.5605082614265999,3.8788916149575945,1.8022600523372516,2.461451861341314,3.0960329249490477,1.2866592547729734,1.331839008289795,0.1740005519090083,0.1521146606562475,1.779077788711482,1.6722542575231512,7.678612129874486,37.02497846389644,24.77053403868342,45.24976911706753,6.6564310173370975,7.001829193569227,21.700048023554107,90.05662353184542,2.301951617775244,24.24861708072964,87.69474219396665,54.95324571892244,23.15677122664973,41.81912117855484,87.51579480917677,31.41947534489251,40.93865833022793,23.76042443930605,18.30745970561645
202.26847977218756,117.1017061708936,197.17435183726514,265.6498504874437,209.31542840645898,215.34047977155126,234.6184261822434,133.771692674079,194.32527303905232,206.61105801894223,0.7599323152507304,6.216350626433935,3.408731838875135,9.572673108676325,5.224625463325402,2.086102074134062,9.230085611403425,3.1928183870283546,289.4891887923511,133.31557317228066,239.24062643111034,13.553689727420792,296.90188081572904,277.67676134723916,48.14528580600678,13.226964517393288,68.76235120466352,21.939654756867697,116.76915350494211,6.099596977804998,44.77000883535311,0.739365115521068,3.936527197126605,2.523351091371101,2.8890885573362075,2.282459989712825,4.282572439397785,0.8451905291852788,2.035747667134551,0.314723988159259,0.9932275555262908,0.37676074854098407,0.33308730548492604,1.1569773367914111,1.0574065883654085,5.431278157008143,36.93540025513761,47.33377742730049,20.705792688525886,42.712519924133325,32.84555463940357,78.00207562769928,88.11283963046104,85.97669471661081,74.24283037280604,9.835450569014547,7.020081455795168,74.91741112950245,24.73743510843571,58.42632897353547,36.24494640139333,83.67704302759326,8.149374956118796,17.179427119986276
200.30325893743992,141.57725102920546,151.3553135441016,167.04160947417455,186.56320044189385,113.45118279347358,264.8700894498699,110.72695830416617,145.496320738708,226.30887573523205,9.985751985197723,7.7227388202453495,0.3548498564974404,5.040458111750405,3.881384388548162,2.94457029895373,4.854343463363164,5.1923941404591,380.6740626318021,220.47907052513102,215.50102060451079,494.15329156096345,180.5668182788583,117.03474004445337,60.89039654739607,42.38092521510257,77.67229072791612,63.16302586850263,87.4926955097,96.76387865262859,82.87166779285376,1.4927751002580683,1.3755946079681152,4.154080373146256,0.4091299301240762,3.1540650178061362,4.515295321020288,2.2678255515675687,2.6765959417859766,0.5845677723092741,1.9305714578721003,0.7128059635073625,1.2109332386183727,1.2911629769922306,0.8305378046739078,22.19604207990349,14.181881988643344,19.75069720762916,49.029364627357246,41.774229988229166,41.403776915492294,19.413102505575285,74.78526265248534,37.70918378250826,15.364311936713593,17.821841886984146,7.447079886853569,51.419869259527275,61.74461322153625,35.370993331902454,91.66719091371799,2.926546113574713,27.581429714345937,31.40901122927301
259.65903579335503,105.30644077476394,156.97458039238455,134.75231862714875,108.77998852860102,118.98358736433394,179.39843244149483,243.49299812238243,133.23699992194983,208.58808889786556,0.3456903933069766,1.1291978215326568,3.4763739410231733,9.322196986637094,5.6865805402313185,1.7027665395183484,6.275048230445457,5.928718689293594,64.18380166364312,248.8458321422963,97.35465607779999,332.82900317583074,332.122589352385,275.78096305237125,51.81477187376927,31.769663710310084,55.49831404250354,57.408651078228324,100.9148608115671,70.71658506102905,28.539542581505895,2.41698346815905,1.3290821374562143,0.7459450339389648,3.016241783186339,3.5855798494362263,2.502513832294784,2.5588071226722438,4.770286514293118,0.43795420371503324,0.7695272423022841,0.7563773688202295,1.8324718016826347,0.23269021090818226,0.4063870602974714,28.38489706511937,43.69213883196676,32.167322034425624,17.7031692764947,19.745935765861105,44.52747665545631,69.82598633062065,92.73149590751225,32.94635559599364,18.222779037778857,72.06164634718017,56.08136031603501,21.821288516573723,13.291299183618632,37.59233574525599,36.09340323923277,77.76900559701825,15.583053739607335,17.741371489987387
229.99278615555303,136.28708701795946,161.4579929852573,242.40280406615616,133.1499559640312,299.7785224066581,131.26339414177218,195.09514304654675,166.54589530207582,125.87612339334018,8.36891619557277,9.62741663289983,8.052715277828533,5.8749958088863234,1.2338753964308478,2.5680239650456524,8.318811369515169,7.919694263059455,420.78553209075875,77.63352837956943,462.9707449742885,189.04900414176285,17.667185791612326,191.84471525052817,79.8161009775748,35.46705191557669,83.22289920064895,119.67372364213753,6.510337976642378,118.4013290502229,76.10913648719324,3.4589739514413407,1.6861323678838656,2.742864490216608,4.25462695761993,4.803355516402334,2.2402208064517906,2.6632278929394513,0.5749412362833779,0.4288177034813394,1.506540246499387,1.7108090237532314,1.8223505253754733,0.35320107348038954,1.6593072156077764,15.071827764458053,34.568383171080946,21.671650814705004,41.899624337742495,29.421757156704448,29.188541549717517,85.55304049829037,55.3083451397992,34.699967968862566,87.89647207219426,17.477750386324896,91.98120482102392,49.379167760106505,7.214557356635575,77.27520864582917,41.88293794027328,6.279999232289091,31.55245859930225,35.38765766928528
240.39337545154066,216.60831219393845,260.6051795665327,265.1956425416164,189.10832774837817,165.3278498851822,247.59018947951844,269.8196039917352,287.9848745771418,175.1642438015882,3.717131731351463,8.913184638490105,8.983255107922412,5.430003450274689,9.970205977844255,2.3263791242327647,3.66858398857763,6.59677494315875,282.19939941378675,339.9618737667571,383.5361932300482,240.51180135498825,41.54369292236942,351.7745276581763,45.956003631721345,30.446049841976308,17.475344620137804,75.28899507378739,45.76308633402696,72.78597036948864,19.90235895114821,1.2206090145977266,4.217864808432236,3.5590905530966683,0.24901112712244994,0.8335362792952162,3.8074928150350797,4.101303145622446,1.0465004534062103,1.2711514970760325,0.5888558784077846,0.1212821192376469,0.38782160376294217,1.2013738268753253,1.1948716752302568,15.474843579436387,17.615328782166134,2.816196613013091,13.191073007926933,45.33932663021799,15.988312304714347,95.92142726342601,44.76423347175553,41.56964239676415,70.58821929128382,15.805430190304437,91.42718511298546,0.08817269081207169,82.7783351909567,58.063135116904455,76.11315535781128,83.84394231973516,15.617494159494507,24.716648306414868
259.1585338872202,184.2849101184996,207.8322553350509,120.12749570470666,141.83709308158558,249.63678240976927,172.09490102831077,176.67942821165178,168.60534251800487,119.82922245552479,8.43199305160237,2.776451045906285,5.230361324795681,4.599379056258031,4.313003189197503,5.242542985273252,4.361176890070872,6.1267074187825745,348.0848159494452,302.10765023130205,245.86435773284762,140.6095590226006,58.833964838311836,243.13895795002054,115.83327974336552,27.519880618343137,115.54711287224943,95.44115466735869,90.42391941639315,11.36860042701516,5.2392735052728625,2.6790452891832732,0.14616537674632235,4.304370171332597,4.001344336597436,4.9869386441885935,3.542777823123013,2.591499147412681,4.813018245866911,1.170849352852907,1.066630875989679,1.3181123752923911,0.8306904981699741,0.8518544529202555,0.27567393525323886,21.511586841523,21.660737684140617,25.42486498188678,4.26956822219131,45.62215470985127,8.586147329824508,47.42475154002695,96.79474021662787,37.82666216549211,87.53799779190868,55.546687739887204,1.0828300660792323,86.2740043657841,42.46707746253268,40.15875854693209,79.38335657483752,88.2366344872064,30.630781939806432,35.25115003525088
278.00106836351324,278.534342215395,162.26153983120074,147.97482255118894,109.99580573193575,261.33301060536326,234.2541650458265,133.65571770154256,297.62481519092705,224.59080883667633,5.590742862990335,8.245326406020087,4.60946678267028,2.171948839148187,3.5474833331029503,5.670618682328221,4.154232954759268,4.176642072109169,485.98690581823666,154.2874084321685,343.2299038703499,178.98815400967277,215.30690580201323,419.695274414567,112.65690345883097,20.021756189968556,91.267804736416,43.41168713713024,13.968025793848081,10.824212541028526,112.12615716210159,3.42651142080515,1.158604581567576,4.678472145409076,1.9784424305007724,1.9668617096537317,1.6493902318150677,1.1616117733432392,4.787050994150748,0.434453490296681,1.1498825286137184,0.3494936287392455,0.18208544226913065,1.6177399877444534,1.332906956194444,16.050207949955,36.47212945356558,3.7627255118440823,2.0708014028531343,39.2630958651641,17.60515826743352,97.11091229821174,46.413118779765604,56.643089913356036,13.93552582606905,83.49872377090708,10.739421564744978,1.2678377055762802,51.8254912104532,63.605496141216435,8.408965178669458,78.59738423823143,24.37513760140402,39.665601628093405
167.59903137030716,263.4887123476882,222.06675666218368,128.39439795219877,268.72993281036474,271.60465420144584,154.12878839635312,267.28843849397396,197.04609115307125,189.37483904008778,9.026149171914964,5.2314068380942516,0.40516372512376553,0.13682464209878598,7.131077498331022,9.454979466132894,3.809837123104023,4.790703506105372,51.00368424137169,16.693342883293084,449.6685093464057,328.03178896142487,409.25012460338826,342.25553103773916,102.52320880558736,112.40472515645237,77.58503346103579,100.6277131044216,70.2440919004276,106.56259343276068,68.81285326014907,2.249216346729056,4.525542917517892,3.925353173199973,0.8058582628177379,3.6187687122055032,0.5217151483639865,3.319012403838494,0.8940554521112155,1.9813283302950204,0.7253076340191911,1.6641097363509938,0.9916165080895651,1.1320379622609344,0.9076344164279788,45.80891338664158,10.973399728326854,44.243146267578034,30.505337118916785,10.874652448804108,27.22873147114477,41.16222966816786,64.13244410671577,7.894027849819018,39.89804045613023,26.846742527462908,58.3077693758695,0.7009892492182535,17.669600887506487,73.32333979009444,70.40700345670042,82.0749024411289,26.753767329208404,29.80033836037513
175.11659052798882,168.3634703395752,243.2301348446387,169.58828231643332,296.2385058328232,299.5256594804313,116.24592696133453,209.78192632801432,135.83278365803017,255.59699431418736,9.269310565504805,4.671884167463984,8.804122942095288,2.490911645875007,3.7026041243037917,2.0361494063050785,9.26274028430426,4.203756210962792,451.5997712591167,48.04747852311246,76.7253297571699,442.5777814450116,445.2071760854075,345.42677218534874,110.83453111586603,21.581788349207603,41.37703655609028,75.73477114608359,54.34336825732537,101.7396267337711,111.59817621993454,4.316499545989677,3.2030832160554272,3.2676137071277895,0.8887214365346208,2.866347746085256,1.331613476910577,3.9885975789922594,0.7340929974552381,0.9014897914997582,0.9963830049339952,1.5792892053200334,1.5308585733790907,1.7763529740075419,1.641633824817192,2.5767512788861335,23.70365922752359,37.77532961657024,15.922896747842675,36.64899896402027,10.218346087582246,21.812803967438576,37.3062146858439,97.15401943085152,28.315117007631763,84.1138182705485,84.84757218061641,61.150394317964704,6.142424452694229,2.2900512558465924,48.257195367677575,56.14845663323189,32.71601776044854,37.140678548370985
118.7963879681738,151.8846866862585,154.52480014670675,190.07019578108253,258.6285747993479,148.29929705137357,298.5163590975527,137.83915847807097,278.2280183587019,144.09409619987397,0.1900719946796824,3.212897647532914,0.22880111291613991,5.146259398875295,8.3494156197847,6.45258953059881,8.30640592281082,8.437443697607693,71.79032103383057,201.9304400003113,132.68279484641909,100.22371130978058,129.95726262984135,116.40611341062184,56.65106417282997,28.50643409803666,23.509881057523852,85.15411813382042,7.02589832122734,44.77735869193267,43.39062522573828,4.348600923173618,1.1419670065502716,2.1737642257107015,4.594635073034189,2.438476398874112,0.6638322440033719,1.6036646155269263,2.111214820349713,0.2844317234943796,0.6306294120071351,1.0498499520812812,1.6009481515946618,1.9474301890783534,1.8459377342923928,12.111222913578594,32.85113794177593,19.24324782699213,22.454234083553505,5.504372401179303,47.6494878318081,51.39218530847253,63.63262260197279,93.64510344721613,0.9681085279649504,80.79533965459747,95.44490866568287,97.35209257900829,36.77761326518467,8.986280111751011,13.38538932376554,26.488494258265195,12.972330999571664,19.544051183121603
215.6560281992348,175.93848163345336,182.7098203050703,249.7652673926613,270.7569843409334,108.07016537193994,131.24030158611987,244.07679971728916,192.07107462696538,132.913211685867,0.8465805423286038,5.851589007652765,9.453025794081096,3.8616035273715505,4.59728017116821,8.190866762976476,1.1790998996434634,2.3770044802291586,202.5498152519743,85.44743207118512,275.9236111557561,421.77713763880615,291.4411648771169,492.2823855807323,66.68949563079158,33.32055825779036,52.074440840328634,38.85953946418725,32.13719136873691,76.07373568083078,42.69539795360203,2.358749176025824,1.103533391480576,0.569429669400214,0.5619227021839157,3.4933960899706165,1.48071405612569,3.2300765857978497,0.25809427951496583,0.32908113221471874,0.11140148518056579,0.5041057284735129,1.0480799865334887,0.38050685173082144,1.2408850450348674,40.52336341325735,27.205178126431303,32.19082397646884,41.02302826223937,44.74995374300117,44.90820372920901,64.98232443114927,72.00989956256876,93.44066466154992,28.452296043870685,57.91054009593355,86.05822260457792,85.59334843539787,50.614625238008934,9.448544040707919,26.471056394688432,64.32310026609667,10.801999424990834,21.475597015825194
107.18845475934842,218.05898850296154,124.37721866738951,230.22951697633482,148.39542606340908,182.23830359891718,297.6841987926962,202.2227276979001,241.93426870090488,181.26644619275356,2.5785514227514694,7.325902265265618,4.943240862012098,4.540003757226074,7.223628291327805,5.64639049145222,1.1704211895232508,0.1566372222654498,427.204961202246,194.64160701250572,401.51508196265576,69.56274846395183,386.4988464193742,422.42085254302947,90.34064814419811,112.29671040999835,81.08132516601673,68.09341504499137,37.751078742672135,61.303006061394036,51.07532520389864,4.864899294940409,4.314464327779558,3.551588590702351,4.335246107707128,1.9848117126157396,1.3164896122481873,0.7432205997706032,3.277968626102849,1.20939805608053,0.5097317731119696,1.305541242834557,0.2821523819456149,0.8501727281456904,1.4900643566953962,41.78092717091536,30.612253122272417,6.045393688009939,12.781350241892707,7.882865777146368,2.131381145838847,45.79633160499438,62.46555252885504,87.92776240819134,37.95832519778794,64.65627536872701,67.76131352964558,25.201891258945164,76.54306218780279,23.193380526333474,4.5035497306518675,43.95416490763614,17.132092450493154,29.213657852466607
193.11960362649205,153.61272816457526,136.22986990693607,224.18571349568623,292.1253951026399,126.0161339657894,295.4559865132894,220.86259644806398,296.74231664183037,285.3170766436762,6.726222621998667,4.168235759131306,3.4851514863897934,9.80841737368409,1.163786842774677,2.6245361597606496,4.3359081970446125,6.548066982539769,454.0645760015554,317.809476210074,27.764898766348416,115.34618955831169,151.52642066060827,396.61239343474034,85.05678136793223,91.90712536412475,77.87662049365775,77.91425194256499,17.863893829827084,116.223866340646,86.19471315518935,0.3871696111031821,4.469849966302462,4.96375914933268,2.7257806587082367,0.6392888068706639,3.1921800051947002,1.7162122598445397,0.39670514809209356,1.9602318664285983,1.4301219277370811,0.39689080354952666,0.8245915528449761,1.3634639479522586,0.20752261044411485,6.021976408727956,27.537518724100593,35.27647185465122,15.778297598378206,33.286257685516816,28.31710901240425,56.69724439667916,51.45629412161977,66.03263021817297,9.221963724271188,4.04411866119082,20.052507758923575,19.66668111476857,50.10520002354634,42.69904392273139,36.02371888118352,0.5336560919045996,18.598689264585925,25.828783725875926
208.52892694151532,224.82978156982682,236.22357079299655,170.47498932193088,139.38514089068568,104.48517783241103,258.7636207816079,192.17966764131637,110.0350700639948,242.08436300248235,8.893894745463909,6.329270010782092,9.249762504942336,3.5676964696263433,8.476579936995607,2.6992472771980025,1.0767080296548097,2.104375618024431,258.12212003712125,278.1463396608489,492.16889359621666,28.21589114432653,210.41379100077387,171.80546032841343,107.42803849462915,95.81543448628419,49.00373283254072,72.74588771890681,77.62674462040594,114.24550360084253,70.06799293141003,0.02677826783145374,1.2880941439009552,3.6864353677131785,0.20489033229403103,2.4495779817749863,4.77293518198935,4.547027408452674,0.2995678392004608,1.1867070930764758,1.5648297465222163,0.4610452059260416,1.8709937239512924,0.6804286352606643,1.1644853645021989,48.701290775629474,10.361758467605995,41.22525424507774,42.34414116040403,30.70704207549126,39.57078511720735,41.64091877271886,30.011079762523284,22.110856274843236,56.64875578268198,36.71355583037133,7.262147397896235,62.61121806334554,78.25070176859029,80.36498992925544,25.540644033402415,47.6825706434835,20.020328928810486,26.485764750947027
157.30825042565687,181.8823304382481,136.28766953912537,268.289510616952,290.2859620723665,172.08536542829722,231.88459241639953,265.7417967636013,119.33891195751343,183.78472495858375,4.653425317810231,7.023197919437507,0.34147083178995774,4.576611099665068,7.383608069103287,0.4886052254028991,6.229021643184084,8.912139849467112,301.11127275495835,123.27618273732317,232.9042354123746,78.99781242556973,266.7473593159998,272.45950989514364,87.37806813451996,17.047199846927278,75.52793529080992,110.24727681382515,32.87575576896724,118.14148598218907,111.41581431639857,1.9095346363815562,2.108346686801896,0.09338835775125413,2.327735967129518,2.6143601947047697,3.431861224329113,4.557427734181228,2.4310828116821575,1.9031788055716106,0.6323854475639479,1.2907108142281796,0.5362638573874579,0.6073614416708407,1.5351459588754008,34.82106507000589,20.805164576144758,41.17640960264261,24.891732530503454,38.95653296603936,12.646902016733346,52.47619540212498,64.38456761362234,4.94834871463723,38.31726624726331,26.339493111835253,4.751578268564471,82.26377470220774,11.543277967431386,35.10990349995574,38.210339738001764,65.11879245505455,16.63982053083555,23.783563356386434
218.16665211380214,210.40943617039605,205.03267673341202,194.2574334796329,298.9638587931902,256.7476502150473,215.56141005021692,265.91254313661,244.09134829255123,203.4544339508621,6.109033851115227,7.14010598845133,5.8561064592039624,1.4218039583929138,2.1959961067734604,3.123897842829969,1.5225469118911659,8.604558664095896,356.992193953293,178.47302071678868,186.02325890464428,459.47854127738475,76.08867473994337,77.18056215642103,119.75674144627297,101.17563562680225,98.58105399026797,108.30135641664366,36.92624245622966,104.64160977294038,7.925703630230526,3.009474336248821,4.174632735755303,2.486337290428775,4.0890730772367405,1.0174917454656969,4.633980546242203,2.8808696479278875,4.7893553141894065,0.9438524164402509,0.8752816977543366,1.9833340475683863,0.7075334548341803,1.6461032651947896,1.043848084008397,13.993356271187983,26.833282026138512,14.571738610687463,41.46942576909814,27.803086366743546,26.43286350344082,95.25956719465616,90.84288952613629,9.93210647817666,4.646166227754545,15.00038607274724,61.20767846254114,36.20786709000298,6.396277204395162,1.7477788380604764,58.03405475307568,1.388365969132077,23.96570640506714,32.194147857216024
106.10004998780988,187.22530582706332,241.80925234448654,295.8209876030309,242.34456114920974,213.23613824501416,273.22030907556695,241.87776436487724,156.3650006590944,116.84260223541966,1.9661485426760554,0.6144643714986845,5.534431992543442,0.5747815511261777,1.538331496483288,7.471576422133463,5.2714953132713305,0.8596009820892383,418.05174754182997,310.8752872398388,153.4349745414882,235.1249858430055,22.731323925632353,273.85322856472595,45.078166980632965,51.94220440900307,8.022748818824812,116.66316665584012,108.29743879301695,109.59843293913664,86.44253286684169,3.1497087856738077,3.8573271186633282,3.0770866960896903,3.633751910319111,4.678740588079999,3.9228199704561324,3.514733789716882,2.1397117209551664,0.9280980969388227,0.17099475426336108,1.793015590779838,1.5189716333798347,1.9627190912116115,1.2277451700582407,23.0738743083155,39.11310574612433,13.555436666202919,19.03656217158266,3.448545481098743,20.596598179264262,49.9831152536332,0.6912591169667359,32.39925004656056,70.39788648679767,38.965932915698154,3.618860401535773,43.23545903670759,15.886096414345163,48.336185295172896,73.23395520366199,62.136033610815765,10.063227555370112,26.333118325612308
107.46963774984289,158.89315190838354,121.37538461894877,226.82842765914737,296.2287463583644,162.55559784207082,157.8879043238976,121.08027547929245,136.8602793900198,296.9151792752226,8.069171655428685,8.611503276282162,2.271271971992683,7.776554194465697,3.2312942523836816,0.5704257963503928,0.17147747533680574,1.1532452135993658,69.54047307345641,431.81896374128985,95.4347867489271,48.05627227139324,84.87484656595879,81.48573077681077,100.79474035753306,35.2246480144247,56.82142051198171,81.75422069080378,58.719155659711035,29.987059558220686,42.98768427715375,2.3874642241062043,4.071441371764761,3.451474263503187,2.449024264246742,1.1451034767649935,3.6421093341351543,4.271536921877647,1.78884098171615,1.0500139827001762,0.550419512085593,1.2269039795989864,1.4938034988832825,1.5702263293702146,1.808001552603984,15.208361668614375,32.86825973989236,26.309185551182583,20.219314050941872,35.43938957518538,10.229040078794782,25.317963280926026,13.392902742969037,50.38830254957855,72.92798338411035,35.49041963474329,73.92399564655506,11.548951367775118,77.20121268887286,99.66285954246219,60.53519865595297,65.25319062168563,22.80990273031766,24.364017191126667
264.5201121319317,289.69066139243137,213.4624439257807,125.25294831290054,213.90795591342072,230.86840109854393,193.5362424969754,267.7707723808138,107.8723759639459,233.2814609389838,9.67654830239935,4.636707816173974,4.345985570367084,5.749763433212588,9.763098801715852,2.2710232967978237,3.2343038492852028,5.002198763241996,406.9339610323215,379.0745849820498,397.8712153757137,480.26615063909105,317.15827441423136,280.9885435549046,85.22800462575638,71.21125960483572,92.23385127368097,116.77012496445373,50.09473690146632,100.56578073382407,25.726869959123036,0.6331677330708244,2.596806972031964,3.6014319196475357,4.301648899684123,2.0520456944796472,2.0761690816645735,4.793180394710007,4.989804010356407,1.425108370495555,1.5805166384073686,1.1232198606581052,1.8331843472473717,1.0949855833278157,0.4763891868592789,7.926101367793758,21.61625178670377,48.4047220155275,8.773348908023685,19.466150662345765,30.929500501853223,75.87466215125707,11.97731584998557,99.3253071184794,83.44714429694349,72.8891678129727,71.2470737350969,15.282642125535917,75.93302308387014,34.90209956549191,67.83773022599458,15.810757823889677,24.335829165319666,36.35325480714868
172.03812828225256,252.72115883195215,151.31255674027275,235.2355124150868,151.90835663521807,146.40363606176214,223.8779938733004,234.20259610658195,104.36934239724036,157.0808136926845,2.7591294358545153,2.697919208792523,6.557413658843325,7.6309775798345605,2.6426325882138806,7.091701735464641,6.804188164359289,6.131304361416611,245.8253137506922,281.16601314837334,478.1529407255873,440.70623080173857,46.07294815150402,327.87372127590373,84.50944119972714,99.5510341689244,67.80661410328838,100.73497000366952,88.24516940619247,86.51856801849159,63.69549658981138,0.8607826337215922,4.5586297510428135,2.794961121670455,0.6106201612833463,0.7830991373551693,1.6307245692882095,2.4545333370459494,2.6645251142881254,0.7984703362575319,1.2513739135036088,1.9969312720154062,0.8374255123687132,0.9407713406960979,0.2866683643486326,14.9133142050713,48.7327916918777,46.06588739150122,45.85911975295083,16.354107560345938,49.68776268263813,33.758445778154936,92.3205302892854,43.54434917945992,48.55405998669826,59.80963404767533,7.961082477667891,56.83515950260208,14.136780451064146,96.12545187673149,86.56391206187934,43.107418515650956,6.806803752182123,23.346997871576328
125.41210253037696,128.0226351532905,292.585375047516,165.0208030863398,187.39917713312417,102.876289214417,182.23809517389822,239.4048332008599,254.8971206239582,217.16167884304886,4.998776920845408,2.4934686240488477,7.298598849131082,1.5836417089768613,4.615659368571669,7.8482504719464785,4.891985508255699,2.8215925410741836,230.80547830300281,187.52356917507825,212.68592987424512,379.79443522538924,102.95121877656287,201.19602395245215,42.47109340717488,94.54499737361458,79.91975011184304,36.14569613909532,109.6055866415349,115.72044851522807,63.08233518069954,4.262218439421526,1.636498204332632,1.124568060343859,4.550605856427921,2.683625264472851,4.232924088639867,2.8122629257639113,1.8824546203823402,1.7413834620900184,0.4909639917133056,1.140054580504398,1.077737575361153,1.1253306690076934,1.412222864965052,29.21455090573611,5.835878323146396,18.302104846921097,44.89079285362417,49.58784070191987,18.58171938385727,81.62071708213907,66.27476889626148,52.46460904913768,96.86587973345098,91.31000688020194,90.66223650367947,10.265614574843696,3.0988658250679757,10.134513113642264,87.38244434615109,96.43326008891326,24.871957685275788,27.06336234708968
204.44865201096087,273.69359517958253,196.70912934398496,237.26543933721948,218.71218707575719,252.87067728728547,185.4972908180536,172.59656808077432,126.88668547391,121.8964732137988,0.9525494940131006,4.88183971715511,0.10709690119513984,5.76110483470864,0.39720023460162956,4.607652259613091,9.784867911389982,7.19629739532377,217.71087847852914,188.87512599548467,476.6861404291936,467.40166805430334,175.54840399069883,254.2869903823337,95.34420612864758,107.34971049683018,64.41778514961433,54.15510199839916,7.879178667306041,70.69511027090124,20.756268299169264,4.3408765473789135,0.791793950394115,4.711581300767968,4.23374163033191,1.5451116644194476,4.527912232315736,2.084051417572673,1.9354454585745933,0.15563463105947783,0.5891397907326211,0.8982213917229435,0.9880456763189074,0.979395434156698,1.6634129204926438,41.385499894355696,10.736840993470935,39.10156055606068,49.21874222095629,29.724788415006525,27.842760909091115,5.684198898388515,95.17881064701506,69.51572471880806,91.40641445324565,14.54075830558389,52.19292886253023,20.2046124795901,68.52819362121652,17.30996579053048,86.0719348359174,88.41892277997825,13.768038337273689,30.429862712710992
253.99871061972217,197.48623964990273,261.1985099550316,113.92822963248115,114.616312405403,224.7486169728018,166.05693350041687,275.85591123140136,193.54412319423017,293.1673337615167,5.635452898983387,8.879632240742696,9.374848957901051,2.611060495979618,4.032552542705702,7.010935950938624,8.753627581055486,5.989668607096828,259.5136767705609,440.91448202955405,413.6608315631667,117.86341620952443,48.15633151011951,439.0701599605471,108.5432425699739,111.73520139177604,119.06557263846577,32.41513085173612,56.547467353870594,14.79422417171398,28.218046455282334,3.3727537039249937,3.546574339498675,3.486365673641673,3.544301360029608,2.451469874680659,2.2648936433181506,0.3691898659115795,0.9828478852072173,0.9355519705540404,1.6519238436801644,1.8281555179731488,1.862729124942661,1.0554873078927693,1.7159313583068707,18.49468920703407,17.394974196567368,46.10522932252714,20.42113279490072,35.68059412683586,16.72880674026428,33.217797710869135,58.28132732124283,18.073397044779625,55.13516251001316,5.974860532352599,90.44385673377316,23.467702401188404,85.52817832429774,72.41220701457082,15.316891547952661,41.08214228582527,27.208146081811734,32.313826474685975
143.16420549936862,278.9104453788183,210.04530843125235,134.97628743519186,224.4686529234492,252.46052490019198,212.8463633369072,245.0743200469715,221.17936303589659,134.9569975766732,5.077556074282137,3.8456410586582046,1.7288011866888429,2.3578119873101975,5.756068152787717,3.940726469683431,3.654800712527197,3.3157586865106916,473.0747711633557,29.22935225986774,245.71505246339595,419.8209535749423,103.93264286920088,63.19594090437659,30.13307307486474,32.38403821419119,11.281476696239395,5.482673495514999,75.23985594896394,73.70087248652258,51.938936463678814,3.324447681671623,2.701378535874413,1.1918317839783532,4.091259833222459,1.1308384131264277,0.05522485995135563,2.119789327519604,2.565993056663219,1.070884514961844,0.4972599855953116,0.5449501621516476,1.5617281187668062,0.4865607960055326,1.3191245444733186,17.721126257118165,11.814317810901553,13.415860053021449,41.021439617052785,26.553143778314592,43.9089565317236,9.435990826063945,46.17328971592537,93.28270015622557,44.49519310694172,53.46077874911287,90.1610056188322,44.392453321363035,75.41076955101822,50.121244897070625,25.106913359364537,34.984626802415555,16.918267991654094,33.484075628858626
224.57809516380007,259.9710511894631,108.68250657096384,271.14745178115726,296.23556735245893,107.78760333753313,270.1149056030232,122.51809330583889,185.67036011376925,229.60606361104283,1.5299211931352683,7.522284893157079,2.412446298801356,0.21410753912455405,9.535933663828855,1.6831411257388627,0.5503167605755186,0.3511777316189244,278.6198486681543,494.1114957659279,340.27282777180505,348.09568621361,456.5221966019204,397.9491175698299,76.93213626842098,53.743657829466244,61.47015450382339,26.62560661189449,41.6347562844888,83.95680672244809,52.01331242511626,2.9924338188587596,4.27438298635931,1.6183859430286618,2.7236393791449034,0.27833788846409163,3.9647299839432875,3.955230423521555,2.1998865905583487,1.2533612526998827,0.7348996791095492,0.2852993815639371,1.6797393816843118,1.8171097036877224,1.6831054945245265,23.66603470352547,31.45937884189756,41.59963465534552,21.04020971776987,38.61364597460681,43.29783367097281,8.531782424583145,79.23429118143625,52.90346058427342,0.3034427902922854,0.10271386107850722,19.70340638871183,4.561196412363621,20.27989806150782,76.51218034658861,50.23253049275721,12.408068097685598,14.347805533309343,26.693484806248527
117.0694929987536,185.0427008938467,226.63027511880446,145.43591140470298,138.02152995674552,267.42392556613044,140.30567560126258,181.55560688123253,105.42133046724662,149.0908925077861,4.476455509868942,1.0585054367734643,2.7083871123690977,1.390373163333812,5.215686844906638,4.041679985876774,8.471700371138686,7.526487784855325,477.0569937489382,335.5439513172655,223.14224779352685,436.1820322881673,19.456574791222533,93.66972998813624,50.095505346819145,6.682282008583051,15.512903148169533,5.4669674229907015,93.82688804417279,30.336918301929256,41.51918605626374,1.0226001696529212,0.41498465313232763,4.610419076445545,3.3790605211973577,3.898340988900454,1.4324935139567354,4.0263786349777275,1.3612685287735928,0.6245366334951401,1.3622815141438243,1.3047710652874775,0.35288671077588074,1.5336165028942095,1.4312619908742514,32.40550219823514,2.457761102144635,13.76083353200424,22.987790051588153,37.72760040724877,9.349282703424528,65.83895591724372,16.094226747522455,27.62563456017686,71.09945317392338,78.77189431349656,38.05776279362848,49.97709716929386,58.37678972253356,86.355834502889,35.8739294016027,3.5189084540159787,8.97065589576626,25.049050103182427
110.33634423372155,104.49386166402348,290.2806684413314,267.408225048588,258.5190232576766,223.90524000726066,286.8866077506883,277.27607239202837,256.7003005175818,243.51227652970715,3.4076360556569765,4.812961351295511,0.4744193518651496,3.161754303846984,8.209162529159109,5.841681420011114,9.121219672115247,2.226061291668319,98.34216400166389,343.75747254547133,283.7744700241507,400.4866672138886,330.18164284543747,27.98691157426791,118.79803371891086,106.1219908154819,23.3753396430606,87.78142305530635,116.7198630810815,50.323039103963765,22.082692423647806,2.146970994296917,4.220025093155954,4.438551081669606,2.8073843728318164,3.2090205569586954,0.059340446434434486,4.4629618018205655,0.8110950321427813,0.9122119448730871,1.1661135328453494,0.2821143041606231,1.6045087164495038,1.393857103117118,0.26601614022290243,37.70500499039931,9.283120821534087,17.492465231416926,41.58496998294382,33.028732726167945,45.04746927478401,38.53348013536074,38.13381163173214,93.51089863388404,56.495450404969105,50.59728886850095,13.462633350381626,92.86744063940814,75.73657206255412,25.10848760610346,13.166896827996322,29.746277744207873,15.75097344636633,16.867013112680578
206.27092631362962,153.7354718769892,220.32236402926623,155.85521769088209,281.5797587559239,212.67907014252802,237.81753074964593,109.43934033947579,102.1026449083307,255.36427344805622,5.266125665521375,9.917692789888083,1.3182160235442169,1.2570997298502966,5.516563661432116,9.485727490343614,8.224211194848465,8.361290060280021,364.82662962799026,28.618940279323656,38.44270513906687,179.78258095664424,198.3603761484406,100.9315553450734,60.06577382064338,22.77579741959827,49.04941029810011,53.93644423793795,113.49414711878256,73.8278926159432,5.502973096612645,3.4825143108022596,1.473540319512023,2.031680727406867,1.783588367234667,1.7102893849979544,4.026892909290849,0.2668188588280857,1.563081954651093,1.0206217254067076,0.9756533899442471,0.8089822202106242,0.9226596555092442,1.904857444851499,1.5478826649814774,16.676575487573956,15.020688264100917,10.341624197112331,9.279655158876787,49.88828154146695,7.999681197275322,87.14789419851125,46.627424053422374,62.545061855895014,93.75441454860807,48.80655760578936,77.49780101363207,2.446366111907261,25.582870454703954,68.2829170439742,28.77502346056514,94.02833470822384,24.420595340632342,29.70473099585323
208.1270243220213,208.32684293217338,263.83777188535805,228.57638201174154,288.7403185640442,224.9228096229063,264.654642536006,292.2833239284099,252.3779788754968,234.68394578228654,5.897977920745112,7.727334247644136,9.864864237147204,9.85999856006828,0.5037716330116292,0.7806344256779054,1.3667044151056722,4.2608735745371265,407.99737391828614,306.70934469672335,351.1691028972612,389.45528313845523,339.59788232186185,384.87116308553993,31.25681998664841,104.06960341940984,22.88711052255604,40.9460936139537,35.587992028693314,48.02215979139814,116.57703217922237,2.69088883729666,3.277729779169233,0.2011530377373404,2.848615378832276,0.24699618116478794,2.5918968021963216,2.640501402007363,2.548329805161769,1.4051289594981051,1.8095080728615143,0.904797032605269,0.1443434973782295,0.6403492306343922,0.4407834101456264,29.524447157344376,34.32561586642617,25.60045005409932,11.40539125585674,23.25977993711532,5.224278001454045,51.640513787352916,29.84583945121182,48.36897312492104,59.423212524124416,36.24959787241744,50.41249155378625,63.09848652074653,52.7720801369453,60.76012366337561,97.54287616656391,95.86134513336673,22.075860326055512,31.54392961428956
227.4859802996413,226.69564396522946,276.8412926696816,238.8301147019662,292.02712088108944,272.8866493736728,211.23813852600233,235.83251366391255,278.6608987576245,222.8998920510385,0.18410622821137412,2.184232035562069,3.2206457000351323,3.155463220387112,3.2185819243787632,5.12320152906511,9.979359830681648,5.813066682054478,342.7731273540823,247.54124944431902,35.884075797226984,138.60358846259626,298.45894297806825,208.5117759350614,48.91362690051074,42.87954202845858,115.82402408501487,92.59790247594661,31.02890202031089,48.11898748244635,113.5024114159516,0.1027158669349449,0.2102426575004964,0.25200187078075154,1.2947520093343095,4.329219562858634,3.429201624228961,0.5460481948060106,0.3010830287011604,1.5697339509980466,0.5174498791585982,1.140322327393543,0.21416787021224076,0.254202880697867,0.5495577509228482,19.773361643403682,43.85531168776584,42.243889265931436,16.079047899592844,35.456521240758676,32.82026347722583,29.534322117228275,37.128561240847844,58.015590996077414,99.28560938927299,37.497383614876256,92.88075753949819,83.58423651515423,31.44604039737703,86.15350291921311,34.692675549653615,81.25193405762762,4.3564129189531755,20.617241325737204
245.21826674453231,151.57753708664046,145.6159543897865,202.5309506290106,204.29192774429438,217.3873013117814,255.90334028481269,226.27519552867534,186.56798421143446,278.4938187904023,7.633959231200598,5.064270589609316,1.2414807943565886,1.3902070723530489,5.797940127527922,3.3563058042861718,2.659983793372461,8.74219243104912,307.39191731100476,61.831664378092825,410.3716239906283,171.01015988374687,119.51438963377569,437.53505325462913,80.19141482891202,47.33536284783089,113.8808243233933,100.73597908125917,115.11141106744043,20.3049635048717,60.619793605255545,4.768248465533291,3.0518106685549675,1.4267522716827614,2.2069930624955183,0.8572770746290399,4.574302207510943,1.0117034939970593,0.7771827026339403,1.5018719219531957,1.5086977926396998,1.9841531369211285,1.3880250854962046,1.66966345467513,0.8498361912974631,35.96179259298761,40.025342642376195,26.638580803057856,39.514862108752844,39.99000915884345,19.6022532405598,72.08888879621948,7.810518692441826,74.83022189052267,85.38192718632904,43.11336782506559,20.821521487627738,31.246084254917715,22.557541732702113,43.01039006098827,41.89140682959614,35.08248135198595,36.343402107070794,35.57629431196086
295.1704158925069,127.87121481456482,142.40896798164533,161.06213533934624,295.46158159830077,216.19007597763587,103.24007946789344,154.11185129759826,207.10849461955965,115.7253421979516,7.158841489431234,2.412885160120809,1.159213485628771,2.070914896996782,9.51088026271813,5.132285773339276,7.269628636802864,8.649867709107538,286.7582627322293,146.18178527698595,414.22399543567315,62.873801439258315,425.13264891096037,267.10669517931024,13.750277705201272,9.500209265643829,43.65260931536944,117.15944694473619,57.74227605461858,113.1858731539316,119.43095162662566,4.225632102334996,3.5891857290448064,3.1493198745016073,1.4110692822286135,4.654403669224326,2.710457412389146,4.502080346879226,4.738809762175785,0.749007799350212,0.40222129717454835,0.5198652743330434,0.8068236381773427,1.9969922309335844,0.6976774260200401,8.651408565592531,9.513006195887616,6.610280479808329,18.946251693720097,19.113718124929942,26.771659376362603,62.40167915856997,19.798358944955798,15.453800369295333,95.35979358149531,1.6032344426030187,68.8367661519226,13.15185450192249,96.95893267708526,5.187043071066,0.6401421857296974,14.36264328821112,35.438014095891326,32.82843857838961
203.26006966023908,266.9860473598598,222.19619777019835,142.52887527421922,251.46204142688777,298.13583141315314,263.6760849559071,149.75835774783542,195.39667852353074,166.18295315603905,3.72623522344457,4.154653179898841,7.222653679932722,5.918261960580617,8.60539056153721,0.3373569290276636,9.089545275723644,3.7780437949113757,431.855936463561,446.2540835446891,126.16787090254516,468.18754183042967,251.05078747858477,20.90267244390217,74.41422082544233,42.59106082301175,78.57098688433315,78.83156223765273,28.95423815473955,91.3068542169361,82.47024803995797,1.310119620407592,1.8500635703830453,2.9251312303194634,0.6232100694123311,2.3981909391938325,2.520938422169039,2.4889883795641823,2.7188482016463813,1.9989559936847308,1.2698942836160758,0.8139371191631327,1.749419589124613,1.1990216322383789,0.7111383027755328,13.217780820039156,28.487585042832922,12.962908645244914,18.229326309897697,23.13016386390412,32.80225370590444,79.95946208292034,33.54967203309284,86.48304307032252,32.766277128503894,8.354578721620465,98.92368277727088,4.333978760926305,91.25819603869263,57.418612727251194,71.94148797901987,59.55334756056793,13.80943407088295,26.692045436572656
164.59129458824918,296.88043614071046,182.20569396134096,106.63787091248524,132.33428724739238,251.3460334137136,108.0277718170733,288.4116438977191,177.84172372468777,149.6574959261692,0.6240657621313007,7.822831834976151,8.560229773923144,0.7340308862614062,2.3607205803705917,3.198951011545655,2.4333024318740235,2.168000037876947,412.606832610605,279.4943237743169,168.59476270754212,152.59164806613796,413.0426492676011,361.1896687049441,112.09084730557328,107.16182352214537,66.38163186828541,58.07583023210595,86.30465081749809,5.142995469601731,12.918616824867277,3.086130086479818,1.0848994192580799,3.1728006568502742,1.6160906633856318,1.708529682443334,1.460403985527835,3.795139155274102,0.326612025263589,1.712464092395641,1.754184770481495,0.3512562363802503,1.4951189543641463,0.21173783703409554,0.421593095987687,21.589990782216113,1.9861209445620183,28.361662430426275,49.94140909013447,48.47377968633398,3.1154432707527517,64.3588276341885,79.58904332331343,95.9506810298213,14.933599476726645,50.50480200112371,66.53812618209913,64.39030594358024,44.566773095148704,95.88783191184578,41.35500655453798,64.65050072061814,9.058769309076947,29.940472846309497
259.0372389537407,205.13803646053717,267.9722605733441,160.78928024814476,195.38002129359398,188.45876109022706,277.98267527257246,159.65449084682456,277.48490707407205,297.60279241308433,7.573832143871998,7.7351256713749965,2.6438277651338518,8.638097888397454,2.279087317189719,8.21669466051735,9.091759691302954,7.773946169513088,69.92147337849377,212.57412183521527,245.8420854935637,265.1050079340114,208.9461427322274,64.01412527340403,102.79172058065281,7.937951128984476,98.7925027593134,40.10539468485513,37.70833724893603,93.045527662549,18.537592894502147,4.616964524803657,2.6927770762516894,3.589242029941212,4.2614162187420055,3.7113797896859095,1.5329172338553636,0.33127668858411735,3.468507916260169,0.594044408975441,0.9700133924084618,1.254465699463146,0.14119202216722734,1.5828892762943882,0.6583549895081342,44.5260321011077,15.871570379966627,29.36777905074273,19.498404083424234,2.0984053477671005,15.001181969004174,16.701341709892027,18.24973548428639,56.69996517500745,79.68721137951253,15.01222652198041,6.877393283071265,55.223438022906834,13.67780610639764,1.4631179505223413,10.314006289516108,42.45735692456041,34.614908861946454,32.558657913710185
154.16645025241485,134.3358571696607,280.0046246796022,230.6325581062566,243.6662350744008,241.47940000658554,298.3925494477287,255.10105934379988,278.7867021339981,177.8779559333747,9.556234088733511,2.358193741233613,0.30700417211882625,9.618846824447758,2.0916123744276174,5.584023165160911,3.163867634029183,4.387494015661098,425.8079519451303,45.61425636199736,302.36482439691594,201.75308986843442,492.4959214184671,396.79602039634295,12.782456715668086,51.72765940037341,77.15624512894836,30.566594059636024,35.73340213317102,90.07642415565375,110.35274704500834,0.48909495044712037,4.167622114133876,0.10497094542776468,1.9115930455051056,4.385428636315177,3.9847449094879326,2.0899642545850114,0.31839632169438337,0.47070103077837233,1.476159563663525,1.4825790463848838,1.4050877924884038,0.24012319280709893,0.13735892095417537,28.879626572859166,40.396197844002174,29.056842225471055,12.764641547621556,17.097134871065258,23.31486243255892,67.0310037667066,34.664037398422465,68.22708467975981,78.61971029691325,77.87626083469982,58.842434969519054,22.92949883919976,72.79073033206487,24.02579884224546,96.8556738304672,69.16467955586403,22.432148527480816,27.554469241639417
187.7942841411272,154.4614653038738,170.6842758605436,287.66096368969653,149.46806316381668,177.84609433835772,158.81349243535556,178.62435964141582,167.16327292830692,246.52253984807976,2.477500800617941,9.230010849733116,2.308591182609023,2.5427994646070706,9.23273907339478,4.560766678879562,9.766490901602156,2.0012157362341405,212.89362352581682,359.91954842712977,150.8032942535784,480.36477908591576,387.5397856656352,92.37024940453821,119.23983605499284,8.61095742846523,5.029032266414642,29.48648430549914,106.11363995394524,6.119060417885144,77.45600324720726,2.520117109175536,1.6245013179002876,0.53437711991049,3.742538208354657,1.8598606825920967,2.2506559354738256,3.374459000515045,3.696982392961401,0.6966403761084419,1.6587473706980775,1.0159459641481698,0.46546969819147677,1.1260265738926343,0.9985307987078194,48.28710788957988,23.104952830295307,4.31167287905769,31.349077070946695,24.56754163576416,13.696076785393627,39.15491976158103,6.492028819693518,85.98334808462408,21.14489394055632,27.448517400452577,17.98427496812367,83.1617307631748,25.570113012822027,31.606778996412,77.74332125850869,74.66818856517354,15.659573212336142,23.12930746023793
115.6912762684532,103.67813530949334,147.3741117948964,274.2408964526104,228.12303670977747,145.7750924966998,142.06371125715873,127.8508141569408,223.0139508029396,236.94503277620092,3.302893675996675,5.966425009371785,0.6595053388878976,4.555943159049507,8.541394915707034,2.926698209981862,2.884474201766699,9.053810888939788,134.31144669794728,354.3969034640559,300.3183382696433,174.1740937598564,483.315600505161,179.2687290447016,85.3535962259461,47.65619388754247,92.76505434511996,52.05677809277686,23.685102638343896,47.504494225582924,101.96611706559538,2.2866526989730094,1.269821794631185,1.8038224246177912,0.8842372926484247,2.0426453233292343,0.8259957809545208,0.6756983415782845,3.752313981382934,0.9594552206993252,0.35845020726744525,0.567079409750945,0.902906880537433,0.6273117010000013,1.5603228216626328,5.6122454214136495,7.922095452653811,37.80794668542033,40.19305762177254,0.5725171569249166,2.924083522133287,46.31430302575681,55.710434482660595,37.481063141650054,76.47446541349127,9.789963734932405,3.0502777419315397,73.55063521523434,16.85178058380945,76.58388878909756,72.61500894327268,78.306166357478,14.888996687308335,19.79605979805572
105.0701486830915,282.8597613120998,256.1051030487724,253.21295530706053,233.32009580932385,219.37037537755188,253.07267277160815,102.14305953907179,285.38151242917286,142.41624749547555,1.9197476058699683,3.861250480523944,1.123609872637411,0.319131065192021,7.771345979304193,3.050620975634424,9.539014665102568,2.0612315229867653,436.1865983268237,310.88136741655615,155.91566588235645,391.4874524971176,262.01997466583083,383.0230005164266,23.662294796112725,24.853673689733487,90.88753394905358,119.05543085811193,12.405188843617186,74.77598438743603,108.30100970789209,2.056922976364826,1.4018871901020615,0.7827513876326929,2.1278516042465316,2.1714595145425144,0.481698532362473,1.635831216737359,3.2588840889887707,1.7165188188072662,1.441071101036009,1.2796877114453207,1.2869968840336292,1.8385508831255513,1.7382700015271955,23.278682975721274,22.208392383671477,45.51669584995583,3.9455877692963837,45.00679149982728,4.790490374937142,92.15645757373447,61.12508881409278,99.28317948823984,58.197335804140614,23.52099259034498,33.49606973052141,27.642878498678314,38.152901773818456,32.327692246816184,95.78723348416695,50.22981113575072,6.601093355201368,25.960908096977462
292.529682935585,123.55021657802823,154.96120710962722,257.6894686506597,132.53994876171316,285.6364196227903,150.60526818405066,208.85146740305015,292.4116997882703,147.79953604231025,5.811667621113913,5.06916224973052,4.371930386491659,6.443031224799492,3.9880776308198533,3.8927041925467862,0.6300920438374815,0.35549096509318767,221.6921518205334,260.0286966481181,37.19045332481973,429.1539157692782,242.10865482244324,477.5733651634466,6.427850254483702,34.00511522586278,63.61811114014532,5.098175205301375,35.95644061974403,57.06632496367413,56.5133312974744,4.179587158375695,4.746169443054155,0.38584701229732526,0.583131785982531,4.6123920767785584,2.369871383140279,0.3320935470691774,3.6637006776505547,1.5788883012096155,1.847697945578485,1.124399674400814,1.7581638984618164,0.9575293051930215,1.6588142620229331,21.244387237246517,10.3026298103803,25.770687912630045,31.135165441354513,14.669097810501855,40.18651950330981,35.9964046297747,86.5516463462167,68.05013693068976,10.952514490167298,35.70982301557881,26.610408305406573,75.33630228646338,52.984980916673905,23.90838631963139,40.74800845171378,79.16407775597334,34.803628244055446,30.125163412422072
267.19602410244113,215.3032951028507,264.52286370273566,232.99698069519906,213.01706249055127,285.82790400309256,273.11247663444067,295.1557637097865,201.79180808440952,156.25691271060683,1.6329298070098042,6.090205409033662,2.3761918715301626,4.197867974720629,5.0933689725577915,8.372150028649148,7.121792915531149,0.3007717402974577,406.09869818664015,222.5543570816126,11.238499417635385,223.4471837656733,380.1723665693763,192.00263581689885,24.697503173597404,105.92381291356318,108.83568192180118,27.67867818156509,74.79872247639344,94.46840365285834,10.5804844313197,1.9094242720203123,1.8027918096651527,3.208412336026686,0.7017191062037736,3.46589431765652,2.3301255678524746,3.260186304938857,0.44894924725515817,1.7173676346611644,1.195104158725534,0.4252528744670637,0.9665859879446844,1.8070803621092515,0.891269666090715,30.210205732095435,19.96297716426616,36.08204969520721,2.268905066071125,13.256389189417492,45.613644581039836,61.195914299083874,81.91159985019641,42.39986983579821,50.17835975702087,3.5316608594883614,78.87708988157542,24.499421350077256,9.744032982041462,64.8558014467041,71.85335402924484,2.5476426269456787,15.005414875237424,24.831579436899883
239.19484121873958,154.8110441374412,184.74765072975256,152.0573715132006,254.32538219572155,168.38105562109806,120.56851843149533,173.8272387618409,190.56496105686534,182.22545565187585,3.6263200402676565,5.642916265273276,5.207864197401691,2.773578814405402,4.696884273472013,9.675410747401857,5.367900224986337,6.260922028897216,139.06776985836382,300.70283556411624,59.564018380030014,195.3041890819363,441.3427188765808,416.40610789747853,101.39023087885994,55.145660371517465,109.47131365439618,26.66519297641099,19.155103141376113,53.92770825295991,26.652240123192033,0.3276800328726279,0.027985157042553006,4.078529022680584,3.0910075356514453,1.2457541240578212,3.270756808244926,4.854747382700012,3.6366349562527853,0.6167185183296241,0.45363226460463646,0.8707956109540474,1.6361318629631554,0.6682540619836783,1.4878103142113268,40.692248131025124,24.647756901018248,45.743766855809284,26.553451373486137,41.10614667001022,8.03554847030722,36.348173341223955,28.53779546838805,67.73379750016272,93.11380008386784,14.167552438632903,37.368054107810046,67.52674618663609,57.174647304852655,4.64052889609996,20.62078973854511,68.04043667388696,13.620535856837463,19.581682964942384
181.79058888285397,210.83560050315867,233.5099798582941,281.439006141166,199.7791329071884,205.535493244339,125.19103927587165,171.43846679860897,155.73886318570516,146.86501313010535,7.000428837949203,4.915409851808164,2.609588157246185,2.147687395104424,2.6086412648377895,4.442688275368708,4.830983063515033,6.6505831011035506,11.925367496886723,124.36377134691928,398.20284308036895,376.3954522569877,482.43143997412346,103.48821008316096,7.488522368693831,36.486769011219906,65.24984282100567,87.46874083621361,59.23338731183128,22.69424148719126,12.655773939780037,0.3385303333998695,3.910589227718502,3.7656070205970695,3.0413342690705654,0.9331484905348774,2.360626713948252,4.13695700080272,0.692074715422176,1.2275763226584888,0.34119081001899165,0.9268744741068703,1.5876347593212023,0.8359889092605673,0.6469924707809036,42.15167726636148,17.803126569295905,32.30982636992679,13.221082406011554,14.260169810872531,12.838466885928542,9.472748535779175,13.695368918985974,52.16800325134364,50.64575454452288,32.38467544775197,73.29587803851965,11.854504107387942,1.534837476262152,17.059685995874695,69.712054745212,23.563395705047984,18.470795878568932,20.10064074632301
134.65886401416915,230.28407767037285,119.10706276693364,234.1464623811668,102.42062335522148,142.32717971397224,295.8303110201231,168.81832356988843,291.774374638082,103.93029654936956,5.6451482317925485,5.098834760485061,9.411319280919182,6.574828468821728,5.099777656872793,3.9941931036028424,2.312593711132816,3.179312880064141,252.77500452244274,471.21694144704736,481.1013430678352,457.31903035005473,169.03043395592488,405.51808739922063,31.811939916079954,72.773913464313,74.91864658760183,45.53574367377711,77.14376769891177,117.28779679149028,26.705082255328342,0.22329558655779885,3.499381228723597,4.087028495259804,1.0747258177007626,1.1595346404898323,0.7259437636297316,4.873369352869752,1.7041344772865008,0.6381732183270115,0.593497127886821,1.9669737321657226,0.8876231744173907,1.899526457669453,0.2055686981634741,33.67463313092266,46.879963046476114,33.87912335933703,15.678764034822693,33.052318398150106,32.786345534187944,45.35253420483005,15.608318221040374,11.164157153836518,78.86989895534721,31.048047380976406,1.6238991949331427,69.22394633332073,89.18690605930867,40.803022866944374,1.4079092187602837,27.052029168765323,9.338760306432183,23.402765050251006
131.2874085342172,265.9483607414403,224.7718649353146,212.08812619608798,101.80769381585844,299.1262218997767,234.76777965400092,204.1087674609717,128.56286089457348,275.8786113614391,3.925979386846559,1.8464779132360734,9.068845282470019,4.2205486072199125,0.4019158237422692,8.480852680616643,7.08539831878727,3.268108793545928,59.11184575501329,298.5093192983125,219.21343764779743,379.91654920539673,401.3652411828931,332.17208903556303,92.09014346351067,21.342300380746973,119.60003827133733,57.584992528059374,102.60475414821501,32.83459916924536,52.21128654242583,2.0516356551514456,0.6515556403688147,3.332624154848807,2.377371739501105,1.325183807035732,2.5439363951445824,4.229567927540998,4.714298814968158,0.30714400536703695,0.29667521113169687,1.7136430810954915,1.0518623105225153,0.48249745677010714,1.3843458982434065,32.2560500301549,28.34524972904091,36.20951846250575,23.62125021712794,41.16440562314698,47.736452916576134,59.70615044596519,96.89639430404445,79.58653047693186,2.890998664195654,80.03866965598392,1.481213343339105,23.877441898226024,92.07416892788666,35.55999623400311,12.630538044061412,9.130170660673231,11.65858523770798,25.18929274160914
150.04857963291906,141.28425435212063,190.35353574744582,122.19789384269622,171.40586879400243,296.2235815735871,269.37744488579057,188.1329766848587,215.96591520954502,293.1219662761768,4.260471057894665,8.146055752616325,5.711380439603613,1.878626961396129,1.404922697624846,4.326362674299405,1.9890139653184404,3.4609897590934335,379.6442182072057,162.4842977336445,261.215137190472,121.29191914001414,113.21634284141298,104.44431853406053,72.40271162828554,34.83003485339843,39.364327003313015,22.09177500403907,31.435002988259253,87.53461571225321,18.592633209223322,3.594847325714816,4.9246722031832135,3.679373155852869,4.31789777321996,1.1586156217566677,4.5348791253912655,4.277427072922923,2.519348633519109,1.3999757126018932,1.07544873601159,1.4953044977198282,1.430921519094645,1.1991521881371758,1.3327127129991714,47.47696233121797,42.223187360371384,13.394871346976224,46.391819306906555,39.72760396166343,15.32969060209692,40.750329203759875,67.32258140073574,56.437558025293214,72.80814128625937,84.32554753126531,2.93134575475571,57.24693542417141,73.30707735118514,34.71658191833632,42.52589186028485,19.23922635931793,20.19834870368908,26.48689430276226
209.84533294122411,102.1991657316961,217.32169263509482,189.41110876128508,285.23881368635637,229.90178594148946,164.8658754703036,275.9829253454029,156.51005350372776,168.31407740631357,5.664897737969972,5.463427167416052,3.608797520675123,6.922179906719558,8.877237002072569,5.564979905726947,5.573133780249205,6.833569612912899,145.2768166740111,230.34312693372706,81.9556028459788,445.2707962444756,277.3314299052682,158.22694057219167,95.01460669142206,67.81851627433218,42.3309828658199,51.574659470848985,98.99482718902078,21.462975841368273,24.174323497614477,1.0265750850332722,3.0442308036725048,1.3661760832994236,0.8792655282956496,3.295947171490057,0.80561264398486,2.8901142049029995,4.837457896094239,0.3716953472713337,0.2324388971427957,1.7886763484556,0.15918202582918548,0.8381696242642115,1.6230958513794636,19.49252638110202,38.15606307925122,29.342554798482958,35.678031676099884,39.20656150258348,42.83307449868206,39.06661846781844,4.257078780323931,79.58455578738887,94.68373861374772,19.341859914355,21.935844178258044,17.246386685188252,46.654940857417756,10.855501311966176,1.2092694806008164,99.2008233002003,20.41186182984331,21.828531846917013
242.91918454001248,127.37712601376145,133.6028415489727,192.07165424038527,145.73535592072176,260.8828119354947,235.29674990412087,201.10415834469808,155.80165806955932,167.7013758850946,0.1580608060828969,1.3976906308765609,3.8733541321438825,5.6942156020632675,7.54162969361109,2.38632247952757,2.6071290940984833,0.675524531165603,227.38636683570456,404.78554654967724,280.0053628132769,199.91501704404823,98.12559272050758,74.56773541254765,90.80730794008062,32.31514981252792,26.018998806302083,16.867978369171148,32.01422003009243,42.83645058515226,56.26950493824311,3.2358779169534317,2.5088896597936015,4.96511010105798,0.10586056003683902,0.5885082181809567,3.451875658478967,2.5960790339519173,0.4537230698448204,1.3686257472422958,0.5244687868088302,1.4974203710745586,1.7925416862185675,1.570917081630582,1.2706017927354718,41.722774052330166,33.22773230875494,42.187668169950584,46.87385701608257,4.887559708329126,25.548219900293635,82.0378513894397,13.677925504509458,15.491194036746581,49.95277848929358,12.393988391284738,37.39877850285617,72.59669475679523,25.48962705633112,36.08400194497966,46.19658554504193,41.53901305634753,16.796215639599495,20.65488500119538
232.03947534354626,280.00372836962106,247.37474898883642,272.912721904534,226.87273777433742,243.02003225674,218.84836546171942,201.55156763771376,180.9937174752377,101.4183625548742,0.8772476976907375,7.684955305669502,4.177337603130519,8.600853343802012,4.286397249684962,7.460675104212845,9.560651659835425,9.298251891644124,52.646446894861576,89.19186975784575,80.88090198341865,292.3524117711878,180.22470725766604,197.65383542151352,10.819159519007544,83.09968980110042,108.02469800315481,66.29997810718706,82.82815224255866,55.833174969498735,44.119659294676296,3.4385714757974837,1.9172741454382265,0.9239966159244967,3.2634557519112257,1.9429188636427241,2.9733577321779774,2.0372087894748594,2.3930074318202683,1.3311321793202773,0.9358298434332072,1.8164635247388934,1.5626507029316175,0.3456631052255791,0.39809408745044117,46.11443449106856,25.09599304097782,15.160055147907158,33.16856472565454,4.452424894832028,47.84965263449863,2.9685172289470207,48.58000651009557,53.83571568007757,33.77099130255864,63.41624843214183,60.78458031168545,6.087957439305169,74.41120907113965,79.79927719914028,52.279174906500394,92.77653986886854,15.163664502329404,23.864271040927456
155.98677938918857,274.7780155125031,272.5594155086457,209.3296440375577,144.4151741386641,218.63164380789362,220.6300240245894,127.67431894411132,299.75858716313087,236.05013766607482,8.824454870853815,9.331195385935773,7.303035289135946,1.2630113988772798,5.219788586610385,5.36668435088074,0.383448818972963,2.30295833735672,150.4630317391538,153.4894550055276,309.4950222874267,417.4034534534284,466.36559993116504,109.78783415040593,107.63881319582742,61.52149975984509,90.61616484416562,16.262912019028434,54.52746072048234,27.10668052061235,58.780684281624715,1.2834585988378338,4.494377050262553,1.0803244332030186,0.27695605836253817,3.1290173291221284,3.7454427762918954,4.092293526278941,0.32138757818158453,1.6394720444056323,1.0004380257638408,0.20365091827106516,0.5738901746644277,0.9307084411088701,1.7210085448953765,24.831192591127248,0.6076022971885813,44.909939730044584,0.8518334808490533,15.68511676900068,7.244803790195469,29.558539674011996,20.78288042931198,76.66242722129128,64.66505048868973,80.46235556954315,98.59138858269728,16.54177868027188,93.17972019520636,41.38442017973952,62.160659758708206,16.289952819279808,20.69343689091553,31.325730429750436
290.9730561326388,219.48262043406166,143.34796001815513,176.08010979408192,164.33399793190972,110.66959939777954,236.5064919075443,296.5479081820772,110.99326136796441,265.08797914972575,0.8710019920037786,9.478338302445925,4.571226055636495,7.878099359250116,3.762988971003777,8.109442047379382,2.077309973101242,9.996764731896713,392.93021919670025,342.95893114091217,467.29674711461837,102.31343602624119,81.58444288881218,325.558997278932,31.1086609424609,93.77874307928946,17.148927620077817,95.90846383491296,18.18834287354707,56.74535128239009,54.35478319229213,3.00678270374254,1.2273777722786308,1.451719940761076,4.899901790476505,1.461391269975225,0.7614953644036878,0.9185173852673427,3.154749209372431,0.3651537486707723,1.1742571217792326,0.9665257976071414,1.9642419110590537,1.427971991006,1.2917802972355314,36.590577640863366,30.86664622732815,31.208906513398784,13.646467268710042,2.2794201192028796,48.69678371129533,81.17572653772116,80.36589850000189,98.83045675907984,91.62612150932193,96.37230972241315,35.44095670143326,18.41364798708365,15.853370489743956,58.6171184815685,10.038667699361635,20.405884209851955,15.265577148874256,27.307602881540763
247.5793833391537,220.10337208673067,119.14291110403235,295.36006570213186,269.6084179202968,190.9528685105322,215.07183462581972,149.99457817376594,215.7083636407063,129.32166007200064,7.097355602484001,3.7532755508706104,8.581626470408384,6.767816189490864,7.433720684890657,7.82925402728383,2.4988750032357325,1.7980746684931512,84.27807683213653,164.5897111762897,105.8922842584894,394.40996648200104,319.8764386162463,497.30750106807375,68.64013062642283,114.04812160808389,117.90324538776605,70.15919751715629,87.1402982245126,23.07372464405125,79.1149729876866,3.4274930167339686,1.4359868120973105,4.876908826231829,3.052005216156416,0.33571917966127357,4.708610631160913,0.2905623299627241,0.40274793682889676,1.5886122821667408,1.4406684292263805,1.5191068369594838,0.4408416699202756,0.8733308465117036,1.6344584281665075,19.162482905209853,18.119893923623636,21.447155145936282,45.33574259715851,25.271271957703586,22.32844207756065,92.05301486111638,57.32171175693649,88.43972763852587,17.676965053334293,0.6796284746514281,5.565890675716623,4.1343585853998555,46.5821989297698,16.35794093173175,18.101191312721234,55.78133538150713,30.76506979104675,30.412665513893792
210.87081050228014,233.00733490925109,104.72771720926728,122.14411866526314,245.77228845398938,234.9572604334821,185.8124738605332,114.67281349192054,116.51443160705543,131.93326987343016,9.208377824679621,1.4416170482514652,9.446538380710608,1.2386082745981686,7.8634530743975875,2.228547205873283,4.199271475101383,7.738309927392537,327.1081849522091,398.3258241121183,384.63622184798,302.11977097623196,300.5475937344276,15.884489911289428,79.09313800069457,18.31756227495189,89.06059643852835,88.25630548395445,30.042701133137047,69.28575198337737,112.77679812072327,2.338401977782607,0.6208299253659688,4.941560060875991,2.3572778006914215,0.4183013750013818,3.1086224745581212,4.739990175196528,0.8850853346764829,1.9986253992978504,0.18973441536438831,1.2082620135590256,1.8367646800383635,0.21121030462321572,1.5708035287144775,8.364511202672501,6.3292272566652805,31.3475565893145,32.35055328790337,20.041712280375805,47.67045032609995,41.22995858408282,61.26322077892984,86.43496270606393,40.369421002270975,41.36781134268045,19.490016166584866,74.50125161602456,31.526163603592817,6.971136346857609,61.32833707171951,34.95325408790825,28.623915299365212,33.98210478565965
222.34414924687044,135.07425572468992,228.3943000886532,184.5096856623889,119.07985546264213,235.50632277673694,155.18453887610937,232.62924979504177,130.9041659981038,258.01664999428755,2.779767682587138,5.232156303667345,3.425866918451445,6.978725225730035,7.656523383011275,7.184791950521848,2.4040293945135303,2.311784194803288,459.5386678742056,73.92220871690681,21.516187180978783,447.73740449552804,69.16179282740337,275.05070851077636,24.392244251785968,43.48647614822266,102.81004260457208,53.12938446505864,25.31169399282802,81.3270240398223,17.404398921087886,1.6902158204276745,3.7980042869654578,3.9765198110354225,2.1556627747212906,0.6385742137603848,4.236884977078772,0.028853144165350522,1.3015632472457097,1.716980652313214,0.2531798091339882,0.4328157118864947,0.7164995708139111,1.4397132965371533,0.6659425257276679,29.53194213288505,22.509000048797844,20.39206533160928,49.091538210228606,28.072782670885882,23.205165744050202,88.87942431960764,46.28255480492118,24.7460138146398,15.629028098184117,73.39878340943856,89.7851833814862,98.09525047399327,35.67417890459099,87.99560419315607,65.81877124626394,64.3915208574796,16.013314977008353,24.05358301441842
183.92001248555798,282.88238918499195,221.41880721775615,108.40493503428105,185.74040419728672,174.6245236844767,253.7162661826404,219.07327403137452,187.91258835457973,223.2581496708289,3.7678652268891915,1.2148313705572849,5.650875365619233,4.471318159910321,7.253856075861051,8.020538638718577,4.964355993660974,0.9003833362682143,343.1200122812829,383.7162235227582,193.99364824759428,94.26549690333604,169.72973144671795,291.09663279901474,117.26659452061206,41.74814223101676,10.537340754918105,48.87149872285614,46.20713678777907,12.179942663221238,16.414917170557416,3.0995662423558934,2.9817909092252077,3.148997416812572,2.8696225859994877,4.180856694092094,1.2405677507643758,4.8843783161605,3.746231819805771,1.5284429450225658,0.21563238842908342,0.746934964404215,1.549978749311858,1.0560768226014678,0.2416506522188995,10.225346717051828,36.90988945302358,41.98276229148464,8.220218951305633,15.290032664149678,26.73906563896862,19.89301221250327,25.60627754263155,83.79846017090475,49.66542322198928,82.85592988743544,69.93791901477088,77.83977884116824,40.57577813229325,33.137259614595884,2.5900228210276266,42.20465757204303,16.37618363487067,30.726799649380606
149.5461979002315,183.7541049784146,209.339482542814,247.98082415338607,105.8339527290529,288.3383973316061,145.25448600063726,183.02913079854915,202.09202626928825,108.9721115255434,5.732321917862691,9.34647544327491,1.041059714642388,9.455349377002847,2.124592953058679,3.5264616837457115,8.737408680259536,8.761839911071423,407.40062775319115,43.492340276777455,64.26676883694944,216.13429615005492,285.8609372124802,457.9623069435978,61.13793495004053,22.38603572378424,63.07050567834928,16.294022240619313,80.1283781473406,105.18019392444933,103.07270277545373,4.889456965767004,3.0492401845799466,2.6051122501712207,0.4622159392338725,3.292738892968799,3.699670318095828,3.6469783156700912,0.8281709729021931,1.3581141739199445,0.9039855993833296,0.7037713125507133,0.9671155271710956,0.12148650469219104,0.4353583772702112,23.15115697479152,48.10305083758585,24.374769713346055,15.189017738772712,24.54482314802614,40.33636298397739,22.142706786017264,58.94036132025465,16.928127754296305,54.042201303055904,6.228594868309778,79.02008240385598,86.06319621223956,95.17963443713384,35.03372330681327,54.03673621150382,81.15972374654619,26.051628503824904,32.44272365442735
171.1945357302523,176.6277056498995,146.3894192231951,283.6153104398301,196.1780293206018,133.4714064473562,238.47086123088283,184.4384467761356,151.7584816729048,224.50939809245634,8.828918799421988,1.9174383108159454,2.084643572886954,1.5019523711172034,3.44590279448074,1.8088302177325182,7.149427871950791,8.60163746598983,63.39609835891874,16.170380207072444,182.71296638189273,418.09311550475036,101.71751840436022,257.9426140357994,11.628909993700244,98.18486079334915,85.33880297360952,65.24339480992461,31.909595060922197,26.291201779834086,63.2356210350328,2.1399386327512007,1.1001674507871235,4.85339801997736,4.650795103509283,0.3319668313772475,3.9073432146262554,1.64920960929216,4.234693945932408,0.9013848209023159,0.1795110952775752,0.5965591350502384,1.499288036155004,1.2640462009339088,0.2764384351951764,43.7075260097525,19.01819211054306,45.110061307839665,18.4371991460933,17.06986591002316,36.2701107866,84.61913765848035,71.69700461607317,19.810766454843353,94.42036147216601,68.06145194641273,12.416820567279263,0.6007660338277154,25.863716786809366,87.76878494788585,78.49817319988325,43.15590711710837,26.363566141341774,27.459576771750395
251.56922209287382,203.78354105656751,178.18119918110295,156.0074659100979,232.48680234021361,200.07188924311214,146.66656452986533,257.0127842092862,163.29142617488324,161.7835445687532,9.42486531387816,2.6023820135165243,4.193311090430585,6.464050569075806,4.751469806338382,0.12605834023792298,5.841623607297599,4.095346885251053,132.8585947410067,450.1295242277594,95.03309062305293,19.423534693812485,402.3055916422795,276.41369562600954,112.78513514945165,92.38605096446085,67.43885722576175,64.16774895856558,26.12107695991686,30.916678911837238,93.13657771037086,1.9647581304627542,3.2593302617441484,3.481157786262655,3.13195392207387,1.9614337069655852,1.9932020092115077,3.4921210170006884,0.6682006547656963,1.4879503189940442,1.51755440697952,0.7519575516765354,0.39598779108479587,1.8477739428046942,0.5624836209522591,4.757900284402186,27.364803285896347,25.73550000196741,16.664611999281874,10.162800565053775,31.170364360655633,90.32577413406182,37.09480776301669,11.011674374347201,41.25151537676274,28.893871739897005,13.498698870750792,11.786996377459324,49.26758390935066,70.7771348908744,6.910087778539409,57.23491824382639,30.215245250294167,30.95433668196319
102.87869772595117,109.39319335501101,218.8952670372346,271.66833535982414,123.70052471963031,238.17679531016455,225.0660339908908,139.1425280199298,117.39340405118661,173.74503109416918,7.421676156301554,4.125701616161207,2.141406887427611,3.881602450083165,3.374850615133791,4.563946165622166,0.9811314620285285,7.053721811150226,448.3240375978896,294.85621629682635,192.91944516021485,64.978669715165,486.3566896720274,241.1098726509104,72.42080196722583,60.708929145955885,81.66445855541691,58.83173511170462,6.144666957036899,81.05523160955224,29.773518914837364,2.3266918431063055,3.829637651761851,4.72420334034689,0.9280527030784349,1.4001400125068575,1.9259277298882762,4.091197034353786,0.18586980086008015,1.475938266766861,0.5237003439731079,1.07822124807613,0.6120622709343173,0.31094930160220907,0.9731113187493866,2.0062125154001578,42.63659697649746,33.18823528705067,12.973580742419092,32.64365071632184,21.140511167683023,22.28057679626675,50.49436306178353,85.75965307137872,56.695661353969825,7.459695933312538,11.2246007544896,55.90203392948624,95.14874716617904,75.6262710987613,41.317286524651976,32.10732000237287,21.800152836195974,26.092531645052087
123.21452810138325,133.25667375121589,199.35337177183388,158.44364609237954,157.77698778183313,239.42716117836184,249.41565342580577,264.05066378897794,160.6439567688501,253.94628365937604,0.9575356324614709,3.8933282387353456,8.777948858808303,9.57246523884969,7.573907981567457,3.589084042234532,6.970521873053828,5.61495273357078,360.4017506728637,182.39517957253761,214.58617499268988,495.3769542508,115.23210598161131,141.76310923512588,85.40721776785828,66.84363944638011,99.05551731290434,90.15961193848166,59.23895616669821,58.90637194995762,100.31919591426845,0.3903297832907906,1.7958637683211895,1.5895884893933432,2.8172794582856673,2.894420157027713,3.2924033624784887,1.2343566593723152,1.9812766406586426,1.2998467371058477,1.8845037372509215,1.7242511470882245,0.2897298664968487,1.222275346517421,1.8229401494644375,30.520653445403436,17.032971287525733,49.888348839839104,22.451552929960503,33.83507712420967,39.72569918628049,5.932418996861111,83.96839704720333,10.825449645131869,88.52625740541524,48.91025817546672,85.7169164309525,97.78688847941675,47.60568902183173,68.20034841676626,32.651127303010185,70.4040987438654,3.7919587938035884,15.68775088677611
109.20052840435055,247.6067232852741,297.55710404297747,282.15403232878305,179.5673251004314,229.7277913537631,143.74277778130784,229.74942277900362,293.3116878761088,262.1870385345221,6.724626139795022,7.967162634739101,1.6670339349850711,3.366751463373737,3.3605998900745515,5.593607354871549,1.7475014146783048,8.544265525370113,323.3813749248825,123.9713721122867,157.28965016265,147.39314750927176,101.5868627473822,37.454275291967704,65.39521584243576,11.84757587028707,48.04876224042256,100.73800600372077,54.29424047124601,62.43049390467255,111.24236178216003,2.770284765560236,4.008722248368945,1.6755362134251326,0.674949964106728,2.6188016888648438,0.4761043319834777,3.856769459565114,4.897413793436763,1.612928918765874,1.0241671346845116,1.509862058548137,1.743773564731826,1.4844708753489977,1.7568356362492057,16.887535666447306,7.541733626055361,7.7748091299227875,32.29375710678387,41.546968791112626,47.43730249782136,9.032413705528775,14.868176182246028,13.811147974501004,32.14050001761587,15.815334320414598,20.996760869360443,66.07129310482036,86.35995219214534,10.579224479153638,91.36656253520167,65.47342089657141,18.76559770464953,29.70663572734611
108.14576046379403,116.5597335850253,127.28795051134662,250.7923807193568,283.9062049312099,155.05764269037203,111.98866017226166,183.79395475590488,288.9414763344963,180.07132536796612,4.162006846539354,4.617536523454527,4.61104213337561,9.625640503968821,1.468497659174838,1.9616068166289793,7.88503712102081,3.219054096254679,335.245700699633,312.2740337977999,331.7447552418333,488.01616492473715,232.91818518074788,210.2422642828197,100.99486479935126,68.88334551761025,102.59689769615161,91.34081261907843,31.894790518298272,19.73782322476026,78.08054678784615,1.6501999622141454,1.7504650367747845,4.275075724650994,0.09758806061597745,2.4108088766148774,3.6807645095853694,4.023804428791118,0.5606077166659984,0.9526513880109858,0.9480189296401831,1.686974437630844,0.6629566767620486,0.23446997326658034,1.4653396486818833,21.187916492832805,14.45315064601811,36.96809286230358,15.907217682891455,43.80021326610938,0.9856393986798284,26.138083537636327,54.522441927410036,24.58871500823858,67.416386896759,73.70075180616847,64.31517453797217,37.413669373807764,5.876477432528093,95.79958210562278,18.580239320645532,39.70010327740577,13.987216377605867,19.173272322994656
271.0921168022014,220.63042189327763,239.02891080951875,260.9813553682877,298.65100308459284,131.2413137373244,126.19474859883482,191.60572331677372,166.975658027397,289.43058720127095,4.7599398949615095,1.7906057740330354,6.096422480552769,9.024709925897415,4.05050047527821,8.610688921898104,2.5755619092505166,5.2843567599899535,212.95827160927527,259.4110699330017,460.23750511686575,99.44045999425022,376.40498579861577,35.769820907932484,8.810348152219252,96.00427526225819,23.735352048008433,21.54456042278704,11.169998861114436,97.65961951578694,17.176087469487257,0.6158963904329998,3.7931109229313456,0.757776053720619,3.15627975621785,1.5794167281593396,0.22400493159866053,1.2542796043254738,0.517575035757749,0.3303801530515422,1.5830235160150505,1.7788471146698641,1.4195048358916604,0.142969370511954,0.14581348314086937,20.58267413858741,45.0065800755152,7.374175281838712,4.445146204055656,35.37086426621182,29.598332274406726,76.14490771467949,34.841266182922816,57.266240912064106,75.71618488220965,74.12617996994535,51.616636618325906,14.61493054814592,95.3030418463236,90.91362871279276,31.836041314448018,27.603210279059653,17.12547228418665,28.10918471980024
240.73157187600472,149.0698219362642,180.86375362085843,103.6013111200909,108.98225979912317,227.18806536534217,221.1993934542051,151.32944143721915,214.17078725575232,181.29254359041443,0.5865690644172528,2.7453779653121337,6.949452690792359,2.776794029575498,9.801152884545566,2.651776634718286,4.228782410376919,4.905186474925049,31.832749492650077,495.88291000969275,206.29173331158344,186.93627707359445,147.9842990152732,279.74131003829973,35.86351200687199,70.99017096214358,36.1518963280331,76.53684356744243,54.36442557852124,75.96123830198415,107.95890362797897,2.336621138175693,0.17831323621401773,4.730180027867418,3.2459318759319378,0.6976208624995138,0.9610456025929217,0.21921250834613784,3.758320888870163,1.1622286824575512,1.4549925693966832,0.8906858665854537,1.6584202757089035,0.9819721466253998,0.7486394825090517,4.787701335973397,8.389958868860969,42.02388510533761,35.572360081211585,34.531155291526844,43.36605598442825,50.999182779628285,70.27947582172305,88.01801853004031,33.05282346870094,84.20677649875094,54.43899118738537,15.283569438265076,18.75311470260509,23.622012683145442,89.8444744991303,61.4104374820299,15.463461136202616,17.18673036991788
194.83476581746504,177.8591228083953,185.63992298512295,292.5620714148052,252.2015846990784,219.86042322788757,269.8892812451471,250.42286653939496,281.9190782221889,254.36720704602197,1.991515179528946,5.140222513356468,3.8923867602924167,8.055063590581634,2.3362259880424014,2.341653090367735,3.5696550029474867,3.6036676799429017,394.3763556146572,491.77583346033543,104.2481466727605,378.9060278067496,19.741155261667394,160.57388518872364,59.0095609863096,35.51023256384818,9.984746291642464,14.237157154296339,95.6435877732376,20.568934980587443,96.13608864755821,0.026886093004147363,2.760311361353527,2.5422970297704035,2.9226459481890434,3.7144581505344636,3.324077348634422,1.0285701999449075,1.567686853027891,0.6035827045515509,1.2538871778014715,0.7574499396508196,1.8126946491207572,1.6032547057452913,1.3964620103205876,0.6765384176399305,16.79644251983571,30.024442367519576,23.221319511172798,3.3054454341553887,32.829070598605085,45.558884224276966,1.8810243162394658,41.82281552555681,16.434118553064447,37.75686851477522,19.543535839126825,36.27532023167838,97.99350347312841,80.39941911438413,33.065330605997275,94.31516492110077,5.218498295649789,20.287724174498823
119.5668321302003,157.73874735413997,243.51955313163523,245.33419841406464,174.34481328046866,135.8712020578482,108.99936424708487,202.57494846105357,101.23676452817934,196.77545291285182,7.926084714583113,1.5597937825187356,8.704080780374813,9.956481597854708,6.160370723537968,4.859069159195124,8.602257755281082,8.925405139108085,342.56948574552337,321.16203740938874,142.65415151603185,332.31141954670744,275.19810773611806,271.4651767474596,13.809415876076654,81.76805131844878,46.90908330355388,84.8815630556548,87.25744510262535,48.00992720794354,91.35094429916633,2.014908373362167,4.847937537593034,4.632805254132651,0.9255811897565152,4.4004852765248454,0.5006350987888996,1.0112255803580783,3.5892352699563275,0.8304228851153853,1.876778741875703,0.20948442519990745,0.30196451909226385,0.4053668791887238,0.3451549039942299,44.97195052178108,23.49969536976686,46.93889825001973,28.04587415145813,5.934072452179491,40.141048262750175,58.413993116600096,67.04732998031886,54.62859491917852,50.29095419022733,1.3309797230643627,63.52460934539895,71.38101973440072,17.557686525854844,40.939643149732,53.134744058559434,13.264302402660155,21.443552359214966,27.439541354744396
198.32317502336647,171.13454329298983,238.48723026487392,160.95021907722668,178.49163724589602,241.02782911411268,246.83025180832925,164.17090854996871,262.13671406751837,279.5064653044168,4.594192447173811,6.155391188895539,5.726359595671463,2.6013637214956953,4.386433193413092,5.038625135068315,1.3527901412627408,1.7421914541591015,241.6741874152351,227.00654799188635,428.4604035132208,294.74997596523724,478.73427820598073,75.80551255364148,86.1792669725657,46.57116944600348,48.689597654773834,48.91149610452957,103.99141233391958,98.19714226452847,9.22374172418029,0.537618986952988,4.906410557405129,1.6905960157418074,3.0211149938888875,4.721313037071758,4.859492036469182,0.33554986633566114,1.0080528413223833,0.13308831748832944,0.9022925958754462,1.8679340815652252,1.7967283736739639,1.6896108172083535,1.6220669150302265,11.281028764735446,42.43210456280054,43.36485179627098,23.042332529613798,40.72185416434823,44.80552464052478,89.02231134621861,10.28977340161874,16.6489399957253,35.68017301333016,25.97359383744797,4.310053445833118,3.1819291024910656,44.43659477949742,68.37669678644829,3.303533723087937,79.91166183455604,12.812506137710665,23.598528024189232
194.69435415611315,243.8091810368491,298.25119874043764,265.87893297176936,250.85299466940455,191.03439834673128,168.26372919001042,219.21002315219005,289.67391055778376,281.5522487300357,3.0864561921483737,5.700898334856344,4.451127026430762,4.424093976300864,0.8031432197283337,2.2293437649724193,5.699884335609407,1.5801355312548921,450.88221153044617,250.65907487598443,290.1034644023725,269.6505961444537,201.72565914940333,466.9886832122862,50.27129261639869,67.66042769285954,97.60611867883385,20.23737997062296,6.102009087012897,70.36083028846137,96.88069040455169,0.13122058996490366,1.4159453659252856,3.582634931655591,0.2919895952133538,0.3025086633617665,4.343297085214885,3.6327768494294275,2.305759251048833,0.8273021170439783,1.6362101839673442,0.2250637340824735,0.47478027768836695,1.3474967853048327,1.837689991976428,21.590910097282272,46.91680754082225,4.206165854706759,44.57269642101806,12.031087450369762,37.67207528472637,9.043037956565758,6.4767752993658,26.594585589779165,26.646243179221397,46.78116995252769,99.34722762576287,85.21775914616386,30.86144915725445,16.5602999813234,98.49024361750361,54.29917728080906,6.897523105444082,24.146357326617668
134.64037398200304,159.42434312463502,125.67885789082504,156.304239682986,283.68528642908177,233.5521183206306,195.7056739839045,299.14689041026463,118.2651468667114,117.48336157421677,3.901788832253086,7.175552932184351,0.7656822771151626,5.24978929201092,4.929978399380789,2.791421194586566,1.5064099334863161,5.811404399695238,174.71823584269845,344.41474245606236,232.95540583040906,423.28581739572275,215.8659315497192,448.3154093394681,36.35681888083656,61.07001677707635,80.11002708331044,104.1358485522547,116.13822143252882,17.494609600287006,20.864366203861056,4.124130480760066,2.212581464490974,2.4195468586437214,3.050099394303892,3.7021444708285256,3.1352486387096152,1.906074873047457,1.3337964899671002,1.6367221016573639,0.8221765969170551,1.5081574792038939,1.500113822022827,0.7311292467981226,0.7727984486118683,48.61032693521839,21.577610326846113,7.296475813103616,28.157877359735814,18.10047048074561,35.99236136755592,69.47241276365813,72.46233009586129,13.392576248577493,97.3421310694105,69.40112794160504,2.675890649272905,94.15514356898058,43.32314210950441,53.85542506564208,82.49467078711895,52.55596951738591,21.898412499575677,22.525746236151814
186.7703298475946,213.28092805937945,120.82192987683327,274.5507679132256,290.18571890050964,267.47341595403014,285.77190996911315,187.05245593131076,132.2895372065842,287.2986662620451,8.558555181924234,9.38327569225574,4.700425737607134,3.019818244458257,7.051426853618294,1.780081867636925,7.077478777708648,6.609192876850925,154.2176546733056,59.77152667533687,83.32199353937409,125.12479578836243,484.7618413858786,103.09828950911941,5.388567382967412,48.83512511099571,55.223094187901665,75.6109589894778,44.262409052156556,47.86936026576797,30.574410262642164,4.582081528380348,0.32425976085329894,3.1377501149249105,2.774544925347018,3.635252262440743,4.097096703790056,4.423086975594753,2.2631257922466435,1.1311724971826842,1.6928567811625992,0.8184057784846156,1.4848131367927613,1.080069017135654,1.4411018175412835,41.42474780819079,46.631725393499025,30.257960966037846,46.20220357266161,7.692219006955902,48.254921622513955,92.67908456554052,64.03421529040735,40.991884486708976,50.21530187015332,38.204058568674135,5.0156540715862175,88.88164605308312,25.05247399255255,12.661629955990605,63.44009447466763,96.16841475759792,32.732022352303126,34.61274077220983
179.70094687947469,195.21008043981993,244.86776342574822,122.5160780823874,215.42451720766417,133.94568571538463,166.39430094716909,284.1382801557239,292.1492605542711,265.1069683040831,7.515090272309073,9.131320154901442,8.225284824075729,0.2511219124956946,5.180877760695405,7.212755765399351,9.060273465165363,2.0267306178131954,437.670199288927,170.8925161672519,230.36638107865315,226.81075422682403,350.3577296970969,178.28769881406484,87.78048585124468,87.67096774532554,79.99310754173105,45.793371313965665,118.89574655057595,32.90985582240948,71.37050600996461,1.0462964953119422,4.3679731249469524,2.5268187407643694,3.2797216058871066,4.73607697458649,4.439024442461943,1.268333817269278,3.847794492000666,0.118621001174545,0.5930017950353403,1.902683471548454,0.11615596930781305,1.934592461480803,0.38158785207055534,5.8425773355037585,8.49222519545885,26.156574677132703,25.773479407022013,10.160022444458491,43.252390565632844,21.335004175839998,89.49359308926587,59.033565867819235,85.64776938434238,53.6048396067138,32.46474198916813,91.3026909396893,96.53174124276418,53.61671653581159,6.07552730899803,60.58747975685568,17.59923648605206,29.76684435885973
223.1700196104433,232.73423307252963,215.67738340128182,240.73719549215915,171.42423186010058,103.82897359936733,193.0673867878972,169.0033679849132,207.50802872806926,258.2621428625334,2.79592243209272,9.46614861888143,6.183956080391023,2.2792795175555143,8.733850031091153,7.7238814094154105,4.402615773285809,3.968102678320779,400.5239508319029,46.88339809176589,146.46108164511946,86.17162315666407,362.39424219264134,310.61145820747,100.8880705203791,106.6457528783764,11.070085309304485,8.533625659807447,34.05123796920408,64.50853867017852,35.472788885441545,2.7010983365329637,2.8471750441696684,4.835906930683094,4.478423272704445,1.2720438265438496,1.3047834913633742,2.2716285038486372,3.812429602983532,0.9927032584557097,0.6496074383884617,0.8972438397748451,0.519185425789483,0.5112302442014437,1.4125512533147513,25.67169206482299,8.264188448870335,8.843973965365507,14.983114030893951,38.88315315082521,40.8612045443473,83.77723159618344,51.96549558006451,28.401953003345415,19.531741054335917,52.42635874557169,83.16253557695383,1.533927941826374,30.57249840730917,24.35939560572128,7.486996137278068,83.0517827748518,15.840772251239729,28.897054903293075
227.01873017352875,287.36594786495164,154.83213331196117,208.13969532898207,257.50981717175586,255.82051727915734,102.73648295213621,110.94654138499718,102.83932689434474,140.18226793710448,1.263268218102496,2.5226844105346395,8.338408291918272,2.891175154983409,2.9604764649100686,4.677052124846898,4.932113376623261,9.470982045489563,262.3401072176889,45.94677216329058,472.1499326481411,302.01138190804517,285.72398263182316,56.88624157989407,50.429661603372324,5.599439624846369,25.73122664211325,66.79067978541521,59.22668457149815,101.9865298202788,81.05504372587076,1.397011204083615,1.93165238791318,3.4636059350914468,4.2532869451452875,3.7134734010928305,4.248563823867104,3.1986969703445465,2.5837037154918807,0.6537581305262741,1.3879521146331626,1.6515558675739612,1.034626177863248,1.0491172557136763,0.14076528334538224,36.63891181150329,47.48791557192249,6.903281799446665,18.09440806522173,13.462051166019144,4.776966343357868,69.80247107595022,53.00244255271671,84.59958555747926,93.94427648991307,16.498234935831658,25.718921177674293,97.77923159498958,65.3274912064223,45.24665287688146,54.497363079068975,51.447724887569656,7.0398835193177565,25.349324611013373
109.0608019544089,246.51441944205007,115.88387379779732,119.30689403908816,150.20027665246005,221.9394850305232,116.31974400096767,140.84842127368577,151.52639975270583,261.023841750933,2.59478239427631,1.4024965357296109,4.9907155389331255,4.491637043050052,0.9538667959092527,7.169461524581672,9.281486081179347,2.5415124846376727,74.06002233434648,105.96122852817453,443.1943536137083,132.7667678929469,487.5585133229884,183.7382323469139,69.88506735883703,112.36589971149223,77.09900335280183,111.17097602591674,45.70168280615992,55.17072050250828,74.92810148539438,2.472951418974189,0.5727250868608739,1.264081653445314,4.903464415897068,0.282585180944758,0.9820209803516331,4.388550098862172,4.642575500168045,1.0073462452546251,0.5041552604084131,0.6370441811109855,0.898065942660236,1.2865244566044793,0.38646586294109186,35.07044285746102,25.729166609652395,28.41754378035985,26.345400032446886,22.727230830077414,12.331979215401184,1.4468536073144689,70.70178355765505,98.12383510066344,79.44314345690218,62.30495000800127,47.19350137913282,36.63571148903488,13.74474895987885,66.79693671744307,28.506443620343425,24.985336725508933,10.507831363997969,21.576490604508013
174.92252292529423,142.98807571815135,117.1316499192861,148.3787656517678,212.81480576670356,239.92791392442433,151.7183182269568,183.73902866553684,189.98873485377192,270.02654693700737,9.215488865441863,3.0925393349148402,1.2727708804353703,1.7939145362926787,9.371999555414261,7.38576038018071,5.257814747628635,6.716770950962201,115.3850210178757,247.77409475068117,51.11224549581702,173.58261152825904,347.5445773685225,133.045020541313,31.18396198190382,63.82424064957087,78.75718421090976,73.58368076077205,45.9124822243448,54.83433349235715,17.4372037715252,2.1887902912618595,4.734368754629477,4.549287840306372,4.881442754353509,3.1599161466004793,2.0725778981025886,2.62785929708068,1.3262826712168874,0.8689161707509663,0.5353929553483147,0.6682685627633086,1.8452896117807582,0.36222775040376587,1.448774748556473,38.16167169402127,9.70243785002072,2.9216166247624744,26.734477171347926,8.007732966432345,28.05942320409193,23.16116803621282,32.339757635325114,12.0154852314581,80.86921561891424,43.925172820539785,1.7977331176192934,86.92811183651747,82.43874848498838,87.70745816606188,62.278944750317336,69.44902714581096,27.65801580916127,26.848758554947686
225.1719831428473,106.23662701225693,278.8381749328237,102.48080725546296,171.71569230497465,267.6309949977285,105.57044816421488,143.9269857189138,238.58178220495353,157.83006689083018,5.8577294947125775,8.961343210386515,0.2350344737752226,8.745218131247558,3.8441438603293685,1.4689277240103051,4.927224536690653,7.427478997606149,331.55171530031527,394.5394173697668,263.16020973800903,240.91285114552878,448.56604828653303,458.60319707118134,76.5527293222153,85.58416624177549,94.02548575135413,116.73981953124171,101.86244135604481,109.11535376760925,80.44167665302322,1.3525647648516235,2.6557930486267587,1.4772083933939708,3.8638752699350256,1.760730642020377,2.795715559930511,1.8738878927837903,1.2091536420849731,1.870760517159025,0.6799986151330879,1.231486878769025,0.7835076520547939,0.1826919683842883,1.4525154234649817,23.144005416957746,24.65552334349031,43.74989749619523,34.523216226672965,34.05753036264688,35.62322519625328,60.58447608958808,3.6912455421932555,1.7860056015324144,38.976487519592865,80.7918701652493,7.887931648364422,18.680887069961415,54.25079435095134,16.528900308527806,59.81924818477724,92.3176904444004,23.823264759257306,23.17868459379126
200.62725171601755,152.45280885996502,138.3734649437486,193.75359309290116,231.32621474157523,260.5621869649001,226.2750652096502,100.0454076436511,246.6320756273599,290.45201567246477,5.38145406657335,9.723329398772533,3.101873512514053,7.078620214040227,5.80641495939097,9.665162445861913,5.825458116772611,4.536474124705079,198.67020654180172,247.89298667127755,120.27858930218932,23.117586994532644,352.6956442092784,427.7302117817105,6.3958077062480605,103.39682511022586,51.344972291164254,20.69187860110273,90.83817806979395,71.26132243833632,111.25481462986696,3.5049639623801356,1.4218103661236905,1.864309445511273,4.782533914666863,3.846858103341901,3.572315905739422,4.336405241575324,3.072893941865414,0.17823686802973004,1.3899646623547142,1.9961670040442,1.8802690581883283,0.12557391056979544,1.3182091411058365,9.208185001848964,39.26895219126305,40.45060453022971,11.612496173238224,36.54935183960707,15.509137218373606,50.24003394912116,23.004582571905786,78.97769073947838,48.56369930776863,69.06112081288998,60.796604854070715,44.65257426622369,97.94461245313158,89.32691154176983,83.86513982792978,84.12300956100755,23.12852597014624,26.721656125770338
271.29796823766446,219.01558614005097,164.67431242310414,160.25305215200007,148.07978257870138,292.1840293857649,185.2796713603245,283.00030754950546,299.0843025850912,109.97202927983285,6.004296636955369,8.607317015597712,7.010105667828145,0.9434847278406536,7.94083094868894,8.228216276254667,6.923374389993224,9.381507268919872,419.8718639163259,174.38353917482618,211.2807738669024,55.04958860121045,370.206754171794,294.11804322076324,61.19404816635722,58.71692461614104,88.09372111085797,70.35508702840623,119.09741505145553,70.11197505070179,23.52763909637081,0.6411898870080687,1.7575734993562326,0.5195972531208648,4.337746590586669,4.317888389312613,0.16040517543541494,1.5581296591911766,3.110272200741777,1.3988172214356713,1.7898373756041406,1.083387594160473,0.972915704945809,0.7169164275400308,1.0069916463299862,23.511185974008946,41.43255810331442,39.37581359969892,33.11272354829234,18.403769735986334,5.119741599480755,52.793625252686596,23.80134118963666,19.064267780334486,59.335432589868006,11.146918619755464,19.43584694494286,4.416438862397665,42.340221683343515,39.003764792729015,28.137706071264233,19.836360624008464,19.39935814489272,27.03240271322617
231.738726323789,110.28516269685007,145.3312804453976,219.67149685955178,138.31858914696517,207.18701577042364,209.62904054560443,268.7758822461858,157.5022398767518,129.98185064942794,3.7236798308905015,1.1891754391626819,7.923573049022768,6.535915266285321,3.310705272368248,2.1243862658386528,1.158145413361611,7.392901678666026,475.47795457278,50.352965265011484,439.65551914321367,346.1053181470276,152.30135184970078,264.96970506707135,79.08363041167961,101.02201843696238,83.65773824442178,96.78438052073939,75.55418851251395,35.11963756566978,73.66213240843206,0.274833183035122,1.360778932801517,4.500832933782992,3.6406364249759147,1.830457000665406,1.459641969763163,0.4063242611665565,0.24223479742922022,1.7169505329733088,1.3816785371412748,1.8789864091472521,1.932270503616315,0.2404998595212442,1.3823253732266956,32.570418834077955,43.26647820413749,1.2918587785166828,39.04010641484724,39.344958983076154,15.899409747354763,23.193042460682268,33.565885027819384,35.314659266085904,78.97655362050648,48.87584100365685,69.42545630195254,4.0075996842827255,19.54478749766604,84.3796568605881,57.786352449099255,31.688911906215022,15.01227052494812,20.76289122641571
132.58688541628595,199.27324944024727,170.99926116638744,159.44756154172345,283.64781733508744,197.69912653198108,134.9294371792659,248.45844629738943,207.64402037369504,207.51622761030285,8.090359501163176,9.479537180791953,3.0279530627412616,6.571199116415642,7.19002892795835,1.9430338538860956,8.228994224641008,4.633453340622888,404.76209338470994,279.6448063597335,268.482114745387,220.19529055157855,158.7045620267713,466.0556393272446,110.5920539214194,25.426279237348254,115.79023851253264,65.43718407945735,58.27450950536781,74.88811600126952,44.31451777271982,3.840700410856023,3.0130309461963334,1.4376989959070365,0.3861674306723385,2.6326746025695096,3.0465103000698477,2.2307601164760973,3.042810784810619,1.9225533108359032,1.672847064253838,1.5938746736725828,1.5009741390472362,1.6271629098281177,1.5702215167486977,30.625308286955814,28.69375970282722,2.8582266989305283,33.99130347861601,12.37537927014526,38.6659444387357,67.50034707086266,94.34627330404629,39.42312182758103,84.90567520604377,70.24943584941875,78.53911750171771,94.32761007696382,34.601899944098356,51.2547918417763,77.73633188387609,51.68806739736777,26.774479001493262,33.992158212540254
114.11374948008597,219.36856978337784,113.88476854921868,159.98382230139694,120.36073658990738,180.37743997814601,159.18640588732322,133.56291912920574,206.664709571921,215.15849422446195,5.280533868072473,4.291244470772781,5.006973816744146,9.566589619071914,1.4406466131964977,1.3440453412378692,4.411499771787266,5.7364184975833306,194.99725726782302,142.9216073767566,173.76549375167232,433.7472087799488,393.6624782922543,466.8896136596195,48.85361896906269,23.304266465178664,29.739976038838105,15.472630938559348,15.35849423889248,71.22970375300058,57.85534225396446,3.3329908557911923,4.650518243144744,1.301998913477598,0.25475894246673997,0.5958462711943635,1.7932697089541025,3.9276155994249797,1.8784364251715817,0.4375088304341622,1.1327651204194926,1.6121421969367464,1.6757357241010964,1.9949071016073174,1.9363151521698132,3.990841662536068,43.413827711210075,27.717036496961068,24.350491435970746,34.74924117395773,43.93135095239797,26.64183709367769,80.4842798663148,91.65993889009445,7.804530935193443,8.701172580734262,85.03341994722832,81.06066125290391,73.69656060934943,86.22085717629399,49.077298632232626,57.16032952360652,16.3421375258914,29.509498660500988
228.48385564126312,166.84877816339218,203.81195818165406,248.63863974632068,201.19158154698633,130.73820856884092,232.76489497054501,124.07271524199722,181.1290518894475,229.03001666018068,1.255804237411076,0.19217187854730144,4.269077153897408,0.12990662642599637,2.9838080973345025,1.469947769164992,0.8162502479851068,6.9568730899084965,396.45635032339777,311.31774717940226,111.86529351144856,350.3892817856577,155.38608169325082,484.9717614223136,92.99687334281843,80.60920741845766,68.44314983155354,72.03189017793004,119.60456324409353,50.63791908931436,38.005020594081536,2.4976453594905257,4.284902078599557,4.60211036399482,4.189621841853794,2.090365756465148,3.8773750275911723,0.16359635045008022,3.73973820134959,1.1094791237357684,0.23095412055577602,0.9283239793446517,0.2992660878631019,0.21647726129548164,1.7884179599423495,3.715145487068492,25.746495335761107,49.724071600261794,49.58819223028328,36.63324678031247,45.688730593044966,38.943496647845386,93.59562452051921,65.8838215766162,90.40623875331745,79.24970325566315,13.379933799932264,52.98260444137933,65.9106520995876,66.28240675201997,83.06436649389445,19.381411445852827,13.781973180990025,23.8488138023235
105.30226210832436,254.18244074916439,113.52251271844298,109.62856719567068,144.17055659260177,214.5214465764045,293.06054472607997,113.52094989447663,133.83237876848403,103.3938258630933,1.3777447358077235,4.479698033407116,4.164175565079136,2.5545312530774913,1.5326352977515472,7.506801810384092,7.88320842506231,5.96268278624926,182.2064200006349,488.82199217488494,402.1591811091797,13.969461407188,285.7573346927505,71.43565321301195,73.73400844350259,105.06644563844978,74.20291084270397,75.34985917188425,68.42602508721254,118.92999007840575,45.72502317998495,2.3442709546579823,2.3073005683756276,4.0295790434011165,2.4533827307797744,1.8103939623632546,3.261744284142074,2.9335524024980644,4.042447266080911,0.18282019690270263,0.2908858018661512,0.8344302753283211,1.2136687231604988,0.9221799242735351,1.6096149848756367,48.28026264218299,30.549465168358328,17.444651948081912,20.538251376896202,48.44854020054442,19.253900617635313,36.89159158800762,99.86095901130004,4.060949030289073,93.74966525042609,22.20045146443994,45.550854903192494,52.54581735645378,77.83474076177251,50.87161406167683,13.127620157377295,23.00123400151646,4.769803053243672,21.99060460523129
217.15511625469264,121.31965062675437,260.0713015644723,280.57899903839746,107.78599266513349,155.40250486519577,110.08335472044183,244.80583775458425,295.4913126367685,292.07335492442604,5.414905550375922,0.5560847797871292,2.39035226068149,9.285135645815624,8.131182528173442,4.749577143821073,3.831804719694094,8.79910607987815,91.87904300516061,64.54401752399957,316.0138275285301,312.18904207589605,132.18263234428395,88.6733272739534,111.60639298638426,107.62901041664453,119.84450676743539,88.80156357466555,85.5549090143663,106.41746096902997,8.324859675654087,2.492082783662217,4.134231817882029,0.7139838183816783,4.074887355030855,0.9237860643247434,1.1796632540814416,2.9763756021509082,2.7652475595397124,1.0484486964646682,1.1533447588971395,0.46465143537254916,0.3711306836757665,0.14889103366689205,1.4200392817573086,8.014370024468668,38.05663021244644,17.546553412064526,5.776235421701546,11.999922426742454,18.940659455579727,67.20250221198985,43.37790040870445,1.4810240714154599,59.288740435678555,50.30847954736897,94.70814499038457,74.87546184761862,7.347029220420909,31.25386330003288,73.38977651471433,75.88310690354363,24.46398706751005,21.111246353181564
288.0460482849915,115.02755634716175,146.74241638208662,270.45277487823626,107.20376365828528,284.2615024425951,278.0768641710532,285.76159213757705,270.66343733331723,108.9176185468288,9.372045158901308,5.484391419495063,1.450073939791638,9.328125762443003,2.3042274287451754,7.8510483101246855,1.093638201441034,3.6331977565759717,26.362670384270125,113.94144537375055,239.35207560885328,55.925184369261046,410.32185659644404,341.60098235314445,50.81343270083452,79.03015271338336,28.136176349164945,92.5393242440295,51.77537452700081,91.20242335883378,117.87844986048037,2.1907501397323776,2.1212963515688856,3.8489292744793664,1.5714621705695448,4.473448337586212,0.7381856081657422,4.643423399502634,0.018508107196302782,0.33837037012786564,0.7228218404200082,1.9314884072689418,0.6654799038968507,0.35458269243880014,1.1908955363214977,15.075891968580235,21.55904698917017,7.1467593596681755,41.16445866266348,5.13866876211626,20.632019813103657,9.025276168321739,22.707331668030463,19.956809753028015,18.675061325490596,94.05612874726361,77.20835424443078,34.166878157049005,58.03687753447865,96.89090876186553,94.29820915209784,73.03174167149425,34.81754043703121,26.4989103897895
215.0948355751758,245.63775124072066,208.0023829209021,233.56093664528132,135.04435442116545,216.63816085541953,215.3762402622417,186.1071641826074,199.66660565884746,128.61239054468047,3.1526860045943677,3.4516848716268083,2.04721672648901,7.23380555176931,7.202295198511582,7.487923454067033,6.37441249147818,3.068868826552469,199.00118925289982,241.81632366869363,116.56733339285924,392.6572580973422,64.14566210156809,275.302893538824,41.69596408539362,65.4312614740715,65.1700722962386,93.63885914421982,67.98730644061212,66.79474266749506,76.85199103836605,1.970532556197584,1.269012632385604,4.566035159288416,1.994272793031834,0.7489583118203996,3.1489444979993815,1.439459437553659,3.185465392731544,1.6920036819275555,0.519079339910191,1.922847863643258,1.2847742717178094,0.7135528657302806,0.32915676436864083,38.49790686673019,4.142283613369351,33.87962228510532,11.003960334580702,13.520253403344437,19.102568736361665,20.55419010401852,56.00041612552491,31.81719408727114,81.84148327034895,57.133423482228395,11.696038184614832,76.18692758619521,93.21686770363047,80.08976576664178,33.18833209935661,83.92088146288911,15.837373596545797,25.846456321951432
177.6339852413044,199.0982632412397,276.0158175122916,218.64431402147687,273.3540709012001,218.56803610162203,212.78391335112474,123.82813439920963,220.64908453680596,102.80290350521139,8.70845757170626,4.787005842581083,0.6477906329171264,7.681056878370645,9.43865413273196,6.085665863701694,8.813300398993052,2.217005006003117,452.74405881166814,484.6207695195055,173.78072333699436,495.838767256466,416.42885348321556,19.048293397685622,107.02132984982653,43.110205085099366,44.81131038706847,81.29610526848109,113.39643916768203,58.13687721788248,62.581142906796806,2.5034561084017404,4.917241425179475,0.40177097887161217,3.5039317378495403,3.182339394075634,2.257831965246741,1.401394699921374,3.746917585533012,0.3163530049501932,0.9858881618749795,1.5194286951893474,1.4798288389183925,0.8480266048095346,0.41455799998694653,20.77901525324716,17.833234664456032,32.51049610520328,35.807635858670885,6.581678730814893,33.476732071606875,20.049707068506784,88.11344139481187,48.45238340865989,54.85876145495989,42.40544517039474,50.25002450183943,48.50083799932724,10.790191948157734,38.118718517226135,36.63364424119649,93.29298072802311,23.884909040677474,36.003291932250306
228.65764368847064,237.68047928554722,230.17547380943884,278.46049962793046,156.49574879540535,170.984932175402,200.05570704155207,202.47856414642132,145.45221071193245,213.37168665881893,7.664546307130905,6.170386571356858,2.0614943440534126,1.0056812835035065,5.324944869781882,6.895029405128927,8.888759743198465,0.47405138383949186,127.10342800028148,388.1867903722978,480.32327910187405,270.2874091783406,305.3376022487249,40.36776763486449,10.663106161953248,117.7000477939231,65.47769138658498,29.818286438145687,24.138235362134317,26.263200450667927,49.12726519253757,2.6472907040872045,1.5263989641744011,4.127822824573819,4.577480417291145,4.45181179096464,0.8530956350955798,2.2080134201849937,1.252426498495256,1.075247884734341,1.3663438077181729,0.662879654720072,0.17444918582137658,1.8855875982144163,1.658531165274709,9.482510236371619,31.385238731400037,5.5154596107683735,9.359325994398732,8.899868270468328,18.23700147553364,10.842467411571011,46.57318610145782,83.78394123088555,81.71964537163797,0.679492739914267,92.23805818388388,63.791740291146496,9.43352589129789,16.672359305904607,8.35496771908547,30.82611189026917,27.020492894664027,31.655652958921507
191.65057809830333,186.96546772074925,206.59155731026706,137.0660359057429,290.09183411505916,110.3978703955415,113.87881718083668,169.766381491726,208.75741407834937,286.45337678419446,2.553343184778378,8.70113084859642,0.1910888864912566,5.187370764304513,5.446289003380808,0.28172167135350373,9.580868400608834,0.5258382473625478,111.19145081559417,450.13230464978676,264.8440694268588,344.5619550951239,101.58567206526787,445.1593873068145,20.684320187372833,41.765003966618806,31.694789241857183,51.48711192154013,38.622847197979276,40.15980951168173,67.02807426476318,3.4625925472772683,1.625383912624673,2.741626058846549,0.4479297576496408,4.560723213517496,1.638607284538703,1.7910053583428607,2.328583545692536,1.090082531086232,0.831484700698131,0.5658411266503361,1.108793089037493,0.8520899366381021,1.626294533193719,23.628002924334183,10.020452297154105,23.63690820988338,1.3354308474679992,17.03866833687073,1.5070248624051685,20.759497883645906,50.53993025722535,31.48177560347595,81.48081265893165,13.341362277407809,44.003880552318584,96.48294501031478,71.6604364519514,77.95354185932938,64.14927795747117,85.95949565705794,18.125102848109876,22.84164337897263
209.12335786318698,149.28040664782137,164.86675062307512,115.79383243816572,216.3244585978387,106.34875307459772,117.97537034723213,174.96498486999954,238.99402662429517,233.18943321609285,0.45977340833080027,6.652825607072093,6.309858166296185,2.3926716137610944,4.664232324168339,3.1865987033697176,8.690284051690211,8.7135464117819,485.21218476810975,173.52027575313852,206.34264780919395,126.28393883842826,275.59733889799793,435.74668981429926,14.476509977165112,90.58140233163321,10.475423519161133,94.25494685065584,22.48686869447372,94.00549197966917,48.71218985231746,3.5589237320627727,4.9485674102547454,3.3492952724002154,4.308775941726685,3.9682661022044363,1.522203274109747,3.6843658548197404,4.828975850824824,1.9461359460700502,1.6248302885989492,1.9783594605352295,1.1740965739507843,1.0429275522090642,1.2674719593493897,28.66302355278661,7.845075493232182,33.52020798668773,8.41003088755677,20.992541962739043,22.231717734049653,60.706026792335436,13.443910592782672,37.65372192716553,8.672931568579244,57.86638850979876,83.74176088409688,47.13155575202615,31.51824558442019,98.994428781092,55.24507256348702,66.60117912761864,15.877742664067807,23.556581416361873
288.29296175530504,263.82046353484,166.6003826116396,147.9020339819076,187.3228379537532,184.66702883063948,220.18240113181722,224.26612483114144,203.03340567731777,264.5314936960855,1.1082879249095892,4.3970837979339885,3.232116533138061,1.8940586317748112,3.3263124195970635,6.414439574668161,0.12119510152020471,6.816092149418482,22.25201529679014,496.0988521515113,265.49680075067874,224.42289443935886,148.4244300551968,185.06275177806214,101.9576450062863,66.17790698907508,70.84502719823422,114.64410309109353,96.10482893754909,57.18112970281842,46.38941166177243,1.8943691098993218,0.6782981908966179,2.469343151135635,3.9671334971480325,0.8889442580321414,0.5495785419734818,3.2123428648864323,1.4975966114365762,1.3444633186738875,1.503194168485648,0.22643134870553724,0.2497731945093822,0.5666083997203462,0.9337962521606914,22.911947159264745,15.007486957276162,24.92904874793539,19.160940480503186,45.234349174693286,11.595527275840093,73.21681708741882,42.045549256776106,32.933793000965764,60.70214283706641,49.38250406537382,49.584372118855725,41.840465974645014,65.85792103609069,27.897495379247207,4.034575873236779,95.77704238917994,14.528744252173611,21.094956895079886
177.22052756015484,259.8831757937959,233.89739103963802,258.91565574003806,216.01776693389093,116.91307561944757,168.19171428711167,243.74362265244048,298.05703411698823,102.65624069171602,7.312089945089658,8.212335751336614,9.734132643126395,8.122002661320993,4.808984806156679,0.1925150395138176,3.8643875474925635,6.639270912821212,395.03325369293964,60.38807987143712,391.70436789080827,429.486712795828,168.49899401794335,446.61480229596197,6.219853687586729,74.97891939041487,43.623246323995694,14.07890095621153,12.135204948510399,106.46099440549266,58.353852298031505,2.0735672084900085,3.8050646001683783,3.4920373936773403,1.5845409609419747,4.08898273197721,2.739076006133488,3.7970159791522686,1.1235347226982866,0.6468965568459236,1.496338276103177,1.7027721550684871,1.0513072649814508,0.10023776363749344,0.14946203466485072,45.987830735869395,2.089517382752157,33.880997302305396,5.777603232925015,10.182980689251043,1.9259533203386883,66.03034469691227,38.699480980857814,0.8965336032905613,48.31442992687213,36.38291756468314,10.681167724575369,90.57491739413585,54.538451305036,91.58630723349958,75.22120269713118,27.20741560234159,19.538485124241415,33.193383939607465
292.23811276478284,238.93929417088535,298.8278722442335,106.93405334529666,203.33967704525355,221.36939110802783,283.45361331553613,122.12071977463216,222.26833124954524,208.40305969594522,2.0767304066024024,9.06526316197401,2.017798802685349,1.4368775531374196,6.0677945694409186,0.4264717424576747,8.20357154106448,6.184963907455372,167.47127831302646,35.95672396258941,176.6533788864057,92.0372443956631,182.24874038247137,300.90078645497186,104.09057288216053,50.25026331769201,25.92326120106987,66.5867179466774,14.387639732903905,22.009780679735808,36.738048872186944,1.874748876983753,4.679705664828806,0.18014832971709857,1.7825309045164823,1.3900584139539667,3.820606683223645,4.102008538081459,1.0621654044852706,0.557518688882463,1.971860410387038,0.7753702009167018,1.4563003320946704,1.8087354677929568,0.7216361908042334,14.592615107425463,37.29943345530253,40.905384672858744,10.28511466966626,48.6020693081002,23.806726100935386,47.51881379808823,35.16885028654496,95.52015391181197,94.61194699995177,92.32158853941174,14.785492605950735,90.2580494916344,98.60666583399056,12.537070558792019,82.9284495745025,26.967150163952557,14.53434419306806,26.79311364025236
281.07012839121273,154.42902744599255,232.36783796987572,216.56136701669794,251.75525075146504,276.1946011279315,181.31810747189445,107.11804616129528,174.19474251843383,191.91259550110436,3.7755821130033986,1.2856236676787527,3.52370284606498,4.739651206264214,9.861316564489528,8.533691026456793,3.725904759384895,8.507269532471637,28.369098866133072,429.2452872564738,97.56599925697833,140.11244675074343,41.02643101643726,404.89376703926195,56.89579646769568,115.95465942930849,42.25259009897388,40.94006120229524,39.326822970547404,63.45991604156819,25.705738496180327,2.6873135103922947,2.563857021434339,3.8159065488841857,0.24184277133732907,4.6127661568882194,2.881579775376405,4.615675852343397,2.7984161634264413,0.34367159072562325,0.6609369570061061,0.895852467481719,0.20113184126350883,0.25525803836897915,0.8992153493741039,33.23594195463371,13.30642230832277,34.447863939527494,38.34900074537745,40.6025838898605,10.694750680315508,5.243457109606364,88.72986699241999,13.899588413647379,29.664129192539633,33.24825374259408,4.667575280817971,99.24187018831758,88.9056416954874,95.22062542518542,90.7119604140754,70.42934486927267,24.052385975589537,24.393848039045785
139.15822695785928,218.0461333738174,211.55668347400498,299.087503238262,156.49921319457044,276.58296330374446,128.65629174052822,298.86606053714297,254.43040552316762,199.7935888441586,5.066821743463605,5.366136477772635,3.642627470551179,9.391924571901727,9.38386913725042,6.871846130751511,6.055330213159091,4.854642564089712,459.723244702696,464.35978640142326,296.61869798613344,228.2625008901548,493.12122535669454,219.441224868505,5.462907068206636,70.74346750141618,10.667223166490665,30.920297846435425,64.1316408059163,79.40105366245051,69.00967829073375,2.2722341541918345,0.02258359089707198,0.17638505231620247,0.08854564947242274,3.548342540305009,4.133193911037388,2.1603742916053914,4.749437635526952,1.537377975693213,1.324978614047701,1.6807575326227906,1.544508775015528,1.9320727979688352,1.023050943729499,6.0585887097899365,6.649800633511677,30.997654673610928,38.609238594867975,44.132833799725326,22.910719834566837,95.9007010686775,5.930143321233294,28.7667478203247,20.6000106190925,53.71507564441066,19.53147405755645,55.08629993083092,67.80727815617117,74.53389124430633,54.57340861706421,92.84107740382763,15.277224001567182,28.638113426016915
113.87226017503309,172.19477938800537,246.13010204784922,271.1392187675079,170.6100783200605,231.80908202644648,242.9437667004072,146.54566978311038,134.09250231632842,114.4426370670376,7.2821348676566116,2.916668401450197,0.18366981101835933,1.9397373500968913,8.635314287101906,2.7271603578914054,6.102537779007867,8.717067202727174,78.42474180269596,54.38682519758986,335.9500107057229,359.0019570035668,25.451967784299807,65.56518039900527,51.18919537938481,112.84557750276085,114.30085692036188,63.16822860476723,51.72160206435245,64.43757247541149,101.91802515728463,4.449086351049606,1.8815441311244003,2.2819462402592436,2.390260570525068,3.9284851294343435,0.6465670506050023,4.923639973463032,3.0473637447097697,1.4124376467464435,1.7254088463045958,0.27214573041018025,1.19521035931786,0.3486037977904945,1.8657167372662975,19.918130154369315,35.106906090190044,42.752717718752415,40.96566724595335,46.50747749214205,14.248624337209181,16.807646083749194,97.21471828973469,12.93033020964418,89.70868560191548,56.87134095241301,89.36140998704342,34.42615410266028,26.167462610315052,34.659622926370346,45.25800349017574,82.45558247864346,27.906240317933406,28.900319375717263
120.15560027548533,118.31641466532683,193.04112245674364,204.2891378087179,278.81886050665014,142.2463662945862,158.67068428820198,110.76610498169181,176.9031627412533,236.8870722138615,1.2209891102653414,0.5659058589817794,8.408158735090643,9.782134895008523,8.902392303478097,6.910832117175219,3.7137505099843486,3.658505759204168,280.37184902559073,65.57943910546234,359.2318214496893,194.18313784988018,334.62346786029644,222.52626069654795,26.482096720179094,5.873012860000124,71.83201022192495,74.70027416400173,10.153875727142836,107.26109253227352,22.575240438477614,3.484842721913198,0.5667292720002872,0.7633153157201715,0.48674283103157956,0.43431194297466674,2.183703170532897,1.0861474588842273,1.5235823699859232,1.2587665418854013,1.2010964244364308,0.7729223891884885,1.6831316957164026,1.2492691134258365,0.30654785962027137,37.1791659534562,42.22493662089275,45.07913410955451,42.137184209105826,37.785439258485475,30.383589078881442,66.84213704056708,0.8246825273136027,49.05431561567226,14.871556890010474,52.746839006392264,65.01980459432566,24.03900631777036,26.19081621504695,30.463182229623385,87.61371545320775,72.70395577933562,14.077353186991205,19.712940595966284
103.64436513030995,283.46271509244855,112.02846852015705,112.72818185732847,289.2913026300811,272.59936627177444,205.09406147117863,137.975065819184,169.39179007551718,200.6440829717269,4.123027412246868,6.718612281628455,0.41674515542881474,9.943451059034484,4.731706914591225,7.945321024478706,9.054291880084747,9.274404292956996,144.28656164047842,26.25533730032917,442.1739194754035,464.5888170936719,191.90154740114096,234.07690101848,76.80605605929875,70.85711706697892,98.69839835490785,6.123806613240344,115.11152915515943,118.79977741035107,8.764449169485145,4.494295354934684,2.0867764280591414,4.119635643983023,0.978069053931913,2.9179979160832867,3.0509813672539146,3.5746821581171697,3.1964631925565956,0.17759684160497785,1.600054134619246,1.9088461266221888,0.5143188884227329,1.9988801169276103,1.0858471475815636,11.628438559178539,1.4838419951580333,19.749878640202308,21.311576783380893,39.544601665044524,49.54843065026099,91.28906154821111,94.5594013949809,93.21661149424992,68.65194587244618,47.758539154009924,73.88569348829111,3.40963569516618,88.22438005689459,64.34353539393513,39.8696819068139,38.73091980573883,17.02522006333934,29.786866551112468
118.88859215118568,127.36372618379228,212.45936317558196,266.274702877142,278.5116454972949,277.2186870626416,239.566557101034,107.79156926969284,186.36141902155543,253.02976997225278,4.9022218005126845,8.641430696846333,9.407780363819489,5.600609831355789,6.608698839056902,3.1372634027900026,5.081960619322564,7.016704102804277,41.9444730704986,61.20870569493481,191.8753191376654,56.28395512167239,326.5450425638825,279.96265498189547,83.12626084098936,87.47649231840622,53.658592717988995,94.72375580313695,114.57999484117963,18.32098570925752,33.38335069271416,3.5485935878815336,3.9522335405950004,1.5751679367865863,4.235368325638051,4.107499213224411,3.3832477891001176,2.674706493362874,3.1279630650129593,1.5493748461491594,0.8874591530958332,1.4282252342653872,1.683220000004925,0.3630827325323841,0.7990523642207314,29.693666759893425,12.06318865169063,9.075869442332355,43.44370820432966,22.172005681978167,27.587980075227414,69.77770959809885,54.804750283854354,10.070071762548627,30.001981384181086,33.70637360119081,62.16614583933278,72.67286242108855,58.5341065275393,59.35071402587,65.54431252345617,71.7767334701974,22.536734860994788,23.160175128696984
236.60135468327138,290.0474707641605,291.525056901076,219.79570163544213,183.88959879146273,139.33071699059172,280.0528222404141,178.36217892343433,256.3559651857453,197.05812681234306,5.454187933318242,1.7127362793262013,8.931536075826845,1.7844131277538635,8.96116055706852,0.45677003724195575,4.701363638781258,2.64605364664183,34.46201797505576,112.61571023213763,46.923899152156984,191.69405679697527,184.56164401291605,61.73552932316972,61.06567059657498,90.68421968365507,108.88118677011136,99.28644509483648,37.125977172687385,19.944813968845914,117.66787399718824,4.855250821133833,2.1991706289301645,2.275926787575619,2.8594316723397575,4.309335860334771,3.4819736690529006,4.086333967477568,2.9886564272909744,1.3195863965821106,1.221933556744129,1.534384413131192,0.27966585300818914,0.905491861385666,1.9811864265104981,8.095132945848487,47.28900008104438,40.9840899983985,26.533875313195132,25.767286616474074,32.52134788619212,21.804964018895024,70.24452444001157,44.08969235884961,56.784575549747764,90.87636330396195,38.65392921383477,23.347617373544672,78.92817820521023,91.89367014936865,61.53622564009263,80.10955764308144,29.217983513641897,31.35746439481866
114.2377296920458,189.20115459159115,135.06058847153193,122.98659941191337,256.0731006013763,247.48521715413546,258.4382389603352,260.48035689026483,196.83460643268148,129.8763272452864,8.201770349812644,8.142895210476615,5.401666969251039,3.229438390614867,3.9902125734143956,9.334513334408571,9.975386082052768,5.684440724717389,66.62278242980601,485.3375432659005,479.5908059791617,357.3875204799267,340.13781666684076,495.7869128943096,9.659745425562047,109.07234140489335,60.581595478509136,116.0337448253123,89.12544575588687,19.987273059413923,100.30717848048403,3.1823265234937925,2.165306355516153,2.149466199078575,3.1718258619579056,0.15287220662087117,3.6475374812184262,2.3890848978260655,0.805536772372627,1.9313888494099278,0.20576614632822374,1.5392600718154053,0.8672764232448755,1.5828049710458054,1.7375416309375202,5.583733722387868,19.570079728672376,11.080778811324416,23.794557288332403,46.65802862494839,46.00415000868446,31.579629876402304,18.713284969512323,2.2374845771578444,61.62194328412611,45.08032617591448,21.68611327960016,60.66408852256573,44.98642065368301,76.62431342092142,37.21610998185119,75.32856797906044,26.58057632779011,25.447598570025953
163.79512605875226,137.02658576772393,238.00097816413316,118.77145696467124,195.26714666021977,157.3039097854246,235.27221357454482,168.24888995154413,258.8028900531925,229.6513908155644,1.7996141309278475,8.548617762015722,5.481596191621791,4.302479043497698,9.621448535620141,3.517280399126742,4.985653604318904,5.37700255873373,44.96983680579623,337.25150889744344,223.15584444436286,120.7335151741313,367.32539963949677,129.6270421953841,80.45481250222822,5.506185035435422,71.00371205307698,25.77402932083992,71.53617230907074,83.33536604811067,73.5245961557886,4.818115189433643,2.7883794898250445,3.8647848087666854,0.945521860851281,4.696404570450045,3.2606347628581234,3.921853790458532,3.1764883287315206,1.215684046765943,1.9729584510671454,0.21508315801149458,0.47902110389683206,0.1611612847149397,0.9336931230539497,26.400021071789613,46.96030713740559,46.483058152579744,36.067548285290904,19.223667621856148,19.013020677392035,3.0205867011095178,65.4211539016607,77.08982213861482,41.73692819579667,52.84488673460756,92.56145840098307,91.65923653643955,10.307363665152657,54.036487257392686,8.688993756604813,67.6810798286123,21.744231301646426,23.65532998803997
268.97506219389095,208.3801894756716,140.1867377318113,281.92536388731844,199.50797042922045,260.52806247058595,235.92663647902873,188.83668137567332,215.29778062797317,134.47727242103326,8.09753137308356,9.151970382398186,6.572401437265947,3.1623098211464074,4.216282014484912,1.1541694565185932,1.8661426940929526,1.4651983351303064,382.67347660476224,391.49098250408565,315.39617973983434,331.6424357725397,348.37079379582593,107.29067773317553,101.83446011463494,5.03796831483979,61.556307707205534,73.37354467150902,32.309819925646764,47.85775098202136,111.86362525296063,0.7992677531430362,2.9126360178909243,2.4109103553819176,4.145022404227554,0.22626027917937386,0.4801981638149296,4.6515418860919135,2.1565206180473533,0.6775086226572454,1.6200351147519927,0.4860944271948191,1.7644395813526608,1.4105872271660846,1.999421657774045,33.91304430625842,14.07352064934853,1.6324582884842207,11.084011362315406,2.5763801166782563,8.74414826438636,61.27582408421135,88.19576685277326,64.1226143554425,97.49649802370958,65.64779838302422,51.48297815580215,95.02136073945267,33.26864582396261,92.75658418396546,2.1415538670685685,4.713125169070298,23.819724882382417,31.554833745100105
104.65438714716517,274.58916717528166,207.16553689461625,233.84005258761567,140.93602181145678,299.44757998072055,289.1849288064173,235.11735471348777,168.41388693151106,274.478912670963,6.959496434196857,2.726322381951919,3.931795118155381,2.8782922407775064,6.050718387392835,4.969383026792159,5.179387286348036,5.95330476693108,247.9274391188803,390.3083078088458,336.4896083328632,90.46630953139952,65.84137086549461,268.13343023940894,87.83729189253617,59.31029799144976,89.32700402477994,54.06191794978537,35.14972845028578,89.3311860455792,56.20709843628313,0.2718636273387252,4.282918580906867,3.946902091701627,4.34121906447434,3.0764482115775005,3.479575331235459,3.6641483880390355,0.10277437252893651,0.8248890491597084,1.750737236099754,1.0334001865543023,1.4393476509733703,0.25270934199251904,1.0767201682958432,6.111669778606931,11.294347960810633,46.10292353965552,39.580120152959864,38.25634208100126,14.498465505062388,61.29929808815666,13.94801398336516,69.96986637071501,13.183316808497914,6.765604243153467,48.109988120793936,0.44101339803103157,16.114919428836316,59.27306313332188,42.82377405353872,65.97149331148087,9.363598843581086,25.668377268773813
262.89369651778713,246.44497728191223,119.33528992934393,265.8573598633511,218.22606065170328,106.00520106587857,159.1648194993072,201.77881401397605,261.9957487366945,222.6232478138483,5.6031210605696975,9.049135345379904,6.507500605638769,9.72507412124194,7.127066661396482,7.707831177074925,8.158765681647306,3.216377674797884,178.01712476100005,272.1861373918152,277.7917172635897,37.430339582226324,331.8776849807955,273.2320079034954,100.44516067986163,8.368776075617625,70.16544892423717,43.50520292886532,61.482615045701806,51.62921938200255,118.077269296145,2.8998346741672574,1.548693641752468,0.3768063012453495,2.6214046926280865,3.470003762800407,3.626665457304194,3.8827104882294385,2.7034247908660007,0.43409734021864177,1.4191591284715976,0.7994854417032128,0.14818737660538356,0.5493882703191301,0.4175238135236613,45.92992449245929,11.098366380535797,29.664558134297106,21.75855841502706,28.87129683001716,20.43834956537019,72.55005813763793,12.708161227328995,47.233636089573274,39.1399089036757,78.12881414632452,99.61040885935458,31.70750313763564,78.18328164255023,84.96848356606773,48.12015748233568,47.82946554829104,22.928698584086415,32.654186461799995
156.37095495467997,261.31222957228994,190.07418725163703,275.79578005645345,137.22717955066958,279.47317315818634,100.22241883923748,272.2891372042649,147.65793411061833,131.44077671139084,7.025325916985462,3.2745612718906796,0.54320704801602,1.618311791415882,9.51086092945179,2.2943084147138357,7.790917236292986,0.6182527914150641,215.00076596468352,400.7695990793784,110.57618957077234,69.29770120683794,147.19389923250768,225.5121615382897,28.05859520835206,117.07124367117308,36.23387621174574,70.04784691531303,53.21224827219641,77.17477295318731,39.07473518871767,4.917631096940877,4.110139609196399,0.9660538998359456,4.563663281674512,0.54565300292787,4.9674648723248,0.3452054020166221,4.946441058639904,1.4735369461826318,0.45349506233652903,0.8807333569524216,0.11809437566651663,0.40414470873738484,1.1561619144707578,11.67572700352461,4.718818691034444,38.84973476738763,6.801122993186142,40.83636013599393,32.42837522216399,1.0996289275621351,30.397790914947276,90.76330295564058,43.03953268743158,51.25073100860356,38.39299883884766,83.73780294652269,70.05119896570902,84.09426520978563,82.26782681898919,96.15692715496856,28.21533248565833,36.74066637780581
123.63296552433125,231.75667334214347,251.23266577904923,214.35447040966443,166.31293981343876,224.52610671973162,154.39091187963973,273.20713500915133,144.8765959599591,292.4676114962414,4.178975615621398,5.568146333209477,0.6350715107622931,7.359946296296936,2.521701113117434,2.7679514963202974,7.9069594745738625,9.491695961294992,465.1839004305854,301.9456908710851,380.0200945569093,465.692543735726,24.112671578973423,388.2271516993747,107.2221130604955,30.537495072260075,21.737046102104323,94.97405572070828,38.49137274659539,93.53367065307275,32.635161194332994,2.09385018403896,2.834009405973316,2.7621559057353395,4.225694838523363,0.24957920938987152,3.4698785591386185,1.0327387345390804,1.755200558311478,1.4446711540412782,0.1589540405942613,1.584750019388778,0.6533735835151724,1.8239392201291789,0.5297909550269285,6.438777753885351,44.873398281201716,20.22538305968802,6.405939719089895,4.239787697242625,0.727107456771191,81.78412888244667,16.172589247539815,40.95574508726095,63.10469489961815,65.71769358449669,85.41253148922391,53.644520535153525,8.841292238804066,91.91948589495362,41.44116499114712,60.7189883377071,12.881856506380155,26.420015930672704
239.34743307283014,238.4553129035705,169.5143048477964,203.48927035100826,271.006040323987,294.6765238329642,143.5782759253488,101.98213909823073,200.90058481096716,203.6730926670641,1.4701361010844334,0.6000239612395931,4.626581154233489,0.10406186544783123,7.486696684562558,2.5028783693059733,7.109435461579326,6.450754653736449,456.26838824169215,164.12758782564524,403.838467409,280.35793264038017,213.26702922558744,263.16065635701534,42.05224682451572,59.356443876957144,74.70430472154244,7.651070096199163,97.86383357509213,68.04482972531588,78.37554313190627,1.0680963773428684,1.5096424530885635,4.735970740515948,3.6593076416054457,3.926711650709138,3.437283674800229,4.871775665112932,4.828140499410105,0.4812350294075849,1.742847554698426,0.12789054662869703,0.3722379171330742,0.4428677618851936,1.308994396144879,10.533595963335422,49.001833620328604,49.58995644948956,8.662883820411656,31.250983528551597,42.74246913096572,73.87109574003081,11.06458480933471,51.4085074787077,40.72597581945191,77.20120654136913,86.23440603168562,80.75087334821528,62.13853987618771,6.760203127910458,28.115987473346927,60.82272562352993,8.115138800553794,25.13555960803125
225.7885693559768,269.83913031306383,232.9823448974436,186.08548206419803,141.41516184217105,193.00190350528553,232.36691702279964,255.60926129663983,152.1698491924178,114.579690374331,6.691075878627136,0.5344227748505617,5.541260780949746,6.002208427083531,5.256074302826414,9.917563223033614,2.6167565077602135,8.781497425521385,360.68147526006265,284.9439532965164,280.9580371485455,400.209429985028,222.4361203738625,308.7507730210422,6.541553638978968,12.030827451405715,61.255695577909165,116.48101294511147,60.368235528299266,67.0429129017507,48.487706314291444,2.6124918314756345,1.482678959590325,0.3830416551416838,3.673038819311207,1.9295064177391956,2.57891831800804,3.4690031488990978,0.4900666508963468,0.40112971404632936,0.8530282420986338,1.3549346600103538,1.297578507364372,0.17682478147879868,1.8811363322794588,8.893836598326176,47.74818595994608,11.763795664531376,44.583350345067224,12.76144145554252,4.266651665966608,14.088660952408883,67.83190359852918,69.52892222706294,9.703601137216323,87.40993907642147,23.267021035779557,85.3323282837938,87.41355069947954,58.38196679467777,46.20964680751533,99.40551873697498,20.79639962433408,36.039473116003215
275.4944027054106,149.93360177183717,259.08999215794586,163.38931755822387,114.23165703468656,269.47758611427474,226.7423199531058,192.14672004833477,101.81740699024327,225.36658088301346,5.29425583618766,7.231694806048808,8.889394639324609,9.167835739145119,2.7587156921443468,2.054296963932371,8.634632449818291,6.792954449631206,443.494364936627,271.4192072059116,249.39496868657235,173.00070544347508,238.9153253426988,364.63572884981494,101.99003932784314,65.03556785969474,16.037205120052988,98.13638235615674,80.30752717474971,15.146947407847962,77.03203732726965,3.247505136648654,1.8120762103575654,0.2249902386227529,0.5359134350148078,0.5444914514224671,4.340935313839719,2.811630596381913,3.664926078177858,0.24630937308416972,0.6013432644758478,0.10020944042346268,1.3612141743768635,1.216488789050748,1.5937772959865537,4.988395205340975,42.67539292145006,13.58501130058965,49.55142220182285,45.21179542747696,45.08242987146825,34.76266092689786,21.38266139124908,52.056064109546,94.74299981808262,39.2220416952931,9.48396923501621,44.26262199413228,69.73642953999666,46.839259117104916,23.799048042402116,9.358778978090543,25.879933068358415,31.08705304967975
247.01420876077717,197.8849927286281,285.43556389589054,186.91919217174234,113.80151852256326,112.47881371965545,218.69227654094476,297.7681082607326,229.6595054597603,150.63978140256205,6.429810525373478,4.5003517819801315,1.136140275688173,2.9505475315228686,7.788407713984267,5.797650147964627,8.945090307225025,3.6341385521871183,166.62753351793614,413.4919963420671,65.82970973271281,300.40273746386885,355.36384104145094,22.26229976629464,113.30944593094357,48.69495439195198,50.49600856622587,91.38267591924152,26.76645251930568,52.239900434585,40.074484604808866,1.582741690624286,3.1172392806736777,0.7911878678899998,1.3614718281013722,3.8157124037743335,4.98420546218618,1.841212103248286,0.5805066733675484,1.8327539129953414,1.1671786217939943,0.21981119859486303,1.8897067169565982,0.7577437582784338,0.6190110117962048,39.99304212154602,42.42095142872327,3.0459059798549104,18.170203060463532,5.940542017216411,47.497008799642494,63.85248929042168,66.70148994019863,18.933564791632797,41.607908163868565,81.1429892682255,97.56201157158642,35.898293802478555,51.11119129844214,49.05423834646725,9.136061111495653,27.631628510035288,24.525634930141766,26.987951903831256
260.69618607696975,144.24188836392045,146.9284163710907,254.77593114603127,288.15690410062155,167.05581001565915,103.24868864189074,196.64641517508704,202.2187642944796,260.73869037546046,3.446187932182051,2.637294516155254,8.244214479219504,1.93670715505142,5.567000573721081,9.260119952403947,2.022111696523636,5.1756119160552325,196.7435697440586,491.04633651701295,51.13631413489408,252.5265455154459,161.33346647980497,289.615649447072,80.3891927029951,10.135903320880733,64.19928853005217,92.4445489507579,66.35338118939598,67.76437262086782,76.06059953636897,3.576699098911305,1.1617505394861463,3.2093541130121808,0.34356762689020354,4.2473237200166665,3.897433902285186,0.23150111602252038,1.3751221520408181,0.5428326840202171,0.8997071927038667,0.8757436276914855,1.9088758566370976,0.8708418192185962,0.6640313874354135,25.029119849833492,33.223730624864885,47.053431471541195,14.96112068416223,42.23192899989062,49.510088308550635,49.57968749403279,86.19292271158163,31.7070618044912,34.267372721707254,25.883689556590173,42.58968641355669,45.54332660505255,31.186328493888727,45.991060362020285,11.304303368610725,65.60794389690257,24.987698070056823,28.16434096435576
156.4069145142613,297.53360159932936,179.86318316186163,220.38468620302632,201.38408759236694,113.40330755024199,245.7556108901295,297.3791890776595,189.10356289863222,263.56441471323814,9.077979115664375,1.985093610646611,2.179468639191489,6.551629969296427,6.64364082443179,1.5542760318900146,1.3915108018587998,6.7898929274370525,310.71896910857174,211.41085705625596,176.38677432612909,473.41160010712406,164.48745142092207,443.25529090190093,31.615212503293836,43.539290670065846,100.09272188994285,49.741981606145046,41.567245686361474,58.12779495163715,36.71081996727918,4.875821390158172,4.6024644727446145,2.0009746541845335,0.053319234039280225,2.941057091886449,3.066376885510464,1.8519881807410337,2.8584957682574004,0.7539107008284275,1.3381653918063583,1.6978021876291607,1.3519037402815566,0.32621921523883923,0.23164758587159284,19.7317122987448,41.39757874155537,23.07345052813447,11.329163143419697,4.883435472609563,40.57075412814044,11.509426390126244,65.20247914130005,9.229446813880527,44.67221241740047,66.03356509573663,0.2220322010195508,65.27952026242663,88.70967495858956,83.7466689422341,31.91544598969276,31.523625603437466,29.57247870461836,39.18955444462433
135.48790875594457,288.81186793732263,130.48320266608349,278.50465799096924,181.88241436340365,295.06862669581415,164.7060824970983,250.91387224114732,293.39370292366306,295.78947117093236,5.914961698898211,6.732539559506259,4.001428120249315,7.154753932254092,3.2967205789212204,9.711456558890232,9.75848918903221,9.606498019494232,315.57671417565945,384.0614324362662,162.3146162035227,376.31157166651406,39.67060555821769,18.520484033462616,33.95061339249099,50.015142325628396,13.75162142083667,91.43636334715357,65.53756519541099,108.58993002166893,10.861787914172343,4.485845977335978,2.878813795047723,4.129506373294254,0.7999645616057116,0.8145716740888816,0.4039845863885253,2.499575237714984,2.9679706729439768,0.6329585659172322,1.0192071428035758,0.37549195457247486,0.11078271442014657,1.5216455337230697,0.643148887727927,47.55608238571459,10.812947034980864,33.90519452860779,41.27891561977865,1.7423190971014058,7.521848534037554,8.73453751365899,11.936706991540092,43.26134972172978,21.659568212892243,10.27073006796394,49.90178338289586,36.715915288681835,42.280488214101986,31.84328974169388,1.2676417558490694,34.61501479291219,20.6275566645102,36.01945066791368
250.12295032817167,107.88536227370118,298.49670043167504,188.67600287583753,262.17571620158367,263.3947814543674,233.01119780132623,149.72097692266127,214.23983679258274,200.37390620490075,0.9454845944796508,0.10397528585086474,3.234364104791388,6.911502137624614,4.8646121230932895,9.480024620516684,8.696407240138642,2.611327645304795,246.03292062604706,58.883871978685434,477.2916609720029,367.96588943332375,346.542395836225,208.53923086247093,58.65818044509624,118.8409714966181,45.07696504829033,49.47857398934013,94.79497084225673,109.25102269374128,109.89562872116609,1.4650110138258545,4.600878727210074,0.36894642589201543,4.4036310414082305,0.08596013274253912,3.6364282673308415,1.0651829518405649,3.8783044729985146,0.8858867449605029,1.4247429668365141,1.153780677344362,0.7820960414822672,1.2429519343226842,0.2759871193878527,18.864915159707145,19.70167520416286,34.52831600941062,10.855770379734366,12.135441787075154,35.455268639646725,78.14562991080916,57.357757404744504,60.939209308632805,10.02216846686509,2.0030467424075216,61.930036374745036,77.49882886977527,85.53935802337854,46.275108162977844,22.020328668123813,89.26449397971086,14.48425050931671,18.410744025051354
261.3669478534528,241.11503450313768,285.40019358485904,221.4179157437508,267.16518558210316,270.5094842491941,211.31568570043066,207.67899585739156,272.6863155578769,190.99137594554742,4.553059507973844,8.078322575048857,4.06153720136745,3.261237112211603,6.211807084781864,8.8572626718768,8.943037857378473,8.762272880378765,206.3223457345971,390.6473710296614,393.97514379728057,32.713102022796974,288.23478478579614,463.8514506008567,108.25057415416325,28.90687527072818,99.60545411169431,108.35128540110121,93.4250191604951,99.5204987677076,106.56859821544815,1.6403511788915457,0.241557749309982,0.9901062932053584,1.2069715545898971,3.5070043816967,3.5457222272239326,0.8739525884564243,3.0804039220649218,1.4566927188267185,1.7215042120673716,1.389159930970814,1.0749688751698057,0.7920123850217319,1.0489525667187214,8.765149939335874,32.22139651809002,43.78785356799254,46.24246143154835,16.985704775870847,10.564403885104737,15.596711801780982,39.362868421155085,11.852994426914066,14.857847910886257,9.57631261126397,77.60882474480341,90.39927936850223,78.29998382181971,20.068254290108566,78.75231409323538,57.935390503979654,19.049031027184764,25.66615779217113
298.1010284001346,285.04966348313314,207.99142605611192,226.26151061839775,166.43820662312092,287.5930462867789,168.54618508558144,298.4271278957166,127.89004724103204,250.69512108929612,7.58792494196198,0.8845711006862953,1.5899054309185972,2.5968037813773757,4.108617061271455,2.2241095611670225,8.875126207781513,9.248370272413267,493.2283526882606,191.99428687668373,333.36290467693937,279.3381378118086,181.21830521995616,183.04565711844353,22.203730456969215,67.64965576756146,79.56875215373155,25.38057408024401,45.73537797394173,48.1592786679088,116.64178716635728,1.8639907100034472,1.7196307386027523,1.5071317632698296,4.851068273332691,2.7551969773783305,3.8800850575690644,2.5469985912740087,2.972137374858998,1.7541317040799405,0.47155832081599913,0.5361124799271051,1.0484415373660851,0.4259923931499584,1.4458594510466896,14.065123150366514,43.80118096179902,33.41379990699726,33.53384375907849,31.513174204687623,44.90782786123,17.209267393044357,34.33709367224947,63.0587121470129,16.66548270035596,31.93824865624758,94.29421182236386,28.23112021587265,81.62269652808597,25.17166159247347,23.461719243031087,10.28655828041546,25.587918084581645,36.5131562350941
182.5235353822853,136.1150690254667,268.4066588752843,218.33943246126512,238.72361149475904,117.02069722395707,126.91525342082156,271.5061215503847,213.84129262588556,126.49413126838532,7.961932161149496,1.9957471875903827,5.085343736595194,9.563596119624238,2.063888144492243,6.377145054508735,5.46269955793391,6.737113595123669,412.35057679768494,29.301179815946465,263.64756361862646,238.82581241188927,355.5425996695038,234.77712385811802,99.986972002101,118.54128815784229,38.34520700743548,38.61995378474242,84.8418684641585,87.48940244406644,87.40062526546154,1.9788183641842902,0.12381022683123916,3.1373831325770385,2.9904820878104186,3.257477737183197,0.6315313881134518,2.933662135781444,4.5626419040758,0.4469376241042263,0.7259224730744249,1.0734274850122076,1.2463471960542307,1.2275583044240648,1.5272442068484011,12.328843412635523,33.193238387254794,28.320048524057267,44.907825687625134,7.020367569372163,16.171993319939567,83.09231253567576,31.853146862983216,89.28721397521093,19.767343821589513,3.1094613824664274,91.5170628945463,96.49896441742395,98.97975201616462,66.0420083343875,11.072951103951588,31.08625857326218,23.49445908376842,30.6768236053449
174.40361715855664,213.58904611052589,204.19159545440846,240.52675461710328,254.2245631703773,177.11951850266666,118.88377953209618,119.47337875824422,273.5959253461806,209.38310275862483,4.996510822361212,3.9237403134609874,8.036261639330537,9.240665131872301,9.62024087392151,7.632825582316277,6.499377192991417,9.319539611273244,223.14029696514214,187.99062749546684,92.01009005605916,464.6427106370353,273.3052971211698,490.9552825917132,38.49982300109229,96.08220891311554,102.21353903260388,68.40381741039374,113.24834429534185,50.45817302300512,83.51293543955984,0.5105943009744643,1.3685365573388695,3.4290117246047207,1.193919853297105,4.0677915042959825,3.272125175629456,1.207190415084079,2.266282153523694,1.4041834531082138,0.9299496144842139,1.8316738379625654,1.9250478173290448,1.579334831064017,0.21310554127154024,25.18769333838359,42.03158693754319,35.66076694745666,27.92348779251024,22.14783171275821,16.676400865214536,61.21396345632171,92.94322238196455,33.77237329855196,41.99602122261923,63.049127218726255,94.01358200548685,62.27252467253106,74.87585158729645,11.693593825066195,94.90805599945391,7.605837649941805,12.28080429978856,22.393570608269034
255.28259214839937,283.09765951760835,224.71713760055195,147.48669367496126,230.93013737319092,114.20697780880042,266.3036666224447,241.2743993619992,216.6211514559796,209.2495200261702,8.95800095122988,4.900101523189425,4.47118670275108,4.627434437938921,5.163528646421912,9.861676489144655,5.499092236123052,4.038998016025948,366.37331384738854,309.21494795160595,489.4437693702991,136.0975742128708,239.93002347656443,107.66869088578116,97.98740948434626,119.23726260144022,61.72876176470962,41.709269127036336,76.95197294136423,31.74826388221229,69.28535305860554,3.8121945660575536,4.311412296620255,0.6297744368792314,2.490682709386222,2.1767966071949307,1.4856622857088566,2.941073477536503,1.1340762356883247,0.7698680702607218,1.9279110512525126,1.0732341981945122,1.7818661147147923,0.6935548393476703,0.7459162066525838,14.929503635751411,23.960501034540226,37.67305455065476,34.68865317803359,10.61104830409225,45.9238381477859,60.47156081539724,74.25074566777278,22.203309621881985,62.38992690441536,31.65445383822648,3.212514825947277,87.8168771219741,3.4040935718648413,18.78218109946773,62.24701163516194,55.612993344714525,32.73812401778001,39.76055642759279
168.16070805060357,106.78919571715977,117.82488642320332,202.47275550915813,130.31901496001987,142.15862031000572,283.6795084163116,169.1159171741626,243.6028356254003,117.89462456207744,2.749917528223546,3.6144516465580243,4.957074401392171,8.477319274928297,7.365811665848235,1.8861958386055673,0.6069428569842578,9.534860142800383,142.08522969370514,68.43258216391862,193.7699421377029,142.21839211263622,260.549026393952,41.97504267125291,110.83118772417694,116.35430618591947,62.31046750070296,53.78728320895644,22.06716418900327,44.43380400835139,19.483377880540107,1.8330429254173954,0.19268248205258226,4.71958549786878,1.1032831652735757,0.6313321894797659,3.8037535045801403,4.5026964197327315,0.817325039267915,1.9630016197648563,0.7941338657402219,0.3989138173965312,0.30692526355592775,0.1491347287233345,0.647526356440124,26.045028023224912,36.006535016399695,9.703433339299858,31.16317598255653,42.83751441657963,1.1549380037933756,47.934577136334,13.3848789580295,89.3006063841903,62.88878380267325,73.6376067714298,71.17741338304677,10.391643527210547,20.54339349807449,52.803455957131405,6.002594943566586,17.326819637598966,17.138656842287773,18.202590199738
286.15146512071294,239.484053449368,251.05408409936157,120.84496056166954,275.1766167034114,145.87315540753445,229.95760935285992,101.39645237606962,174.40871356244148,183.59681710138273,4.164927102658839,3.27505043334451,8.502799094285011,4.578002428579531,4.169367216204975,7.6836564052410345,7.480480544992449,7.057550483943151,59.08296985629164,462.77690129082475,62.393545199149955,211.5596619519352,321.8105813808577,431.1170695220391,54.161795279346826,61.297047340827746,117.3075440080442,61.62860928083839,83.16649236709594,13.16093282783658,26.762060759166054,4.4003016837602065,2.1863740285795665,1.7118102345991437,4.920028055330046,4.700516594100224,1.2094660306170164,2.371134557526555,2.005973038079404,0.667946402639746,0.8240897142259961,1.292847163706335,0.6053627436474471,0.5072535710306696,0.2981706136759358,33.63002453486605,49.00904991556679,5.928518429349274,41.64417508802794,2.725842143589596,10.101324498436703,56.899501440229095,47.60054797324638,69.19452358975487,0.009756956192685795,4.591513626960564,22.58579628056866,25.149913705623874,3.5195150325164515,4.377302796301352,6.2243966494902825,85.71151500251062,27.280734695664428,31.705024647227482
271.6825503686024,159.46980147451015,125.54269672704697,176.90226552896252,207.81891054720174,193.82144220951574,120.68682297209668,180.6961938053999,118.48990340741332,270.6569597134404,8.996109414632803,9.642768519524566,7.089975334916505,4.3014512789178525,3.615804463854592,3.4541315822784187,5.102787130025215,0.5158570974462379,182.69120252084292,48.0594825036909,251.96145890071557,129.25115956912424,333.4012762415537,435.54801719406055,46.98082522213605,85.08322273511506,113.91839787218352,103.48063511355349,17.0640044301708,43.15441353553443,38.289014197341665,4.635433709369343,0.5966596816614067,3.5687121273714126,4.23785226968577,2.730858014961818,3.4230535973338494,4.288376946240035,3.5666362484165415,0.11366661641493393,1.3415977936231662,1.2251803420161766,1.682907893097309,1.3965558558963755,0.7886954907708108,38.976289892806264,8.097683577923007,4.2050180990353745,41.875110153701115,18.118917471081794,21.385647194891025,60.1769690371811,31.822307525391956,10.539486805655384,92.09576668983999,21.670156654749817,18.7552687205654,32.10190794325922,18.991356994169063,12.692699942039154,61.21221256991697,57.731402645649986,39.00736445912372,36.4696674311495
185.7988054750037,284.8792390753061,265.21352605050566,197.53341372425288,156.49448527400074,153.71243349072853,180.40544337764814,146.95088434499425,191.5800590254143,271.23072439893207,8.972941493068632,6.451638844309603,4.955498644345869,1.6519531812330173,4.130926554824537,1.8387020091232231,6.512319840423275,9.078041035008622,207.45667206046315,465.7032927182514,438.2590256904108,73.30011972628725,151.5893313789514,241.31813899320647,97.25545168169971,17.700959598232377,46.23125858753205,65.16710916499967,105.29269701119813,57.98535498503473,107.36798169594036,0.13191223344536368,2.090034889709235,2.6257965175490168,0.14093155602382224,3.080317654251816,1.4820148054500588,4.637084508221259,0.2222919898002055,1.0797159506377059,0.8964794487909036,0.15121404361644933,1.6661831267564933,1.979283117168153,0.6687082073645486,35.652810172727925,46.38257426963655,19.015647978865566,29.694753492333692,31.75301695847089,35.185717581854554,96.78262348435803,97.79383125459582,40.811195206173245,82.28471805323217,40.80034253296986,80.03185685992503,30.28221511745133,6.143951068611331,86.33529389667488,54.01288020649117,5.937564193109468,18.053345031712325,30.131228054276583
250.17421355829947,294.2116490330735,256.4056175340772,230.4448519090945,185.04563708753878,120.19562136355222,245.78784002103146,263.7738541040943,178.8958781677715,119.8475329839362,6.888556411364341,0.3319862581371433,2.651186917072879,4.321419959270531,4.151046773477932,4.271631718017164,5.076134069257799,4.896280809428606,18.103191034728695,356.4973837884864,444.7725908708914,430.1332748588924,78.96424806166509,261.96151549387025,65.89053147363032,55.73211488038221,21.166599796254467,46.68288259067445,64.41595701722314,114.88030289979545,24.89149532935364,4.942630318941749,4.195869405479243,1.121562986600062,4.739402397022681,4.667723033463238,0.05488152115898138,0.4710462043960577,0.6539763986819366,0.38638906012428165,1.9073251167152498,0.2721293709203766,0.6232043758311748,0.1254148548766754,1.3055485357446257,10.676740464589868,26.357015418174186,25.15101187196839,31.80912864182373,45.69786481357098,32.554525219214405,22.297330746757925,97.80289729531695,67.40895997545488,96.39380394360398,38.26515622940463,41.71296891728799,17.186115659853186,50.161704118625295,84.61467657949957,6.837477239298484,30.087566362431893,31.765202418040214,37.26423058969662
250.90857481693646,288.8532978226868,241.74893954859527,290.1062105172407,107.51421807978147,133.49821781882156,255.9641768020136,167.4661217691531,273.4120364757895,118.14417654956617,8.60390741650998,4.358741493598701,8.86077479376517,5.420427692138089,5.487383147825341,7.958975530271302,4.968932090992314,4.657237149300545,409.2480808015891,171.55896595295977,15.373298867659155,283.55549695791876,86.75074878335418,419.54512111273965,83.71164057326767,98.03713236067021,42.451674211980816,33.48965886403832,49.291184675831644,41.042217415256864,111.13041506610742,3.553013430185921,3.1191244566785703,4.232679332345901,3.608114885441408,4.658602444988212,3.170455980745746,0.488099782487417,0.5395061659171607,0.1845394109549583,1.7994906449033434,0.3978845747679205,1.488117258303627,0.6816917680509914,1.7782750610940545,6.237036102516312,32.33929252113787,30.97466996534811,46.13285806464258,43.465674423347814,33.63588782077388,21.45624197004591,31.953447433303495,57.43838749754547,35.99863447301929,13.099867283634048,91.66000757823358,86.82009475248323,2.8206213133077807,34.77761050469822,22.431547497333536,61.63376672361268,28.053537758368513,41.65188440422044
120.62477376718653,194.84284333149276,107.23207610495243,220.13021330967118,125.57336024448351,129.45511271041818,123.64372445821772,265.50473879076344,148.79906047049445,152.53909540038705,0.9788553428667034,8.762586127465305,5.812501976736527,0.322792841543996,5.480351712815495,4.702013056670116,1.8007121838298916,5.708019399198379,186.00476717069895,201.46767037745568,444.28491492818586,432.0677322887177,323.3015340924708,371.8941540767396,76.62536225053564,63.11356191237149,8.505574935809625,51.997737561102674,11.555758384714624,108.78215700863487,65.12035930091298,2.6067572077048817,3.6864141632038017,4.093007760677731,0.4210824475861789,2.864752087573586,0.5752127249630227,2.385460472609131,2.9303982637267794,1.426711540700646,1.0754766777737785,0.35894924736755285,1.3768710195639289,0.21783965385279383,0.9641992696591101,27.35128287551192,43.95451584207038,47.9227087246357,46.52839095626599,44.8120039760996,44.06109040632787,5.721848770531568,35.21131161454547,61.85471193498731,66.4799276689397,99.4136813581657,4.2435090795706625,41.861214128955005,47.25790996152595,34.79913153111844,92.90429144855882,33.549831819382824,8.87117025061706,20.849695788565228
280.51058133591334,272.40853019786266,160.6256711890657,248.71878323531195,253.10935010317218,294.61535958245963,100.00614376907649,100.11958776695906,293.3468455070216,274.9532125107987,8.663450264456985,3.0844162454656128,2.289361340095865,4.496718751236523,5.02182277724043,5.42147869201018,2.859265779897375,1.5789070130351566,294.40490123227204,372.99658871904467,143.02726657493068,417.256035047811,437.70791002589175,139.9230110863352,22.582217249151576,85.81038877398167,7.3883069716949885,64.30965200765255,48.79012947809262,31.31870171970216,87.2905080794033,1.953742765779041,1.752029536093409,1.9863985510442836,3.3564823541689632,1.4950810093599163,3.2998644492131883,2.9446311971453363,1.2218946061510187,1.4912926367660675,1.3250729445009148,0.592984964065773,0.9996955334429268,0.7010636467497611,1.5186638282569553,10.346133664803187,20.77788154133969,16.87399710024681,33.38036430281149,3.6112380373076136,6.491005408516203,65.81987988093223,59.94142071365456,56.71351739739261,16.802074925609713,28.443958083383592,80.21808294871632,96.31302124667882,89.8840907120012,93.65154492640036,57.201081048101734,51.31766685939557,28.067164588605124,35.06170551107886
201.05047448957143,268.90987970701406,152.62251398216858,201.25321189904054,100.00232695107323,251.85850138369472,242.427409176121,161.56383000522382,291.6276239608992,125.7805170146998,3.2741370748472454,1.0361078132664436,2.764285551116303,7.835426562112483,1.4343792706826373,9.9520781609812,1.6726416502451624,4.744743880817246,46.241961762768426,304.7208394317916,29.096458344527306,148.20075384693885,210.65317638932038,18.277743985044044,102.15089143329959,90.76140294819184,50.48504566891321,90.80320857837218,108.86876681031578,26.961423242313682,17.67811596826515,2.5974054817224674,4.722544498100606,2.9471518526123384,3.2381642228487704,4.985597033723569,4.628791147301118,2.1351584876804957,0.8396345472239686,0.9753281249213547,0.21025806757887905,0.962800114147579,0.4827644100901558,0.8712372519421003,0.37741969751028115,4.704219227689906,21.225282457057506,38.163265577825086,0.8838367695715954,42.12570144244125,26.347003962829135,54.90421808222619,47.93070143275001,79.80613653048903,81.7033027220336,72.10320846514631,13.683441128259567,58.34723667901471,74.85760125748094,2.5841139072023234,44.03253981478302,90.93622946827357,14.851637116988385,23.522025380725907
265.2914932215483,163.82009464865112,172.02728149430382,226.82080627526625,183.31316569645844,293.5522930539124,171.31923519724114,148.2330428615524,149.52632861428773,243.99936052548924,1.8654819730393417,7.608009238740186,8.051017580468836,6.832455958105271,5.011147237155258,4.051182065618518,2.0370963266908904,8.328159445505682,95.74844608778615,339.1050315129231,425.41723247780845,278.3913477188942,93.06487856143656,245.05307964143742,27.51413781251066,34.148951242932796,113.21727961018193,18.920609259818946,7.413044572924866,64.68447748969896,35.938858109229756,1.6298773726524378,3.5492178479597056,1.2965502227203394,1.1017558415798414,3.4072772788681442,4.846537211713341,1.6389893443833403,2.967925891517681,1.3860824818374968,1.4218880032615564,0.8062609660080703,1.788422043698764,1.8496379746978846,1.800436119423343,26.591169977481147,26.595500899181467,26.802202169946803,5.668355130320079,39.10567263793389,36.411145610573186,11.123920384663977,21.310087215844142,32.042695679697864,16.136772295436884,22.00266972117182,17.657720156498446,13.839463564486309,94.3955923651756,58.02955130852708,25.015541192036604,35.00359705062783,16.378217159019183,20.14619519758064
164.00992020612233,265.7830948301355,117.52854935276771,114.18644322675469,204.50203621711768,187.9480973015817,150.89626632365204,146.71347221372218,169.61039109546408,120.23312392262065,2.469761379786259,6.099536936167205,0.537041064665809,6.388054189752957,1.77412861416445,6.192467471621474,9.732476066161018,0.2532763454614019,445.94992541050436,200.6906620916052,433.29471043422205,50.77667434263452,380.7352241639888,430.86703978686427,112.2124465681398,105.70542788839504,105.2060942417039,30.48505664750235,59.58453814490756,82.33880746920168,115.22963994086403,3.1172121903457755,2.114776108229809,3.4523596274440442,3.7946490330378024,2.048099017691362,1.1872562057647869,3.2085606394695176,3.8089364781073725,1.1226549516695543,1.4436816586031613,1.7922347936687342,1.3879172501829862,0.2530655188694596,0.3899300026086754,16.676312162835874,1.4455531825941037,11.394451638302384,42.9681553228336,45.17036663914314,31.987862924746143,36.45389351181873,66.04121669886113,70.8462347899363,32.598570080774955,87.78512107260839,47.7351715524499,54.59047098339571,22.664677375652044,59.73905790407274,13.3698042301871,33.5872862469788,12.301773142670472,31.15127238048258
279.1046456992401,107.40152694309853,287.39156460621257,150.8783161683694,110.92688400019446,155.67369633253134,102.57949395790509,113.63732395309253,279.111148174777,224.62757074956508,4.237888229337482,5.7460938274823885,9.921712651585318,9.104598741528305,1.3487442843280752,3.7159175959921815,1.6158231131447647,2.801879887211276,308.2568886625724,249.0286060857235,302.1532291227515,458.4734231750716,417.91984246552977,448.95899157817945,33.815698513547005,57.87957955455558,63.81592590052665,48.66021182489742,112.08318047772157,10.098208842262364,35.60724389691911,0.4739715794595083,2.138059353133004,1.552043794975953,0.44445286953170593,2.8035856462394126,4.048173605976768,0.020386746626102133,1.6674530330987953,1.2966221046716702,0.7824786617220952,1.2630078778720404,0.42108655726891187,1.576554700824963,0.4649922431388397,37.92937609095594,25.084975956695864,30.957618741873574,4.693348760354675,15.923025229271067,22.69154893699374,17.866320533120383,33.41286438752385,99.10794424942843,49.08348559469833,38.77583101496924,39.558994087279956,99.35451477242422,53.10858164052937,78.78870671816613,40.26316841106811,81.97568413126987,19.865251792710378,20.85182890799418
177.84033574683264,219.2539756964106,210.76044814247524,172.37061864102773,294.61563259446655,259.6586394418373,208.05988135229995,137.42485408210035,293.3244441792215,171.21345982382894,2.5868008455842255,0.6304079401133384,1.3904816291764388,0.27851689726977713,9.333192601677561,3.9885778986541793,2.7657772006215557,0.12430040579405778,475.63918458353794,495.0350671785678,291.4725410752156,208.08873038192502,441.4853971292736,478.5508365673154,89.39631192648032,29.17128691647753,70.00103383464553,46.44581658874418,50.406714972977426,30.422574480429923,39.0999978449818,3.109401788529933,4.594234047937055,4.221952884567352,2.4523314543439265,2.085011910837468,1.7742308515934773,4.840685671510075,2.895240982326215,1.2337375490571263,0.517397478888018,1.7646742649275018,1.4391244551976354,0.8515153525196303,0.3022812268165853,16.05248571214669,14.908819617214402,48.37522082534033,11.069199452325785,45.63237276053165,1.3471720006721164,33.148174040086154,65.37164983321676,38.99588577811804,59.453166885275046,90.09024889891045,48.617230612867104,56.51716870992748,31.85794531658388,95.17505158226007,92.23665593313005,31.875652291676992,14.369882618578833,29.65671028006452
102.16753029605967,146.0017674575406,161.1048621316047,194.4986710013027,145.2250662499344,165.25078360822937,270.23014708519634,211.109913977124,188.6878205672088,257.78279259317344,3.273619101563341,1.4909401969756217,7.98107840142968,5.614771103303118,6.089005130162272,6.98684345910954,5.946837611611991,4.215541960583498,499.3875168517453,114.82220654486167,408.4289335844955,202.90133010562047,307.3474001677293,440.9859864302628,37.73537025176309,104.52282640567103,5.682352125796495,50.05103007459935,54.2402040581473,57.40362164765139,27.72369925672414,1.3839708021908361,2.886259420242605,1.0947516703435989,0.05951680374380873,4.44264270996027,4.503280793012432,1.1680746500582306,0.4996408218653064,1.3650632517056256,1.8386489634523318,1.1013747173434378,1.5087240671962618,1.6413994143671626,0.6883910528890193,48.94649828426278,46.43373202839318,6.653260812937984,11.912060670971766,20.430733711779165,3.49238714957029,95.12641693946101,38.36815223277997,79.10483145547931,55.96330242867316,34.1834919633971,94.00265220310551,0.1869345129562605,49.3819795692034,35.582758704334395,4.8711395677541685,7.795834414039227,9.808117342090735,21.395111434761553
281.0763952838527,124.11337715545577,179.39630341485667,109.12974910047674,160.83974392725617,159.87667474106965,291.5263292545176,158.2722145675489,164.19940912817958,146.73808976507271,1.4362870121092568,6.2632390225098264,4.00827563603966,7.8947535992561,6.628951575433384,9.385081063339346,6.140767904742754,7.310323553887973,192.21145651321623,214.7495313958444,395.2916808280371,158.35013160279706,431.7569941001615,294.2213420960682,41.545321987489345,53.04916270221917,29.78263292088303,96.25494543363733,71.5344063478988,43.06549863806587,19.843471510285394,0.09799779697120838,3.534832257416178,0.08386907986413605,4.8440000695847845,2.417671880580073,3.9395729474605754,4.586322855229206,4.676603241983274,0.47929823247902537,0.9107393115297425,0.27075389430974595,1.7850725417299773,1.0754641521186805,1.1495798487594997,38.04689796740505,4.842897288275051,25.610348345186832,30.21162110410529,31.8879344335271,6.387595679264913,68.33188388805289,70.02098938562716,24.610923713617105,10.209601170999727,0.8643821496913451,65.73889355635731,93.30799035904191,55.707582958428844,43.78334734560012,99.09788159428666,18.09449542374949,10.209741418541808,16.769742582266456
118.25733535722671,115.39064032584183,189.44050810096712,128.00481951066354,160.78850245100546,146.50119844156623,213.14899012265784,183.47895646582958,205.21880265030842,227.84036587799199,3.032149979034086,2.1574560304424746,4.972940214545922,5.459220288742546,4.0777573363003015,5.4693536098739814,1.624343884463908,8.007841108234823,156.41350140080456,152.99336191124397,446.151681986925,235.72523490824486,17.553329639719763,227.85674362568943,40.65021306996511,91.28593041366777,7.849024597454131,42.27775634064991,58.2377933613761,86.95142412505702,31.824628767209767,2.768001773152759,2.091005770320722,1.349855129419913,3.7603025225667777,4.1194065961464235,0.37886936606236055,0.5539835752271849,1.6911119647207165,0.6105425780697303,1.3420415991232502,0.9802461532262261,0.5233945849596764,0.17463587380247916,1.9771888116720209,3.3558144636986755,23.23636286998019,3.0546135304511473,29.043323495246327,21.496860064746418,17.489773765350495,0.7569100795141948,66.77994708896506,28.189671228404933,42.167600286385095,51.70204310784614,29.03093818420006,23.489440612818935,3.6186130475865164,67.12984805201773,20.78127202020078,94.8800250796301,15.512374130371127,21.704432874673994
163.86272751808298,239.25775517562795,220.11886667212346,155.36286155826116,146.08333242346998,125.93579564484708,202.89226554797884,175.3733760694377,237.55384127314696,147.136506915177,5.765609763965811,5.090293789509401,8.818440716899321,3.306565970545754,9.098910829957155,7.707159296592921,7.957802515273602,9.457378635157365,430.5944670279574,384.90464011552643,280.8462493223847,133.36209940726954,62.54554286706652,389.67642480170855,91.00760921299958,68.02380330548318,91.77204625996957,62.71829074630644,24.389194492318527,63.783468544751436,78.86759257434181,2.8964543017049547,1.1262268961759234,0.9633519074328386,0.8026718600366836,4.20247972613679,2.0416135994476137,1.1980550384024171,4.987553408935772,0.9359299840646147,0.16332471045488633,1.6618618390004933,1.9786328002854725,1.8977911809581938,1.6073992658493335,25.68920064763567,47.399674433679365,16.400206795369932,14.826167409309814,21.66859731052473,6.323845907023771,25.250807378412365,50.881275592100074,93.48638741835431,92.29092642058225,52.478793615109645,17.2908712317845,68.85290530689566,23.325613521498312,96.72716223441766,40.876736039900926,93.32927925777213,18.38925235952671,32.17455535118035
290.012393410161,167.9749927536132,203.13588553929955,294.30653818021017,100.29476441726229,151.2926122033532,117.01127709784822,275.18098499997893,154.69490307499598,242.73205662243075,4.474351710101533,5.4943286916909955,4.1878207769332105,1.448880594410581,6.4155118468386885,0.9831449322879419,7.8735083923369675,6.1241956684107866,499.3195992483526,384.3661865762031,484.1470754390763,193.67761367043423,55.36227285552839,372.51260083914224,69.03373856648021,48.91525150696755,21.74926654304724,76.7493087786581,7.133886993033947,23.441297144448523,57.36728935290981,2.1385793335105645,3.6205608670521485,2.546349334227372,1.7149534593569022,4.12341836529889,1.6932159517882737,1.182019768426627,4.893152901690413,0.9476432178964541,0.8867276164959889,0.4687971576175054,0.39144750280115037,0.25719472052559145,0.8228280254947657,28.34971481009846,45.10124489076464,31.219832540902566,10.776762595637921,27.55853243034763,21.591074496599113,1.0361547077779032,70.47399907108309,2.5938356248688788,87.23685277518516,11.983418278863557,42.00462751309336,51.50801549554427,70.47727792439974,89.07923537367076,4.505130816571756,22.48120907781478,22.335911620001035,29.33038680965385
290.1214293875112,244.9533543057523,283.87839464288345,166.26940142061017,245.86895881759926,171.06394969477753,209.77456030851994,281.0597998021031,247.29463492381456,274.73560691214976,3.5325157362355206,2.9067211836823,5.421188161365022,8.886874410980294,7.714781708283516,2.190464570576077,2.4494452716185218,2.620805979863665,318.5242047739041,153.298275888724,498.11194715733586,401.9740538065921,359.17629528481916,273.6902807399126,106.53953242246217,98.13578772943548,104.94041678483394,31.700533271114587,75.12834066755069,107.86351862123541,68.68192117885835,0.3707083004260811,3.0430406229855254,1.0264794253663159,0.8112062652627997,3.6137211762536157,3.9280532934091523,4.980802991961224,3.8963290121856993,1.5713822520151182,1.652791740926372,0.27330712963003456,1.2413088945332078,1.2355986548141367,1.194107510016784,34.91748417873909,35.21674789754024,42.132318333522356,38.34433547794505,18.118372126230714,9.34277853398618,71.48684987686808,46.09656762320152,21.742734486082927,59.07835232546398,23.49635734192924,45.164102726773756,32.543375684088616,77.29280245402997,66.70530032700445,58.47822031080313,55.35018730986858,14.47689307887038,23.781820708129757
214.68757762465722,113.07126815978847,199.39269658116604,196.4082116224165,293.36909995985707,234.79884162914607,175.99581579307892,198.591394331172,110.3314714229282,125.360359825352,7.489876075685428,9.48940903986078,0.5880666578507825,4.760547684637269,3.748768443374367,5.071103245103371,2.957796396487059,9.249064696453319,399.61895403064597,49.88125515016162,67.10685889932996,418.7851967567342,44.09507393635372,52.790412553649865,40.34786270846516,72.2140421391305,78.98229607271564,87.64996952196697,110.8927575058984,38.68415268058635,19.071955308092793,4.467781334492916,2.511700973319649,3.8183174548902787,3.83542114600528,4.275839806869834,2.0573256961592636,0.032956723172163256,0.11013480608076393,0.7980479525361108,0.8363944007613585,0.7259260028426942,1.348635360019609,1.76756874957368,1.2842852587844946,25.14094145317103,29.673372073805698,36.65125687544052,46.80507970249582,39.74048121632717,39.0687267775472,46.942180205547835,11.61382996501229,48.29206978120031,57.23245754536014,78.34955909813493,60.12944098995162,28.26395236763887,56.94513674875032,85.6723571671022,48.355526540099156,13.736810042300284,33.39255375774044,34.088684913306494
226.36744243395987,163.05806756612208,298.43160296466255,139.2195425476786,144.858696657009,112.51296844389032,221.42705617671538,166.03119006312087,109.85889855288329,273.3191377191007,8.945748716793847,8.440394657672194,0.12323999128778623,8.793340450158444,9.604117620109342,0.29811606392487044,9.38607986804902,7.775625963415723,393.05547081948447,15.602011569379982,426.2764421815198,159.0494140379729,253.21854250849046,463.7798599255902,84.5791400365256,49.91464177910865,31.383147799307036,67.91780176990231,17.231875298124045,89.0800775309087,97.24339142373351,3.0610397280671653,3.1238644905723745,1.2144394836399797,0.3038926638842987,1.9422756023186165,3.426096104288888,3.201794664424444,2.7219398527179726,0.40875979651244654,1.246006204260066,0.8389058782162652,0.896010501005135,0.25156261572536837,1.6631817203699595,24.430458121521372,14.396181388075586,23.411410521665957,3.1138811558637154,31.865117403054324,43.638637027254674,99.40186918143893,18.210625333735464,40.184762170418644,11.167518264933019,3.675582462865923,26.600270353976796,92.87598625071047,27.08290279486767,8.520443089143626,66.67070347347799,67.46776285115358,30.489142367938967,34.0964801075406
189.68910439566395,207.89825847506745,270.28499154901914,222.15601421515365,232.6094383606845,142.1013879330686,177.74526957530935,121.36014080047272,177.25754102910906,218.7150508828596,7.59221330673373,7.251497725564705,2.5235187427170866,5.899936012088366,8.222566772567319,2.6032642897493323,8.274147315196833,5.786841981731131,184.116457027578,219.4507612888179,254.91290629680861,239.81707097086607,241.62638033178166,233.24524337581445,91.58908896125773,17.603755088539607,23.13783646457372,56.379833748608476,29.25956271406664,94.69031459712214,95.17089056668252,0.5874093648491583,1.049345074460526,3.537771217764152,4.203629211262934,0.5821693986483821,3.0161519253962976,4.3497360394936555,0.4433137379956574,0.5777853439330441,0.4987260209206249,0.6818895851712183,1.0025716466637344,1.1523974379904245,1.499258392297621,18.71296127804183,18.664377081246514,45.50652647665525,7.09243290389071,34.64291019617781,19.787551644424703,73.35832610226582,24.599313416561287,62.916973123503126,20.02594523103034,48.95266866866807,76.75092470968168,91.19258959198372,40.508411672274,37.712694285185265,54.26781272914726,18.530579600981067,17.605372584720254,26.727643093504774
158.64215433961292,258.14463296779275,141.70210287146716,156.13664310319487,248.37926539174302,261.8047280583353,148.05982469007336,290.68057587641897,170.69463841214412,125.42209817340479,3.386806950965024,0.8721392774531499,6.837772619895796,6.774501954488508,8.554089783843981,5.222272769267165,7.008190627318986,6.986838135617466,291.39248632597275,211.06542122452774,199.90750576691772,438.1716903772256,162.24472654353806,188.03355313896952,22.42044299844519,107.9762110831714,77.1768406061511,98.1251630749061,47.57639086987195,115.76313552945174,7.4828397814076695,2.5595435772047965,3.971754145594462,2.896569905838483,4.711559730790292,4.213846479818847,4.878437208297193,3.364645533583436,4.476738749547965,0.507993654530034,0.8913987327951631,0.35695749268665633,1.7927291837720611,1.6661507634964592,1.1816531412451667,13.9373385030091,4.961675805329299,15.484375918676648,32.28711744093252,11.936222610977298,25.81092238312412,51.79129427078819,6.322892822569659,19.272205036038194,25.263974260409604,53.04081234135628,9.846024547938159,51.313484005377916,9.603681188138458,1.3092495698847184,39.8177784647069,4.979042292160396,11.589128931100076,28.087840499692252
165.7329090739832,163.75050058641398,286.11904292878324,141.39851568768535,269.6850758181049,129.38438471675414,118.9930550456753,112.04538898005949,163.12664307343044,185.5083710719424,7.469977461591782,1.1506871911592926,1.3005224442554535,8.062185428346655,1.8047232475149675,0.24811586273737707,0.9141088929549452,9.25073191457355,418.19790121946465,494.31104053353283,310.40543184253033,35.8099325965516,436.4985332716289,318.4880236326981,51.067776091778285,9.079002314291653,108.5962527324672,33.00195480629593,98.00535633742876,62.32835865027166,49.10423586868507,2.4912990365828724,4.741332397051326,4.931386783794703,3.386373434603436,2.4958603942798527,4.689546934440059,1.8200417529025514,3.9502849007105403,1.4901540365864419,1.8625116643010546,0.5765957334712576,1.3260210363643776,1.974016946427012,1.3714477513753478,47.336910492848354,39.41236073903276,37.822178806145736,40.31985185773557,48.49397677982893,47.69806395726661,80.47054282081352,71.13812206306702,7.054700436853134,48.81957285238057,68.8712060676124,56.04533636006545,25.84951955351392,95.31796167925917,17.747223826095038,73.77566978116707,82.48968072087993,24.789664239452453,29.64448355180028
234.50369121540768,225.17827528740182,123.27327957709522,203.31452568919582,184.52583940272183,168.52902930450432,162.98368891777915,159.5300555136561,198.203952533782,132.17205869701957,1.6046038064931072,4.978535324063062,1.2262433921650395,6.62563989154133,2.7825357579250736,2.719008233637813,4.240814400935499,7.152700881881924,347.1757993679172,240.20301709186302,37.42312305838344,445.68103137793486,93.51226892119804,340.1806009718187,60.52401185029728,104.26654506232647,87.61142517515388,106.56523662064717,35.96493639416242,75.8210842784097,12.908619226682,0.3114053252767056,4.456604689396837,4.999505875276066,1.0726975955071567,0.6456064023139766,2.1442205785462063,4.791963719887645,4.861978479212458,0.9936452677893659,1.1762583244319706,1.3963365687440097,1.0443018206459038,1.4762220615466404,1.5172434608295093,16.22103514690141,16.53155351123868,23.96344657650929,39.66383910443178,33.17871683976178,27.007633889756708,70.48036512340761,36.739022683161835,36.933339780475706,73.13560480957187,3.745626740013519,62.35316532441113,10.234203217199777,86.86774712102881,63.0492571202402,2.5021127786957753,32.54003827236257,6.721962254664149,21.978242325461665
250.474905887536,277.1955496472374,263.48994169823834,101.10115983208416,160.58618112808585,272.93178437162805,119.32896685755045,159.61324023400084,164.14671646231426,240.0695777733139,1.3901480821037802,1.6910621569907585,4.168510019555442,4.040742922721483,2.9277033368674132,5.188905112811108,5.637088533560587,3.7469076250888667,20.370268851198748,135.64500109195612,258.16594819586913,117.40032936964253,182.7067643556275,113.2370793448477,45.904049837853044,46.39557536156288,45.082864934388425,69.52060456717093,106.43625649205838,43.51077375014638,96.09216463272018,3.038229920978708,1.6139643690820156,4.348935155753477,1.8068495781096185,0.5854094856882196,3.620655276089335,4.468668565399315,3.045830936217479,1.4463983261448685,1.8136697722765698,0.8332641809570114,0.3438641686236969,0.6288353133802579,0.3529737123534682,3.639355566726368,33.555204001995264,44.982469856302394,36.12431607759312,10.261195294254385,49.75612418424953,24.377617763598714,9.35232963269973,52.435524214418095,46.07253556042582,58.56463270904639,20.683158106514533,15.65763828590856,6.560234690746336,88.55616237336667,54.10290208745951,10.852240356009702,16.683893282925666,24.22753723958952
258.3158087451697,223.17263763646093,176.12465869531601,101.53280652984506,165.05902680460622,130.98506222868852,135.3793901647968,164.08025722804297,138.45158369361837,251.77362688358994,3.521707666657974,9.784828088941794,6.513586682221442,5.184970500893645,2.782001310144025,5.774177555014332,1.9553717510393918,7.158979202662057,174.9857777597914,446.702426105419,436.73637931306666,342.48422966504415,389.3440350112353,420.1000339568785,42.04294853645088,78.52395780266167,72.54911345589443,75.0551111286607,11.320155584757636,82.99061874238765,89.78601355945601,4.043548730618607,2.0359688086775587,3.802317012800768,2.391426975296567,0.8046195461093647,4.149005868966297,2.1754350520450934,2.6156422943768467,0.8908173934394912,1.8138366690301322,1.3018439447752561,0.11394148792395581,1.429183626706278,0.4808653764802219,8.780594595023906,18.200941471331365,39.97292467186113,44.42768374765555,37.649267051816175,7.535484187756704,53.02582748275165,81.99581207255802,56.20018370849114,12.606104183739774,0.3098036578183194,82.60113504996211,52.22517257406045,16.64906656583305,63.27803099917955,11.38762038290093,83.39039508622253,23.140653924043477,31.543698405150852
257.92362855891076,146.59189495072675,275.59486408901387,143.81376182037155,242.52426661970256,116.54736712363798,297.4672317159092,132.85736865448186,161.89390981772019,121.15930405455978,8.096253453536164,1.6693503168713537,7.149512723254512,8.050150694291212,8.56854080483245,9.264941761247524,4.537443162871423,0.4987538110803399,80.79309133135662,250.62329533025346,114.5961429080947,295.4503312284541,24.906934052709282,152.06917589456515,83.93828780972882,111.05296824110381,40.73759496782846,105.63178087942842,113.2100114447775,58.28910087462677,108.72863084371295,3.747550190699906,4.04392747598983,1.938417505862863,3.0270776132892463,3.757356565738858,4.495439911772104,2.870909178129706,2.599679541162494,1.79049764475742,1.8938808208065112,1.1189771818455918,0.3374403744884836,1.4409568616845148,1.408310148924282,42.935193484043836,23.484356849115002,45.12274823470121,11.258769538755235,9.098848108777323,43.18020781953657,55.59987248340709,68.36542844635748,60.14935235424667,43.934887701138045,26.517836728919065,61.54321252076775,30.782996057900913,58.10944411887535,66.41381070085667,43.60083330858333,76.23974775461484,36.89375413968351,31.36936732365674
118.24122060973806,104.8801563113076,273.61133802149004,107.34427250016422,263.3558933011272,196.90759901600217,188.82071138132372,256.6322861847394,294.980854562047,201.22797053892887,2.5388476476987885,4.925931571093343,1.8666616735739106,3.7991379340925437,0.41565947256506186,6.488921670181018,6.050156187138031,3.925514062122754,124.15638391823916,303.5960612531831,218.93104843701832,280.9409666127335,339.74569612072065,101.47512369801518,29.824635730841184,22.44626078294832,119.90220017954577,99.02200910267364,69.48591395548296,55.33002194330856,32.18645527960818,1.022817376679275,2.979634482814773,3.7688508683852047,3.3466288181603203,3.5571748005967425,0.3499899762446536,4.837920747148151,1.9383773885271811,1.9686885846731956,1.8012441541522,1.143200585729571,1.9167506782053603,1.429935422998773,1.715808567776501,29.538356226607505,27.972622382631553,11.105268522632633,5.8109018513513835,3.6375523668256653,25.111548632311784,45.123169860780344,45.22242371277009,54.866199576155495,16.263325374888836,49.96842553164812,64.57222146479728,4.20681422599567,23.24300741292159,10.382160525620188,79.11253168580164,68.37584504319682,10.572019986811673,14.464735138476673
198.8840609405163,274.01977478018597,261.1850800235242,121.60515082613827,136.32279355132053,160.48390225570728,206.3743533010033,124.49957239319784,182.2226833989697,262.9250112051834,0.7262087480969279,3.704798462730904,0.8879226589832203,3.9424024220081213,0.8533898909096655,4.205884445046938,3.3410291331424524,4.122598015271235,453.68984397074956,56.877668109824214,470.345634980289,431.0865101288825,410.0348859171696,209.13592789870373,86.57993570387981,70.19930469846317,91.11650667311288,74.17963791451854,80.75943302608601,103.37876584835213,57.474026559696874,4.312839722475515,2.7440930739464795,4.783810930026658,2.7755314294412248,1.0270552141225675,1.517373208374749,4.912976206013086,2.3487634354734133,1.3727007665349622,0.10623414511957123,0.5722441601008124,1.5517648876835284,1.723094830476901,0.8775983371295588,39.04963719416475,40.19169421533488,33.57344638975229,30.96046701952273,26.613893109218797,1.6243485068585737,17.9192622855362,24.74253350927342,24.57519709711876,75.11473516928845,91.12813374256172,49.77435057634385,45.516738531110015,93.44006980141283,66.48604909133799,14.246074626040016,91.12487098445293,14.678834705438193,32.59642655992577
111.51175200332885,104.25388217007743,258.0060872614123,167.77212986775032,174.18820163155306,212.6816728967708,274.7237057474431,226.98133183063254,188.94255537166714,287.23260831019934,1.4039243985429155,6.42992557239557,9.409930636060887,1.0473321489742116,2.811757219236047,9.310476653617371,7.831353707609823,1.7516985207662634,28.077711566276395,197.62903959158928,219.99628052479167,59.77035038588402,466.8112410307019,367.974439639758,112.53008258493401,92.90977917257209,75.65388857202667,91.61658594254003,47.28429509168061,10.769417002349197,26.21610587390574,1.719285406640161,4.633943417991891,0.12665410122326637,1.7630564649010603,4.236147856367878,1.607947904432924,2.2546181458325814,3.180708789845398,1.741243858748816,1.874628294005034,1.090931762259545,1.9375210222694708,0.26602211878703275,1.9617916126952915,40.53468653391487,10.952240688263679,37.05393870004118,41.202656630409905,27.89943573103619,48.62503560124775,22.3369051657887,15.174589379284676,76.45497359690017,16.6500860404579,12.658981600553542,90.95942171763384,74.61892924643136,75.55905808710746,45.4346717369191,93.58103487724853,48.922608687063516,10.768700066101015,12.694556548583517
209.9057764647471,274.9403345368399,160.93582781960816,260.51713591596257,280.38803934983,260.760978096695,299.11378009813757,124.76920534116348,215.30899799022802,202.70357334835398,8.601575188442844,1.3774604480053068,2.6805971873648073,9.154385908695302,2.0787424490294923,7.870341535539163,8.420450858224173,0.32854625746252475,117.70234886134263,472.6696004921555,185.60013984287517,180.04373240956167,439.38535384082763,483.0745074355037,69.99771493544138,92.1221407626916,53.67480141807036,54.831741376783135,94.92934283377194,106.42567920066487,47.692017464523744,4.733076807676787,2.6847645552754833,2.6941943539867164,4.455677230018866,1.413661029685942,2.177885296587194,4.2382766404340115,4.6654085617058225,1.0650732076269191,0.3611729342622151,0.1448299563400834,0.16784654844552654,0.30599770628932343,0.5105362920794084,41.25020374094812,20.23888664807789,37.24950613148839,29.311157134788374,9.85379594921413,48.26987103729622,28.10474009559616,45.8374191755062,8.778026173939857,48.25339895444567,16.928912900327507,69.39275814876244,89.16951159599876,27.32915129110828,65.14402315818234,88.85046923914045,12.80564975867977,33.31116120298644,38.49441947975689
188.3061002746754,205.7874268054424,116.18385661025044,214.40972867386017,261.33870393894784,127.42969763054863,216.5428898689363,114.10712751859131,296.6681536828453,290.05584472228145,6.374454518998148,4.36013263761967,8.548130326326365,1.0012595179598731,2.395410177440199,2.0800883190162014,3.3037337473973007,1.420474242713654,161.6889825967334,298.85763824595847,225.86295758045534,273.74384570893517,166.49821724850574,406.5478195420023,75.31493722503951,65.44767017894296,76.08751337984909,67.94844165247082,24.155118759706696,102.98803135028405,65.05797393019165,0.3680223414863115,2.579544011140676,1.0978115388982888,0.41614636950961165,3.966998060741588,0.854631106069941,1.5168813325001425,2.9834628478975946,1.875779596672425,0.17585987711118606,0.9203131104173596,1.3924187673314146,1.3171725360285604,0.8917286358825338,27.755378533358133,6.9390378086449696,25.448022298133207,48.16837562921586,17.74475774246187,19.471906589052914,1.0255149378163742,88.52457430105623,19.835387955218298,69.34136026610929,66.92500643838277,38.183556489576254,58.528404568308936,0.6101411190476136,32.617310952982734,41.49050708666985,6.1346409895119525,17.164160878744003,24.652451745575235
277.54083655165994,287.81353970257925,180.5960357530323,202.53354519128328,296.9716805524952,216.139816910857,262.49476420883434,281.8859007371753,148.3202552871526,207.13779409120596,2.606691517362769,2.8195798247907224,8.648565359581902,6.517270856740703,7.99963757360767,1.3953393773533158,8.402705829475325,6.580752808390845,312.27319526353347,178.80590901980622,264.5318555936026,407.5315384335595,297.31842924824673,470.77070505839396,12.927260744270246,76.84503788924268,44.2858471837435,12.138065721478782,10.624859907026009,63.232119159605745,11.133040831437732,2.4361813557140146,0.21967277041913466,2.7938028161855635,2.33661771067504,2.44914147959736,2.48606734095054,1.8653462359240167,4.2870085521636625,1.6800143227783733,0.20523821569830036,1.1879833640608386,0.1841577001664942,1.912374082586557,0.8191937825801809,9.267469487105691,4.250144993602335,1.0569008562236508,39.88044083889358,47.3155801360955,47.73003251875229,91.69438921695094,18.839532327196995,73.93780090191142,22.81980639452086,37.486169382239886,23.86058877840862,72.3292123842446,79.94473912029747,58.14859416631701,0.597484072593657,31.844101795965862,16.579467649143737,28.789693551488863
170.18300251041575,259.75664715473306,134.70490299730173,158.69776464162433,250.84965193641614,201.10175207797278,165.38820486733505,138.02575326374114,236.25642210648675,178.83809891998158,5.597428670748995,8.888740094249712,7.74797365844919,4.190625340147697,5.674953279531264,6.7905351938530565,1.125408004419849,8.042659282000507,271.7098281420741,316.5769185094806,319.67575862441976,116.05711087171905,47.87381164372827,78.89684399749812,104.41484391605024,92.11560432527712,8.319456537673537,15.333660570005385,50.48444845736907,61.37332823364725,87.2100972278993,2.9896506421159703,0.35639062336478683,2.337570977896867,3.8800685439527287,3.660427925867445,3.3194394932192957,0.8324611961212292,4.315271757399478,1.9843792863554743,0.7629407708352237,0.4457916805728076,1.585907290850764,0.9850934139465672,1.8675622873802153,7.8375212356890165,30.431380630355196,13.440823801519208,35.189194145008415,14.60765998833075,7.479977290808014,68.60959915834789,56.86592289914879,27.97261341052517,7.603010763732643,62.342140192287175,7.106167482348724,36.407047086493236,42.408970960106565,42.40692968309894,78.9744826674486,8.683083013741621,21.404664686786887,30.133708713530034
123.41340328552117,299.58682210666746,238.99021778049234,286.35074388656324,178.63904020558445,128.81575720263993,161.14879148945823,264.2500309119408,243.19693870834482,269.6406257105791,5.323038262010969,0.5017985501334814,1.771452705860444,4.115631963528879,0.15712954680038316,5.642843339212139,8.393518076364298,9.883214577997045,116.95204659815919,456.1014338932769,402.33947244919824,403.4356222733954,136.35630173852422,44.876631443201624,37.826495527984534,101.71817834210235,50.43518007101277,100.38392148142819,103.17500710781954,46.60784732408137,67.47873644267365,1.2457739913882777,0.0470273363244444,2.883085221945899,0.3137545998040905,1.9131244387370938,2.4918459618814213,1.0538311179558841,2.5989750524828135,1.283878097122783,1.279527762010708,0.5874611618730076,0.823805328196869,1.9250691330887828,0.642219183387825,28.912228808568067,9.860006695765682,16.503393312716863,3.4827358981508127,8.200619007885749,34.16545198547377,68.96173157844709,96.16859952222559,49.34734416094052,56.32994760747487,99.74541671342672,16.536083718035954,49.62381792169395,64.2377711857777,55.86370554350608,88.08958034122828,53.550944034708536,10.90450390356111,25.15276156236568
128.59833641056719,170.14236309034203,169.2199453075571,179.40300824743832,218.12756679892755,224.7996971057965,180.54074419891202,208.92617422142717,221.46488335861318,198.5965420916178,6.588816186562546,9.145902190663946,8.235834446616582,6.827563182069571,4.3502953804715325,7.917768776548281,1.6122292735094044,3.5289986807740936,90.47812293934568,144.2553942315691,231.530080824514,205.8228564220285,56.16896558627862,283.27533333426885,75.73088403578495,92.60850614072433,112.0052942516847,11.862240403487116,91.81658621333489,119.32998604339946,100.33028697922744,3.8591871417139365,4.567088686660332,2.7593014848794337,3.529622731888393,1.7422315795029322,3.3323075450361026,3.287797778274201,1.7438735110731318,1.5804928065096342,0.8643912733860952,0.5171089376496768,0.2819541842023402,1.8823619930806925,0.9945024782802095,18.642460507440983,3.4600674253418915,42.675812555447195,5.833240817218264,49.631816953939975,10.00048485094781,57.23306138091213,63.71165747646129,32.71977408555588,5.420266350439251,98.6871661348854,99.26829520836597,72.96268565100293,28.697482542129748,14.708951832979999,17.473809235543257,1.4499017823157878,25.916397698325966,26.693189077961488
252.30212634349445,253.43765778622537,295.122040171983,117.4185533591543,232.20285084946406,154.72808357215433,234.50145253472982,115.57130392175392,117.71566792732881,194.3805021129046,2.4085567887740016,8.346641971674703,7.715580536491708,0.7642279530357994,4.138060775818553,7.4141699957789955,0.9209788098462879,6.033854300384907,126.03103695209822,257.50719205063047,410.56565819416875,102.56778965251075,164.44177217544228,152.24576669157685,117.59789952065226,45.710568465842904,77.02462589899457,24.480899447749838,64.47293660623018,17.78447326669174,36.25475763698768,3.138209442255478,2.047849433488326,4.800934125451124,4.100360997539092,4.208384398807068,0.34154374277132254,2.5588002738553337,3.201473627927084,1.1314494659586056,0.148553140833821,0.23406011500430596,1.179288619396279,1.815528502645207,0.45574429526912597,28.123387941665484,44.90634759471707,42.123847946658906,39.34946281326412,15.464124050833105,12.70903819857397,68.93108081610592,43.99647301558684,50.69812116160032,58.7768642968168,35.37135794944214,40.67668959916402,72.76582273722944,14.287325935817098,39.5824853617285,91.6192208816557,44.37633015093759,18.781942255632323,28.036044226947027
223.6436126632522,180.38618272184843,228.1944154690664,223.41330322356026,115.69116326342478,197.5668637088025,236.43833785101975,291.0896382876135,235.3744551655153,198.06249788196567,8.657589573224538,3.0459500927640732,6.007557602051549,5.977687251219202,1.228058167500981,6.289594185189399,6.453576503966011,9.377735171469707,256.2395170838112,479.75842041676015,271.5231240625195,381.9033558173065,438.84173459477717,415.7469367549437,73.4827990658729,119.6235361216393,14.654905853153686,96.52075577930077,70.79584092401565,72.8747520972898,108.88192710596427,0.10036609206689821,2.3481212669057285,2.765408683584333,3.3075481796499906,0.18615825002520758,4.381176785219977,1.1633479845217585,2.2349279361550654,0.5923281981157034,1.005317004931958,0.760928910166171,0.6322283735426373,1.828716852241762,1.0904058532686431,25.174653289774305,26.948563779377093,5.681665149870272,10.312777316062952,34.1725568207309,39.07720314152897,98.18625498736364,71.63729729389084,34.665579994736504,75.34985375862014,50.39253538248326,89.86872272774067,42.45262645695041,67.53115917857457,37.42786572568541,91.40972772946961,17.846028985358544,20.441274930330678,26.263777653641473
120.22453522455805,195.97512406078175,264.4961127268722,122.76767869532028,208.89939182077302,116.45446485541237,163.04788692989015,149.3922333983785,112.8189422072351,269.35700037394906,3.1627487645921275,7.913977481303336,3.4383001481726323,7.743114681126312,6.793803707154425,9.865183499126033,4.772179920977414,1.753713635247711,142.87711499848967,94.4741102162418,175.85545008030905,54.540461722528434,180.1117514404034,339.2740569871398,88.34159105840342,54.96780977772001,106.77426554042798,5.131784322249473,19.937675024356874,83.39338286292796,119.84983909850098,3.045759267574217,4.228480868486385,4.2326981197430875,0.0745550924540264,4.873937366814962,4.695955268584331,2.0205189856446464,0.4163899279364452,0.7740348251465397,0.9400484103137221,1.960034956258685,1.3531904895564553,1.8068057073231734,1.7290679219808232,30.308804945028648,7.16409626644774,47.51687614767725,1.9273412159100325,11.962228981243685,19.1792251859821,38.51603376344933,82.45779190187065,99.42079899060504,32.93159916723065,90.46901586293933,17.056935688526444,54.366734155832276,45.03245881466591,73.63945206528084,47.129085103419044,36.826804386715814,12.760007793459327,24.147830478963147
116.82136122299949,225.501092643674,126.50493454836969,169.04462856033842,241.86416569452192,191.91681144272462,126.64198482732573,271.92906907052134,219.2285299099794,266.3883083376104,6.971903374364745,0.4090142473536008,2.6988351822387866,8.299306303077282,7.050762164956962,5.382538328093045,9.088116944087044,7.204691304793152,474.3252257877839,362.6353235423887,332.39590577851294,262.23601329696703,285.33007047069896,485.6568003530393,56.21175609573147,7.8134408172773435,35.92060767427421,37.47649781727439,101.67837349102194,112.44795094494862,110.71932041343256,2.4624763897480473,3.050139088775132,1.6059032311362242,0.9088837653897093,3.2444159957442134,3.0933580463520567,1.872185464719772,1.895267411157844,1.7986102879895007,1.5380136044531292,0.7723727722808591,1.3505320430762018,1.6577898287244461,0.677674977592072,2.089533641459984,3.1445933086537106,9.531645589248804,45.582653944474764,27.730999250826276,0.8528113900167484,71.25255868765638,59.05162978868421,35.747758935814666,48.834940908069214,9.216766240855756,42.536087134084966,92.38553395509695,23.51697010699809,70.64095139680656,79.80348107978419,67.5034074770689,19.734973263484747,30.68949516098249
240.193826291824,274.7354228372677,272.4028964545245,201.4823877435618,133.46426080021206,161.29269360856406,226.4792512931017,133.76200115691285,247.91623544434853,180.70399848804226,0.25963399908492746,9.671968947904597,1.3067031995955538,1.7882508549983755,7.236842868615767,1.2197469893670265,3.6955730412994074,7.5742894581767155,237.29395850013532,311.09569401946135,361.6839048243108,41.29913409232532,222.356615576321,134.84825430833905,11.942072004231596,46.70094943232813,33.03349170451365,72.16444565006151,95.50036354088265,94.72340213852758,94.45763472081272,0.9881857165005034,3.0514129659889995,2.196122437067334,1.7171442636708343,2.168092107115216,4.408141083198116,4.936927420631318,4.970419968866131,0.20630109853737907,0.6312645070083328,0.9750195814902537,1.4395142008294304,1.4204600213501277,1.6405049371093736,2.1254156911911055,6.433072643975978,21.010792839395595,44.59486599821109,19.62095833717597,21.00480199768193,35.952900437752824,87.18323589929926,62.70494173976454,92.87618382249465,45.23039038368471,96.05184670334486,63.199760494323364,13.76279995662032,90.8858684731333,44.49479782719884,35.096377105070154,3.937650201348369,22.956605145233407
114.5526012728387,296.816693839859,284.55143810267884,274.84450493703514,256.1263434851114,264.4762422370709,125.6651724377529,270.78857642837056,142.1939781239901,166.65997197410502,3.7893055859520577,5.313289931638915,5.146594962318627,8.98444859577392,7.3118623610300615,8.299908291678285,2.942807408032524,0.9808578051064499,38.81004810687216,343.04081425891104,283.44399805844887,184.6447490273159,234.8690969063803,248.03421603406386,96.72392519132568,19.695039775991972,39.16546140973689,73.47674211896911,80.49409529699841,79.04242832332788,98.42241233048479,4.978783653027053,1.4897068024805142,2.3573632454636013,1.1761132778338492,3.143992110440622,0.6659156230745801,4.269293527684783,0.2520742314311732,1.2238117835413755,0.5133092302092975,1.3408657768171128,1.9856836496777421,0.14637553932595565,1.8314920061336895,36.21896095700119,23.831193395870397,11.150269822482393,11.314949447958845,48.098173427379834,11.789431371331494,85.4288798746826,51.45917593757376,88.83432176508774,47.11088641755524,37.7577348316459,9.113225141929993,64.25746256865897,58.04795944416335,63.20555922831975,56.404626591861785,34.13398872002153,19.729847979700235,30.17073872339118
264.37201185807123,253.65468277290364,197.41238376378718,198.70931606802372,216.75455610282233,111.39574539947365,215.69850164586603,102.64576258105879,268.32440150855484,198.38560480782587,3.5819271977922025,3.1024821580479083,5.8940826675474804,6.595846309289678,0.10052298662973834,2.5933482872225193,5.057275570827564,8.626368913312344,367.34053885995036,182.09761902710915,37.74133683601447,304.5276315131324,485.0903053999135,255.6078339384231,9.024866745358352,18.965900808763124,71.37825715448511,94.37258444638947,58.61196917782792,18.433416433394108,70.98058789262744,4.486839352189799,4.1712027858833505,1.400852936243545,4.813634179734863,0.6224773228303243,3.989270111180788,1.945952003585283,3.486367890385624,0.8077196617578064,0.5862840195855898,1.3321457272213035,0.8347256489000702,0.35128182509649974,0.2386199904576709,10.059798569224633,33.589030130860436,43.08645720705319,39.120209774611254,21.92389079024914,34.32483072113541,85.8028606890035,83.00290022062566,63.793499436475045,99.6554061393389,29.48827726609973,59.39842838125028,78.462029238536,72.55499402075743,31.45471297934733,31.983900980976333,99.0750732839502,23.873504348832974,36.820173476068916
241.24844543129925,183.55335643346675,221.2505875501955,240.45175320633285,290.44435713951896,183.72145498366598,238.6844256112618,202.35609131389612,106.07076110660086,214.5545019474218,5.480495842971843,3.6895738046873032,3.6574560061062935,8.830362528124759,9.543815958082549,7.795291266624791,4.613867239109747,8.149739966397354,171.13419122240492,163.8008930070448,93.2426088288042,282.49661532873444,155.1156894492904,127.19662948011434,85.57565032210323,37.37652961229285,67.6391307449073,63.1815192665996,115.91281585214394,47.97935443561875,26.867694234950207,1.4696133981950268,0.8374915804370741,1.9051534047749967,3.26145363142783,2.575121751914802,0.6045494854282439,4.570443728691205,4.207531638305523,0.8347158222105557,0.6771056629967112,1.904800462035386,0.9840994015216916,0.3550409036097876,1.537206619006577,32.78382387850679,32.24336371180925,37.59540057703594,2.8749932299769267,29.416622116995345,10.125210487813264,90.2266425423485,95.20192404056952,56.58572551096086,15.700241135767289,99.42042119223483,91.91719006963021,11.522289631597282,28.388696212311526,78.32246632353313,15.946934532082446,71.88147227262863,19.811543011050148,24.794706358153643
116.26975612837995,184.27140045541404,252.96196018059908,298.56336779981405,108.48445964137834,191.6862848262876,240.12229927889032,253.88851588431137,268.7625727316612,147.6674421255994,0.8200889915942453,0.7574129992589239,4.806054770040599,4.904279099390963,8.160666793841164,9.575360250400509,3.5098376575501637,0.43068976511660106,330.2095767085413,345.26273858830154,149.7958832362118,208.2811547732866,317.3889900663539,299.1457657491238,7.6359809122082485,11.138181830384998,61.5125817816314,63.58121499606159,106.08867676579418,20.966788893018304,82.85967879198749,2.7099438947850953,0.27521646494301005,2.9965802665392083,1.491885077184336,4.92562666146559,2.045971055172708,1.719750604224574,3.24714225834214,1.7806852921861578,1.2384132593976165,1.729371866758338,1.6287622319481476,0.14472654013122077,0.5851525286859326,27.555507584176997,7.648942770092677,17.999675940946297,14.610371189251522,47.26593016205728,42.19154965760555,0.5463324241878342,50.12434670235171,56.92294547562082,70.89339024832891,73.35492939723778,94.96833729542506,52.28842916487275,73.5142535347124,49.69976435336264,74.65365838140319,51.38617118500514,9.477764941067297,21.137606739903323
116.96754281703838,247.5164603177783,134.9677254520825,126.29782397959633,153.06522751109338,245.00121525982374,250.69442213191934,286.95910349855666,192.065810128553,258.79101694311817,7.922300599888472,9.894560189016188,3.6987931279557404,5.4661301164623,9.049418796233924,6.998275588246979,6.968038857113453,1.0017357073125097,147.0012415563837,115.61620970122722,148.48654691623162,220.2335170463367,215.83070809392905,227.21013317882736,104.16510220631712,84.17890166709975,87.51673930395211,88.41071618718055,79.10950675418114,106.33946423353407,86.96659523689213,1.589345678152351,0.9661007540174762,2.9051369388896164,4.649190518340574,1.1839944948550671,1.6258544874457925,3.3428285485469487,2.853043673504817,1.7222625116378305,0.9958984223589517,1.6085063054997892,1.1989030437415822,0.32173336000490965,0.4331225588195954,49.09882633452886,31.857703115966586,34.25299198828974,31.37151195870293,49.46709784692878,13.721104099354132,29.819144499609486,60.50017155853252,49.64607109233855,65.2618598197254,38.8746992392922,84.60074771117758,95.9431736270982,18.31221987327719,19.349321062907855,0.1392844519135683,57.93756509975795,18.71388262693199,26.626429734419034
297.32791570023505,147.75542915366046,200.51321529268847,154.9463051039039,220.31077585996482,214.8575150180422,274.5718843131329,281.84042724129745,143.5175879863289,197.29655314648457,2.2560299374989286,0.4889902569918553,6.445959967474942,9.198478942583844,0.25486862354359796,6.000698593403031,7.619662155747692,0.586356249529338,289.66443344932674,215.6308249809125,339.9761921209666,121.1170811418756,39.96162871336624,228.89356243503806,23.12814412079277,13.508721683219084,41.40183910352028,62.341813275622606,47.75711473748811,91.20643288981894,118.31929113080915,3.8797238006640296,1.3460087216850778,3.185812369421668,3.7055650553861725,3.6141677141913835,2.9321032078500666,4.833583483443741,3.540696540724,1.2378005135876906,0.74009967384021,1.9080917289787902,0.1707887003068193,1.8475182237775019,1.2421325448475684,41.852591004711584,20.54084839877117,9.626160766491346,38.277360309840084,5.532089018247327,19.954898785009178,13.392435120159607,60.9467542949835,80.7580401404455,87.23048135263272,82.90218916654192,85.59344323601495,36.16603921760989,33.84156910951093,74.74114683271264,57.95526896487815,62.018263151881094,24.554659264566812,26.700773512923423
174.85415915122405,122.09482262627893,179.73260555446262,178.91521511952928,159.31198244118613,233.44246743883622,199.9917983929577,263.92497390952894,126.7556289987936,166.80910968399192,6.802674367331901,6.583580519163804,9.022466157185978,9.009104479211251,9.34520207827882,4.657823139182901,8.544541293398353,3.413960964813686,388.3547273556577,102.20557656592982,18.990844220079964,233.38246832781041,249.77210749587562,187.74095750651696,64.14122197589339,28.37829887513496,94.93741998082957,74.97647495481594,76.07256204837392,92.11673048168136,67.24965136947701,4.652353851650311,1.4187321786924918,1.765571397946504,1.4301899870169394,2.180507165400186,1.5145575308452723,1.957491531302876,2.1524202591252815,0.6185458100682344,0.811196900738989,0.538454232418026,1.7018491884937275,1.3612281451304933,1.4406449708345295,20.950158805901797,23.50481732282352,19.42370607261208,1.0147598450153839,41.79887524609825,15.252824609456352,45.39861978901568,78.14348635982907,5.042407836138196,9.244321199054074,48.966610071205686,65.21829541174655,29.4926146422091,74.48822867999554,13.253139571922901,86.46860263784637,2.457539894084193,29.404436821523095,31.45730014182721
174.12842941337817,170.9244315281553,129.2747984324498,184.36563570776627,242.88483281424845,255.4098571303512,246.04983790591425,277.6382699322608,290.6614335164745,121.36419859279812,8.051800020116524,4.483085684293937,1.7228105942647545,4.53679264635312,8.116906434012236,3.7076576733544924,9.731280386632394,5.141961007731269,464.72428346953143,14.069372150431574,380.28407075426475,477.09487930320876,408.53823123210304,18.295382688512177,73.67233101556194,15.683467166823728,25.1619930135389,108.24401784933087,71.17570655102652,80.00949954395757,36.207436727881486,1.800554748502774,3.3558628571076503,1.585999160813755,1.9006190313157574,3.2657661609548883,3.190195012038992,3.4026259758736197,0.46589506917129503,1.0033670577078457,0.8047549543020547,1.2724029697814059,0.19784749568227783,0.6929387347613026,0.8500458728969061,31.01243459461167,40.170805109143195,19.166825622736354,16.647326357050332,19.414766462268815,32.37420571656361,49.54496426792978,82.29658401774228,88.51299079293277,28.02065915018167,87.28244123678587,22.042310809499256,60.12079656047577,66.01435196470793,17.81533312461292,22.127728677645052,8.026459052524759,21.861543285923997,30.94787082639159
262.5599134515005,157.44779833081634,173.50688445830627,182.20421505310915,251.8010565043862,272.44059473163776,223.83454707316736,139.8439371674153,114.53311751623134,147.7690320807214,5.66258186679098,9.49427056006828,3.8759472180409222,2.8166850531932495,8.388469515291115,3.594747034621179,2.7398963021117946,5.3702425067508255,137.95230077220776,485.328106418654,140.01781265539725,426.7219297140573,58.3889546540273,265.8266660882466,57.61772184794239,12.264289053848573,95.00139074385606,51.16686587542277,50.33782860101538,63.310006747721616,83.62234000004328,4.029865403226701,1.0969446907699312,3.061973234943274,1.0051500029367442,1.0323872711719595,1.8432625728682697,1.4866598172025398,4.8122350539738745,0.8757574481995104,1.9475727199496031,1.785673856772097,0.4245582593343902,1.6073840232496919,0.17443004345616214,6.3058281326608645,16.958718947642097,12.277865745209192,11.110105223151862,29.944020957177834,5.507595290706637,25.59040428296555,2.7229316206060727,58.62922202456428,13.217922576033525,26.637984563057838,73.06785444849197,22.111942456530343,27.052362690391252,75.87559284351472,33.28994567980024,64.91893513566518,30.740177021081642,30.19299056968688
289.44971547677176,159.26162409119803,113.63446187709872,281.522200511311,120.50319281329489,162.7750993444941,137.32798795953653,156.83685914234576,139.81868398718512,289.85623435119675,7.434743746547656,2.5353974290372725,1.4945991791135271,3.9923873021862155,1.0235451087474883,6.400089786524947,7.189325476650619,2.7499009217174826,174.07990598950076,221.53445954164533,161.91070464589018,81.16410584740846,44.10000522419139,174.27143949316226,44.187801275122034,35.79144153704729,81.33816210378252,49.28938315571055,40.26750674412875,22.246671838302177,117.62821926164227,2.497053638138892,3.386524939429973,0.6729801246533496,4.855659251346451,2.3576202632618357,4.305344001342018,1.3388984548338936,2.1671808422211383,0.771874255484741,0.5426942773006098,1.2858625007283935,0.2939519372509557,1.0279020252142168,1.8265385959739069,19.62610912663786,7.776452834586012,43.877446454352686,49.93963008456182,19.064879908284652,24.165918948563082,72.34464920450704,73.33595640903879,84.88732212557483,93.30951222719214,22.36002273870654,97.83844644587232,55.5945156523649,12.213500154693314,77.0144694071288,58.74858528644628,36.44688588483137,30.02981386616566,30.704766000994283
297.2002127645742,146.72155020998198,105.16238138989739,242.80652889337128,202.77089284135354,207.6045410727806,105.13792897388163,157.7937049842117,169.5644694866092,161.0199373639053,6.652417090928554,5.367659556986312,6.2869433270375366,3.9388668524445225,7.413902486294117,7.537603857683684,4.003156531407877,9.124809176946714,237.49054594011045,484.98131106571435,268.6758156925229,24.592585787251256,85.27944499270066,10.64673580232154,58.798644060811746,70.76838128094255,83.56895559797245,5.408134064448701,51.806241107292074,42.914911971080954,25.37959945094581,1.988927020944771,0.4647495444366607,1.2726274022253785,2.5913095144914653,4.900662642157783,3.1730803626958615,2.875041765493444,3.3302922934684074,0.2952925992588632,1.6543169645172915,1.9570989017530522,0.24806155247412837,0.37004137014016547,1.4884191420102406,36.82744318394878,43.735930111533854,34.10286390621675,33.71362050306914,20.35525217991222,17.05551335314538,26.976971718896937,78.38152446302377,1.0392702544208543,42.66353246452571,24.728668124744758,52.59335146728108,15.565201085764057,4.247342494724194,79.07812688042154,24.68702465311401,5.544404023192506,27.141121262319277,28.177790835604107
250.67563705178833,108.41863792727237,127.03325783096454,221.58104281814076,201.77811111821117,268.02161568784,156.90827713538675,175.41078620033977,224.0469697922241,133.77185787340707,3.6197449918048754,4.8753264649692545,7.315818043937098,2.93998206232966,9.6031752274567,6.817318987895702,6.8031115223159695,3.7458016197319406,464.31567049063455,78.75852468623478,115.80354446008919,467.426913231149,384.55605458075996,160.8924167543467,40.812811696333256,115.9388389913868,60.3786406696349,75.54402007494167,70.99981169384075,20.745316134842415,42.48976063159431,4.692725041972861,0.744540280878566,0.22021740739544612,4.481322870614943,0.9844828835698878,1.0843385036340163,4.896530344185758,2.6612390800775834,1.1319163847591087,1.4456005914175554,0.29067015642212013,0.14880126307894936,1.7805539543303361,0.6161669326977278,31.322243414368355,11.000463505383731,14.356995872908065,20.58073691754732,8.363448031263022,44.26482918277158,85.38913752833585,70.0429439458237,86.92764039616176,91.00658455350691,53.848057612505244,26.069735907690117,57.97934606979056,83.79151799192857,29.332512441711568,84.7486857330783,29.75132460516261,28.296649983111628,30.64091067590272
175.25191710618316,103.57478694668276,292.62302231783474,161.87454357255643,173.85615404310823,297.8902261930113,188.6067412675239,178.66413407703774,208.9602170552197,192.13455833099863,8.107699536432296,7.0583777960960035,9.325936052714813,2.7589380828963694,6.81761868003979,2.064260001816271,4.812218734457281,0.5509465440569897,451.679559837222,297.8097219341682,443.3909436520085,268.1073774415663,364.7577382309216,146.5278832139809,55.38406991429927,105.68901525020472,81.70517625829945,8.423769351820178,54.235507141775855,88.36501142801947,67.31630968385832,2.5569193967079666,2.549019027970065,0.3723281544544399,1.73903385737407,3.185860688965298,1.6872858159201545,2.271137905113648,0.28281862916799727,0.6734794659615188,0.11058301064674612,0.9347279553070805,0.20455265654749805,0.7434576978492977,1.0440413259150059,24.481330556679215,15.054478592454814,12.484977651137347,4.244803798043908,28.85193969217936,4.133898631932423,17.765936814178684,71.36956593230961,12.013751917326687,29.440699435882266,29.131339115513466,57.34710677649978,60.23791836451775,7.514194956786002,86.65874573715189,36.660316711255504,13.028342042139018,26.26208798640892,29.84925596965584
116.70014333973376,297.5444779472063,209.9059071790034,264.75807684425894,286.5849725139344,277.9038622087526,223.42118888573125,208.91106493093508,125.1286984824628,161.41754867204975,3.0175435618667272,0.773301296328963,2.860832069983553,8.624523071149222,5.748557905783604,4.990473083420563,9.938353717402522,3.0722484042597253,54.040357249312635,108.47727606770741,51.83070187001699,273.5405333431608,286.8587067639942,202.78959507958155,46.27499396477352,105.73240142621235,14.176660354337601,62.977076318756374,35.31106614315914,23.42630924253058,24.574683011430555,2.3423783962847495,4.610260054857447,1.2244825635104384,4.305599599456404,2.8822327663463088,4.238630229257012,4.688808481879738,4.764205538952767,1.3555350915623041,1.987034814438427,1.9569895250264089,0.9406344594397389,1.4278325380067989,0.15280630093744824,9.23819065060712,35.47620791567981,1.388696814462333,30.13417774659471,27.562439324263874,41.56990571417631,36.72352947652836,4.140285918426945,72.12180063923992,12.636810136165188,14.71196841463841,69.06103562406165,41.840047901226285,11.48451522063878,72.26681359620729,58.161371981988616,91.63138422263214,9.165848641391227,23.90628830770308
255.42938318548735,185.55462674717245,293.164432230644,291.0121022969978,265.50126397464425,174.29345252487536,269.99186610064106,131.97595267328828,157.94559674764292,107.03185005423883,5.75500788574002,2.018512387231213,9.507090938067758,0.7916330147781506,9.46173380971507,7.9372367146123235,7.316131144328424,5.3579832831871395,74.64561461936732,397.13632221200464,227.74735752752179,392.5518178961959,239.43093800538986,74.60747492526451,70.11355470332171,25.247709144330624,102.92837846067724,97.48688573870606,92.510781542493,85.74305826974384,7.555373544792911,3.3654476657920918,4.2992422681674585,0.10745110868162594,0.27889537365154815,2.829607415589112,1.9385339524374179,4.572673966021361,3.964760758310473,0.7064874780685084,1.5372348042037898,0.8211792542828589,0.5804193129669664,0.652128904949254,0.7446372854312895,40.25572334479846,34.33574069435156,17.655821562721556,32.26422281133518,9.873111532650793,8.800183588230503,62.223775842430506,44.20386619489061,41.652139288784376,29.65372729860164,99.46279185057321,20.828030942441313,38.27464254386885,23.77106302753337,83.39674095513405,22.612114759920875,20.292539255311503,28.972454604986186,27.301827247497584
211.680849947161,176.86532943193635,186.4995756660264,264.2396565100453,239.44187638192736,139.0333034437301,139.24914334123312,238.24933275719786,147.7503542172048,164.62904345588345,7.479437617501241,2.2241917189192133,0.7263004510246805,6.808350702785982,4.485077505170916,4.8094703740716565,9.529663874299812,4.141396043623497,252.79949689201274,394.01446449287783,426.21691203289606,164.19759719695,445.2796492042848,258.7650740711914,32.3612786581731,35.46432725224931,11.38793185107929,68.24092310976125,66.11876203510249,84.60936980352905,43.75305908074382,1.3135586630812395,4.844079677789588,1.234598854516433,4.910630684446197,3.0794652153615694,2.6836373371725695,1.2762754356015238,0.7539984934022806,0.9192106369561233,1.3966542140665035,1.5051571126886785,0.3404200784957556,1.05013537628022,1.0928169476117247,14.021746918373058,40.11980105354952,26.57517852410825,40.91209341140519,27.315656252030102,4.8845941665327794,60.53350704632533,81.81796497217407,68.10723910979245,59.7174359328049,90.04332274414101,71.91893476094225,24.545827840044932,44.566970423984785,70.860548474689,4.138633699098571,14.369119739405246,22.416637622018467,27.903321633995137
184.84440184939524,235.92945653861398,162.3632266170519,100.31302103829458,242.8653271469995,197.87850748131774,125.10995797969542,133.5133078609013,142.70857089806827,208.82172478789371,3.8516635071438254,7.407692472932728,6.069837247309422,1.8109185094188778,6.033006306473739,5.4125704693813885,8.366198539863738,2.811040939082666,62.24344367465751,65.17750302926278,311.76350826640555,246.13470872964106,385.68193367840644,349.29577273388367,118.69550381511144,13.785231431460156,22.10527363522221,36.00815899991774,12.782643770943995,57.82001508399822,104.51764217262168,1.6307164252336956,3.2558905357380725,3.2783318520795097,4.561051491496181,2.516167488704258,3.24822026040214,2.0150788413507934,4.908427892678452,0.1994847109693743,0.8701169445856108,0.15776551204943345,1.3515405311803994,1.6508801519077894,1.0827248687208753,41.113714542264525,9.601398751673083,14.246691624464633,14.784554219508495,48.668543190238765,10.514981477088895,7.802911200514351,93.40071412951036,62.818973767736416,84.52325917845909,63.50124374930797,58.74328588843919,33.09223078335943,78.9787080236496,57.959645874634056,17.370026601366064,62.61688170886166,13.843944453036707,23.67337677308268
281.2708770189472,143.65077757301282,201.22837256804883,227.28027403668142,192.34322876262382,248.32829036720844,292.6959894948655,162.0616964209095,182.22886729599742,210.34247440399338,3.0973993154125083,1.972473093634727,0.6656139214989667,3.510608344601226,4.815749105594225,7.734246876891139,9.038720010517373,1.4001001726667426,179.33462794086176,456.9115819094307,153.2414627628904,484.64482744190144,407.85170313788456,318.7909288367405,62.600044638949036,94.52385909024628,71.33081647718218,95.40936846667769,47.356398147004434,20.551295223576012,9.998865922227205,4.660908722830727,3.382316183416299,0.3149243215599759,1.8223826944355082,0.09448444378571343,1.7455701514337247,3.2200793676859734,3.6871378471368224,1.9858223328204077,1.1548858689371502,1.4201905177975949,0.5296126302050912,0.39787695820629865,0.4955512682162281,30.774648608352177,17.937854719053064,35.172684683273616,49.08068998376477,35.86322549476259,5.581322609584614,84.62586121909482,22.946792057193477,16.339654706724183,38.539069322499685,89.1542873923946,61.23499091480522,49.834596719136336,24.748032594110605,10.939477157401933,4.6198937608803226,52.19119302768327,30.623791695917728,27.61260474833553
122.23949646123026,289.99223679004507,187.902337726582,110.22707628842015,284.1989042193152,198.51381415065953,121.60891187528142,200.66902612123081,240.80629051833137,171.31178423537773,4.647525500710945,5.7775684625206685,8.948364458843255,0.7092760379348849,9.335177591466962,6.646526532024406,8.162750052425281,8.209728550952674,82.70883532656406,105.36852712958006,216.17250181046575,339.3528565968795,408.49852766182056,403.8399243089034,27.328638902668608,13.028874670839624,90.03231737751952,36.01745546949196,106.76504757937926,41.20209500541422,54.32684178694551,3.3958639287303423,3.1288647646681453,2.1893160221952583,3.8758636049197412,4.501483089200958,1.4769533674827608,2.5950489632128444,2.366885035637261,1.064459728222834,0.5812147017681933,1.875790791802399,0.13600339515513796,1.9567776509546289,1.5758199957493924,18.95020568346498,6.731220328334923,20.88160168605768,22.2535540960405,24.30863669937592,26.288705436005216,59.80649334297752,57.919494035279506,51.46137644475518,91.48086592534843,93.54627375078188,30.598792973983414,24.765890102910106,54.35082483597519,71.09362119519493,46.86038996132192,57.593245403579196,16.00867862991797,29.135134115961172
198.52502085817184,257.2690028831104,121.13293685234879,151.52144406674438,238.91908545065706,196.6361726627337,195.69821402143782,259.28811230469546,143.49058644344717,189.46055125052013,8.19783859405662,2.2309138229594416,5.345109664993536,2.7727390048690745,0.8532387949785218,4.152514716735687,4.6456753907215225,9.961837897029499,321.6597740146241,310.3588973787866,356.28024636783215,85.3350656779351,324.93140582532345,231.48406111366975,59.862676200236336,69.02000214439812,13.768929899819149,89.29865480877835,91.85220108799447,41.810707543688416,92.65308888649949,4.134919367377318,3.117866425062404,4.566412846728552,3.763767053104392,4.136624349145314,2.3815219640140626,0.4888330640172399,3.0607365822322703,0.14605142891192835,0.16741846977682523,0.8271419418610051,0.8949975891579226,0.23341025343537977,0.6678381012006225,2.5099584870195795,27.28143778484591,16.157732932028058,15.149215855644934,45.84615728627808,49.416640169331174,86.98595487071684,80.43302395505837,27.723047319454075,24.42320596779287,67.61082918658356,15.526681011120115,78.28344633718626,9.03725220500431,69.0460775458184,58.66373909180494,43.59481480403152,27.94930455002904,39.50445950852294
102.27072895348381,117.8822004624519,228.16526293804125,111.90494006955434,245.79621233116328,267.6460842163601,217.11274575866037,247.89384664774545,173.33577594059628,293.10358364695327,9.306225455142082,8.630087005831387,6.726548672551681,7.707368604060697,5.061085038170947,8.964585840822767,2.5927056881341555,3.3624671218864326,475.25276155218927,492.960473842975,486.8977642483107,75.28110651233311,234.4271659148135,264.35494786646683,104.63773989535478,33.50569081725433,110.88795362406678,75.17972234687659,42.173380153560814,85.54429031147875,114.6159986447518,1.3628476920577939,0.7441305218872474,3.958511296337751,4.507261437543629,0.8790967277963955,1.0822560507430177,4.96855317033452,0.5426160432528416,1.1283382516461737,1.6884411510473485,0.140469692061166,0.6898226847587796,1.1146169285069578,1.202779044038148,12.004732795046655,14.98224433066571,46.9833541101214,17.748242033072163,28.97806064701264,2.1992039202508127,86.76355782278685,75.24076428591857,56.043684284801245,69.35406873037668,51.86797786913082,62.3449895305657,70.90352413257716,46.45110051365248,31.24911332868604,4.467520768545274,46.716931093212956,22.10822524923748,26.651151807458604
193.73212839882524,183.5161551569857,143.20763650191992,220.75909058987753,272.33818075746905,172.28075581343728,208.27488418148766,229.10687128210446,178.18348536823245,175.4696954460623,5.496325787312912,9.427635999447421,8.33258186651348,8.86165171301786,6.9008291697158395,1.7094139797684382,3.76616973696017,3.878048337348379,498.39954744424693,442.37430203551827,447.6379720059224,110.08973158317264,433.6920987669687,407.0969510209018,7.507781209305493,32.996247913305645,116.96487961208034,24.54957412602014,112.89106248511854,18.080447232578297,118.32967088550971,2.7235130477500613,2.723257391258004,1.5341331364513375,1.5432023558327674,2.072233155120556,1.4282108287261266,3.7657434660442872,2.8064534349778985,1.7536725986807344,1.803320537994226,0.1530286283514193,0.7053484195583362,1.8404484867687012,0.6158922285221521,44.50901081166411,34.602314229923856,13.508643425762884,26.21950962187263,7.184875937026267,23.325853291313337,54.5918690375031,61.88901169800791,73.8003283052844,73.57133504822723,88.20017922146772,58.62329891525718,26.930586714599546,17.763899337730827,73.58197690464262,9.048222153793283,77.87975558471295,22.89990088419832,29.930891185334342
111.26065513636748,275.823661512433,223.91759097956592,237.31798269852135,154.8143178684382,271.9589349623291,117.20643140658865,131.15465211603404,295.29130588708205,151.6453626519966,6.648515432704153,5.23308045192818,1.5880751625912908,2.293118803833434,7.939874730380145,9.955612841044214,0.3003387031355094,6.218571494301875,193.86815492348825,478.7163249949728,177.7920761073646,385.6887204661516,463.74363462559285,219.57357370142688,83.14872369733821,118.93338135347459,74.68426989588677,109.09039560708136,13.809334461194167,100.34289431485044,53.52647877000529,4.857267372277596,1.9364789879241116,4.6247793411663185,2.332944826517606,3.855039413660904,0.3197716353198601,2.1940932507413113,0.37756874936512647,1.567849055105785,0.4086942095670558,1.7948442808510692,0.9460130535449668,1.8968183812767982,0.9078189586748633,40.98973002283801,0.517046215234783,20.213752194784487,46.8667274431028,27.60172756671659,19.610481290839157,91.07814573114379,1.8691188262000225,8.12584145818379,27.3962919330616,56.77969969129095,33.80121877138049,9.7435163101548,21.119155889056508,55.04545534313275,48.552502681035094,21.992218482566738,24.97392022994846,35.23905185669212
123.76358325361439,288.946404458282,230.04021847963068,122.89752761318103,261.4141807733406,181.3609601903447,111.40538280072387,209.40906912311556,290.9332713758138,148.69340881335202,9.042408860165251,3.587857953670865,0.48205646318752504,4.689123608663326,5.8718846096969495,1.2766405269147485,5.287532357900205,7.212570599881859,303.51619218616,177.87339789687852,499.1169608510502,154.73473188190187,21.664961196588074,353.7836814508025,68.01629663130173,92.02967780253181,60.342997368336206,28.074023540077505,115.54199094760172,92.5158383713801,114.29419385359851,1.6003324561508059,2.218260706728694,1.654936018771147,4.326348066904205,4.9005109537825495,1.5268116770953173,3.0946610628347937,2.728827733025317,1.431722699845963,1.5954065821068928,1.4727806034828974,1.3709364617451276,0.5410070294715744,0.4942777879754374,28.955238990237845,3.454308423749173,19.42339403177821,36.89036049701033,9.458169210610457,17.310517505196817,84.8407798813456,72.38858401115658,51.57624235310253,2.696987830052744,12.6800542853874,29.58936675458872,0.01800389839627936,36.68284341089294,55.940623854341496,79.91799322009761,39.65293028312341,18.79506737125381,32.90045587826946
123.50524935542097,193.48030224997393,130.40497062572962,176.76777660899592,139.0481205912984,165.64662113566789,121.09668549220714,117.4893003599771,260.02751655041516,191.55292254082684,1.0756138289881298,2.4171719726732417,8.800923344537237,4.7562080745783435,9.098285666802395,0.24800471393196513,5.100072222677046,3.981092394555554,429.57115022679983,61.73206468753705,11.717285130218553,20.480534870789096,35.26188790046314,222.955160671816,24.499169352565584,101.24802620347077,90.26042181217122,118.80251352617702,33.2560856357377,26.4252955900415,9.07318192729933,0.810777616822039,2.622766859565594,0.37185232672443685,3.8951114761347276,4.756173861744514,1.610313425884211,0.4469883581584883,2.767951486926299,0.36498284373816625,1.5081900792427516,0.3027041300305017,1.2713103280721887,0.37357146430813637,1.3027148058108728,23.582961966125286,21.911734875707495,12.439318110726791,29.066927648457224,38.49148951800988,16.927248716451363,95.8122944561771,77.3242503278815,61.762982076225846,36.52373420507554,36.685600045750576,34.724446166228404,59.67188523814889,76.13476987008573,36.760467878571255,62.80091789157193,95.78253849279493,1.7992833957227001,21.32696302423767
229.8420604232127,222.68227784214156,112.26992542213364,191.24730179110838,169.06839044897757,190.7979822399398,217.1175367745225,175.47263535933016,148.33178416383703,251.9040297433888,2.397577920875034,0.5928319150781333,3.2178389518434316,8.74839552702137,9.42571532415033,8.91118712137277,5.299979601821833,9.05880221811997,67.55641567022815,102.28996791183054,23.538580346123396,472.6454381177743,479.78421548513427,214.6907353106657,99.00979052006588,70.77800881456146,42.761095517628625,5.840706195318189,6.045830734778216,87.70390390457229,90.78044786983398,2.5593211810410734,0.6506968972932355,4.9703392242728865,1.973398926513993,4.497802406384109,4.809547499793685,2.481555251911154,4.373449537952112,1.3497004500761975,0.4389125036785718,0.20372152639727348,1.8807970585988636,1.4763657006039927,0.9086102842685663,32.53356262684041,47.93011572079064,11.265098620615627,8.559114205003159,48.37512360758806,44.803131453009875,85.04983985594063,72.2849506625635,29.536745359721383,4.519614730613608,44.59209517353771,48.98833384988202,21.136374645364885,74.39864299002346,11.678504134013657,10.471022010386942,18.99857011860452,17.517627013822725,23.292719965142062
249.20897585308467,133.40678921841504,256.152317213688,173.8106043521833,167.12209085396853,252.48939173497368,208.86897752686423,182.70330605799182,113.60746281833394,141.19763683769463,7.1181100618906665,2.7581507543552046,1.3768911884789363,7.651710623470473,0.7367603096164769,2.5250397328229655,9.742909127223433,5.644039493366292,347.88656141546284,255.24249858754078,413.68185243388496,93.15957403350623,145.80870078365544,382.50075601928853,47.42173157301065,105.16664305028115,61.725409922087245,35.30058837143385,54.88792419960758,81.87901586879951,78.91579398286548,1.9452272327371323,1.8038437919220782,4.351412410673967,4.230168912231489,0.8002857475227069,2.9527468390747416,4.654853754929264,3.628036926358747,1.5559669182232947,0.9014747248921082,1.629168190869411,1.0836616659747906,0.1797497797248505,0.1306228785267521,23.579282328243423,44.59714367427955,15.467810931263479,7.892988889098148,18.36051993489485,1.439319435316,82.12038510011494,76.58091614899567,95.30034827960071,90.07537754021777,93.53690161355955,97.48197351111612,1.2582470101539123,41.497297648532005,21.6928457865989,88.75422738414947,29.377359504186707,26.830680944778504,26.244017653514142
216.67375301943193,298.2337252273953,191.96008475386404,124.2050000970386,295.70509367782813,125.20040557279886,146.74815840734885,107.96228788915076,163.38082754412494,241.85922542815362,8.255070172931767,6.5769342214586475,4.737766247162156,5.179464461843693,4.083468341459606,7.324026311722537,9.123394634202908,4.558861756418716,210.33339424528344,398.68254235392783,107.73671654819549,14.683511212553604,437.9510254282152,95.67008857844347,38.787233313783354,79.23141200413059,110.35736808365616,27.983934186532867,46.281599414005996,91.03389201275652,33.695013622407515,0.8062903916057006,0.32661330877425193,2.3350045886724504,0.24430065576968346,4.573230778984934,3.93903830282487,4.484038780694342,1.255266437153449,1.1875962215344436,0.9032400495847963,1.6387352023301822,0.9978828284776371,1.0219540411575971,0.15351348863185557,32.39308961559745,49.70344688906817,43.27969041159346,25.358747233771417,22.028435066197126,38.85836117531685,46.93604806769115,43.09148926788603,52.03028255068295,95.35252629340579,65.91854723058223,76.35646220262063,35.908527059202264,11.867115419240859,76.88316533360582,91.74502347897467,19.156692428599055,19.925636857626955,32.700796395900845
292.43450969490834,146.3343402766887,111.63275910109516,183.78955803749508,271.30744474958533,139.28384317440347,227.5548283691183,154.79761989399435,153.35890988676618,104.22996466988326,8.58458738047272,5.382807619961187,6.023230149390586,6.740397284670556,0.332244315039429,8.129052211827487,1.7009565054680693,6.502060256283061,111.0116185372804,83.57528565009886,39.776941514158025,126.19448516782826,200.5096082910873,175.90712625137107,100.23439706354362,113.80997605157971,114.90037390277637,6.609242169603203,66.99523559878129,26.726783876599864,63.341627578159624,4.443871399689806,4.898543970807771,3.3352188557200955,3.912411051785321,4.393440115625886,0.23643249137380906,1.6935304189608966,4.443246449517406,1.796223108588668,1.543932090779972,0.3289914956048931,0.5054874269121042,1.6130749309070458,0.9951552050957021,15.716502933177816,21.13309613077022,38.47060291784988,36.57108087778163,21.36407510851219,13.020192350894114,21.203106037792775,99.3752145925391,18.25170898459327,73.53799159460004,87.52775627958907,85.17397391654885,96.19984623174334,28.06916200239463,27.144155049689388,32.49568278494609,2.0495496358135634,41.769281799097385,32.96118433964859
174.9741159047408,288.54635482702514,298.97326343395343,250.23560956168362,240.23397231805194,290.2889651326184,264.0135004111299,291.1298934532979,201.1851600292788,183.7865955967892,4.209561050863832,9.446008654981181,0.4066089738828502,8.488815033702732,3.361224908006985,8.603965271217957,3.751936963403303,9.532758097666814,207.34927318624656,333.268450807771,126.20255588588608,125.16410568788551,68.35902822858424,119.84441560598187,78.43038031204144,37.35393739524823,111.61294834588628,89.2223085169413,96.62887896553222,23.122887047993892,19.898679842456996,4.953712313663352,0.6014548638124295,3.359428108504784,1.0417616385741661,1.890980056720284,0.5416181011057759,2.6615256404684806,2.870480897591549,0.6262805853912823,1.6915557209745054,0.6728887673884099,1.5352244488114979,1.1644839765819843,0.44812914712017327,42.00561228661802,2.8051400705507015,34.20947595092259,37.675102551377954,14.622348801846652,19.473127785469956,91.0708733075486,77.0786915872659,10.778826179928402,72.66845853138338,75.75917008399362,50.56495689035311,68.99428076298173,50.53557765301382,0.2253054335611515,61.60177918813622,26.982992504167036,20.87260868665034,32.957310304765045
157.14241725637214,229.9293297984737,111.55611219927333,114.2015329066511,245.41135232307803,135.09832547627147,108.31579196931875,290.7265215659379,255.5455820135586,255.17301304055738,0.9844650326894817,4.0231448986678355,2.8214670167451685,0.19443564485289494,5.414995357908961,9.91678293307525,4.297166176686293,7.966067714774884,47.22054061280926,168.5530259793608,218.7890754506215,216.78257291440428,49.41716810257379,185.9638720541226,108.29979462260481,73.46174776503292,35.18152770084161,84.74396724145357,101.87954224730142,32.195658381116736,105.23367235942952,2.8472250816430886,1.300038445339323,0.9804663313449972,1.437743330040698,1.9786677467359477,4.074539434704335,3.4899437851973576,3.0358335980844284,0.560074929504576,0.28007273064360494,1.5820495226903901,0.36747397480714095,0.4572252049706095,1.2115798914750104,35.2449357265307,15.644829029978238,23.126598135803427,11.68276200187479,39.811908261492235,21.297420686004596,72.25491864460757,57.868000527998554,54.16595491653655,24.089266941173058,30.986088652268297,52.612361177877695,85.7763702922458,86.94117786951232,99.701742113155,49.23271501847118,4.646744596223917,9.933435887869965,20.849589774454376
273.7198256378921,221.54735897577183,239.00704577171064,116.03600281638069,212.41455888051422,213.54546358621093,199.62598870960846,170.46541085050785,271.66458777577157,167.7465911548863,4.434036625266237,6.969247089051105,0.42471875534127057,4.088611307395481,9.116869812048494,3.010993129395991,3.669275886731313,0.496129992297731,350.7495028087598,177.1890154721552,367.97747251236837,460.991017435018,86.68887054942367,122.88366295935177,77.43662592218793,84.36510501274259,31.733939624927793,96.120360900817,51.141449955344555,47.0752458621322,46.15827983774951,3.8756370741835355,4.457551704249952,1.0082426794366253,2.471142069542012,2.304945520556252,3.121512251594002,1.7066462418704478,0.8532170324186699,1.7521825153910275,1.1696415463179857,1.098282934812612,1.0331524906589198,1.0253841689929302,0.8755643853668404,16.833793607170744,33.9506571826106,25.633822239313872,5.454925885939037,31.077552470976297,15.5842218266503,28.174786419852026,93.41912697466239,37.5238381126929,7.392557655808463,71.87089930641832,20.432466143702765,14.473909826073006,96.82546148133304,21.068223385037086,94.20237686298222,15.468512640663334,27.231474737783962,31.58076677756374
144.71916770389052,202.5377022033017,296.73578505268273,170.95425836719684,289.4181334217038,215.86289333238756,237.86208242053806,108.6200217896648,268.9728170821017,212.7474202890799,2.3842724430498325,4.944295200003702,4.2613203530354395,9.08170735604308,8.480887792407488,7.1314090850798655,8.00511003967874,3.3898681163256006,133.843907686742,334.3396877773839,315.9244080100907,440.800609711758,132.4476654850087,293.9087592324608,90.19403066219326,50.187790078197764,39.23141818187114,34.520332843425,54.43226052623027,96.27147281911714,76.9951141035574,4.296601464036034,2.4187231307333175,2.3532077097256106,2.25417516033917,3.2843163985224204,0.9630003323956126,0.33374729828875305,4.290290243885878,1.2882566616837596,1.547322144164882,1.9175112353780688,0.9005121769361444,1.8504219612528965,1.3433976875254732,41.61797268376034,7.190608583487055,13.723372851926287,19.53081896806258,3.6705520643997005,5.131163660852194,34.09957227556425,90.81983394580183,19.254709776838464,80.21046358609166,19.529973592387464,72.10458363010784,7.3288154619436385,63.74709350239135,65.53831488703938,50.87485329487358,36.268207006761465,17.888201675295633,26.219051571961632
292.64450788812223,146.13396234355173,147.8360208431851,288.345142323785,199.25175057647232,197.92489241004895,150.46238541393743,135.8189878656363,171.93511224461355,140.99584656518215,2.9828449044665795,5.174504537649695,8.961490287755819,7.429099005355119,1.3622472940526589,1.2424585969801996,5.287972931689111,4.758392381017105,162.58876607199022,238.82971557127792,126.43439660460601,233.8783319413897,249.37399342610485,401.1036932827442,101.19127806985547,106.16641797646612,55.750777924672924,56.09854421454154,22.040438987889473,89.86125281006775,23.25927292303516,3.5079002100489163,0.6868296355879453,4.5587499692871125,2.607644833280706,1.3115697237552486,2.029929075250074,2.5321538670218455,4.655515923932555,0.10274971898989872,1.593762128723801,1.0140190261574094,1.3507716689683662,1.272704658284126,1.909550830721508,24.623455277232356,15.348622848620051,4.178637734877922,45.94954089058167,42.02091358364521,6.159377017057022,68.60785118572205,81.4567065334265,3.069848678577458,55.91619315533676,40.81458117174677,42.15840057906362,1.1529763509722457,35.06864904974013,92.69220045749937,95.99658137120642,2.072121706895824,23.61415324334354,26.591022171410632
102.43089493796327,135.30560640110167,128.44987373743925,233.71452934458281,176.1035419739789,228.9490497153637,161.5541810586298,178.44355868670803,237.44686869213658,248.39907822523446,7.745448812691308,2.7509657145807633,9.828258873786336,5.474129605907339,1.0210007099348675,4.1274119844328085,5.763788188019087,3.2137239648701423,69.32983613831675,407.89631358273704,256.60251956928636,211.34095344598518,353.73397127723393,395.44039999677193,11.295058129642744,117.67736375697775,41.129252471075816,80.79805498647796,10.467975021333801,111.4269331120313,28.708957132588818,0.23033868506753877,1.9273103848163513,0.0598689365442682,2.7284302224033987,0.12451266290532398,2.6979757749082975,3.012162321758449,3.8772033409795914,0.7709496761709997,0.38118769641777694,1.386220081374474,1.8434807929176518,1.4708321923811376,1.104598656110982,9.144623804504343,3.2802251449705047,16.886507557663872,27.49567900713442,9.760867442083761,15.257490642090893,47.781730835367085,56.36949189837664,56.660008003788,68.1627530787175,80.60918571559321,74.24468588177112,95.56622900194871,69.34534536943787,59.9712734633937,19.93425505302061,75.29565659307166,16.655930864095353,18.38771192457099
293.9757653415278,144.09724181403507,124.27698788448578,235.73399133451295,132.6070673863182,145.96534515952368,222.72758059787677,289.55593959384595,162.566839504844,110.45582065375193,0.8477181516562801,4.6040126907357966,6.406770779685912,5.343480817647821,5.933746653691004,8.494919763794645,8.544834233980463,7.0318568522215195,433.6829658060469,86.40006973478526,463.8449116452987,281.9544523726771,493.335302477797,188.6054726289083,94.24563026997873,61.783491507856084,48.03447150999167,55.573377947136514,78.73972387702784,11.742399296340777,119.07498264236249,0.7965948162669207,0.5881812910150153,3.914703123387303,1.6643231782471697,0.7147353277402388,4.219613047395835,0.03914958460633614,4.704354738698581,1.7299263730478815,1.0984597719865088,1.06858839490901,1.8985316238466228,0.7389013713587783,1.5960193468211892,4.346766869174569,24.010868400316596,25.031395921622124,16.344938458172827,48.967982504601494,41.179548117918905,8.148256184636827,52.71010191467135,59.860023683366194,77.964106808623,61.192916191522826,40.905538131262546,30.020273535354846,33.623013582059855,79.90306150844575,34.553675769567995,79.55890137695468,13.464654894766264,21.252286533554525
108.63198239011523,137.2876524288509,160.6550295135191,172.383998167573,257.24113045221156,210.53245355534966,279.5870586887474,128.23981270743698,112.18110864703654,270.50852897510003,8.29305405305895,4.7607714704258015,1.700213168467459,3.5429239662839342,5.367967927341948,3.739814655985173,8.078688718812051,8.280064583639552,251.7876968485419,397.07465218584883,409.35381072204126,129.29246586616523,226.3383042116938,494.49259888818824,75.57624541270133,49.92367530249899,76.37324949388734,85.19246358656031,12.410326938559612,6.328972316631344,91.60493536075288,0.3642360638454185,1.009077825451664,0.2970586507361242,0.8843852899549797,2.2061783788081004,0.311455838555526,0.48692111395726784,1.5184765215705058,0.15190707211931226,1.7293615420891355,1.891634441801587,0.418818607610001,0.4581191728184737,1.5307778930002807,35.13048450804241,10.841573545906853,3.336995802706956,16.52006458278652,19.144825380627005,7.164068812976886,14.1447945745657,32.87079319745207,14.180260118146848,40.943426895226885,82.54125059526149,10.851718721390814,45.9504942340858,62.547345341660645,97.63717121488149,78.13452400961374,41.14138024183629,16.087082105930087,24.20699271899443
278.22862273961425,255.91689471335067,120.20916220212933,218.73215824170768,246.8887864151183,174.43465104937943,261.9848840605799,252.70316873364246,240.31305312058845,139.63927728433362,4.333923949659273,7.095760965314446,9.067908960993126,5.2531532830509935,2.7371386501572363,5.951844267302579,1.408894075920967,7.3403164423341885,290.35197011533614,41.47527154813623,168.36299456757877,35.57064606351779,263.91062174812384,300.9886387058424,12.993396599247221,59.272861783992745,92.69045286580723,77.90694197065085,89.39046373346743,85.4009654155919,115.62676502401814,0.05929923714386224,0.2696289362797267,2.396328353266758,3.844721334143657,1.4171928214367473,2.987644223943138,1.04438031153482,4.306984650130228,0.10617106369686688,0.7051852955120398,0.8574522749284568,0.5974527147076385,0.5857202368092469,1.851403098215344,43.323479808296526,5.0167773315006166,4.867548451826769,7.038308738498155,31.014257533941027,37.26067174072357,74.56486835123111,25.087797910394837,60.17380497703043,14.454658997831771,25.47035823500513,17.30536877858835,39.45236236017745,24.37665716956766,86.03634259297857,78.36107355933677,98.46659793742694,12.503830017232003,26.785860144079724
205.54022181725998,170.02505183334603,238.4322683388264,102.02623680554868,176.87100770482698,232.3334519258378,216.6260438199167,121.73650787493841,101.96551051395757,274.87960634166615,6.001032917895891,9.412335991942527,5.210853449680599,6.588293674688187,9.004585537082969,5.087357092873877,7.1677543824279795,9.894399539599926,289.02201471647874,105.08640132034644,491.3096350642912,470.2198267238913,265.6896936777953,205.70614787136444,63.48646101490223,103.06472575917213,89.58919280081045,18.184497347550295,66.99536667755847,37.118062016329056,39.02288399938507,1.5369220796986105,2.1967551978000084,3.192985437036647,2.005880983944839,3.824937639570298,3.588009248717553,1.7467809120847615,2.449576782890075,0.6343926519977465,0.9077221079324146,0.53661326483934,1.6421071079329426,1.1130374281445605,0.5066339477522117,40.46837843542991,20.855182569382713,13.519749027786078,23.92457493725482,4.352269135353505,14.79905160674974,32.856952848183084,51.23595169750865,95.19727547075985,79.50367993628954,74.97488324272949,81.15700780746833,73.04569353928592,26.698870123137798,55.79040886783617,73.21832739567051,67.8993914807699,20.048821128161507,25.453301948618382
298.5929592238601,111.56853531267927,112.45835962601254,227.21920928190843,105.03868279184587,128.2447086746299,246.04434355144983,296.2515154782553,181.83651749169772,170.50584826010345,0.9875570892332222,3.3602806470767925,1.6221181898188892,4.241794080445051,9.28092745366938,6.494920158009246,4.410817676130152,2.7982217141409884,211.14162612525746,331.51336010655103,357.22399621321415,101.48250258981464,274.32283418908867,419.4142468282985,14.482678968154696,79.22886893458927,98.65871021410248,94.81995892385133,27.83704249599959,43.41907298638902,23.924730811279346,1.967856242802983,4.035114247409046,3.4369287427414994,2.5341459036707046,0.5423834520408642,4.889680370973193,2.709845601924596,0.8279468426884887,1.836600070317628,1.6282811715390315,0.720604334533887,1.0847315486534663,0.632418291860337,1.6719212444913878,32.95472599599652,17.88565751652067,18.6704784928417,39.6724525864845,17.560832097073654,44.231514288048594,50.76494284020392,57.77817617119738,97.82956099897395,45.37656392284074,20.23243614418365,25.86164895589326,30.996488195274306,7.522558904112309,36.370293048207614,85.96114646653041,74.3721747980749,19.10334091717618,18.280176746252348
114.75931294707978,293.82052602816225,201.88442562995795,282.65738951524736,267.79946554360214,214.17548336789525,172.96449404155973,176.323299821827,165.87585386041513,244.53671489489733,3.4398548757370686,0.5177846389548546,9.225094027571448,7.1701161492825225,4.08585323956761,9.73165445493818,3.017024140318755,8.762396000741772,104.33965856468834,428.9135716904249,40.60018427672307,107.21635733040102,263.6929219811865,367.638266194894,89.63392819817057,10.148822839580934,8.70120636977125,87.8777812956396,67.0451385039547,67.88223298016891,62.85287330006556,1.2127383643562695,2.9339862017124787,0.3018115254433978,3.227036624572079,4.588151475518471,4.037728790678,1.4762761646107299,3.3473149891766716,1.812807404793031,0.26970709024914835,1.7202728879139355,0.9607656798758905,1.1297330961095922,1.820488719158905,7.498065252436018,27.10712797880187,19.969182150375907,48.4436552306034,40.21652088935868,21.702259532331723,76.66214782535258,24.452643145884558,88.8492936557005,82.69242308559326,54.53041723980072,26.43544225670693,53.545288261405155,42.014115221317496,48.24644491639596,70.25461729438122,19.230042366613343,8.649850246715985,21.742294081705623
210.77085688026415,276.7571769926851,299.33937077059534,222.51469366896384,102.28359669081473,137.05407107666474,228.19310561975155,255.0469077798112,238.67550770377048,163.84505955723768,0.9880390982469732,5.013321742456333,7.59894360215872,8.626199049877819,8.91399531542385,0.651781712363881,0.5951863269316449,7.689564385227413,375.11504676421595,133.81301759228103,27.22874951143295,241.50556113843433,14.299629980339734,377.1449150438112,67.84769709825656,67.34953970125721,10.489385813056948,80.4209545760016,26.044737409241367,16.77750915958183,61.88685245614449,0.3323771939507415,3.0356630743682125,2.0988320507460014,4.549093232310213,4.4776826279201165,1.3883742946907145,1.3881572338884538,3.4237601508223356,1.085647697022865,1.7330372507890586,1.0460832706730534,1.4501883595233411,1.4448046620147361,0.8462496638003975,5.15518176084435,37.57741343802513,6.335360281256254,25.328952497919783,24.121820351686292,9.00030400822009,75.11755937060525,92.26012436534788,80.70785808357405,43.76991467600128,43.353459445443136,92.93680900023314,99.55822649554675,61.81745200956678,84.18261681905443,63.608514447223385,83.74376228217135,3.9348511900222123,23.96819336320433
293.8605071238198,285.5504566390426,262.79405390120377,274.73971869326897,240.7399559258102,155.72861262300728,193.2363182255114,168.51821656222637,253.24909455207577,281.1823342469295,9.619282856522984,5.490167188276769,7.3438821999592,1.6313799970301257,3.9010940532034293,5.782219023266134,4.923770647419964,3.6855696998256464,72.25757002526043,170.32388685616735,92.5198950149147,250.89053897176206,10.845162833821947,106.10828136959708,114.66095680241419,6.989514115211529,95.77904047919237,22.83576472116527,55.45477886369738,78.90985790302571,25.118849082168605,2.654016823275021,1.0109143101153693,2.9233479299066,3.5406886273896974,4.544696516497107,3.5508001774525426,4.348053225627278,1.441753323645884,1.151150055165283,0.6911977617885371,0.7730793766542541,1.2436574099532465,1.4953521647235728,0.6962507697380395,17.578966339080406,6.072152453112008,11.678157049472045,8.777138334213078,45.27787243542913,49.299300280470256,16.701502688727388,55.727399673431854,20.936783671333124,21.70164084573061,55.6475857770807,65.76356228668494,44.40635513442363,78.87949438106212,85.33546101506403,45.89250130775121,94.50463980215062,32.05287049767527,34.467061591059874
204.61956883402976,298.9815645292871,223.04388764620217,244.79461109321875,294.0514219452114,143.74196006471664,137.98722729151217,225.53377543176174,160.81892719425676,125.32742510367487,8.09189032832988,1.7675614562059612,7.120888967564606,4.570315525892502,7.394486635114031,8.64398491457782,3.618823139172861,7.36783298220399,60.898157236617145,273.18916666050256,366.6493753445719,19.032762753363553,57.85649588180023,239.478910610592,26.060567730753533,94.53156766539162,66.30406456733266,35.81959161146682,96.94943636785632,42.391956316582274,89.32025050186218,1.3738634065861368,1.7260302778293088,0.3395672311569746,0.23684153569601873,3.7006538930306,3.8187566457856157,0.7338026975991171,0.1471917248215746,0.7308152215026588,0.1027556015231416,1.1340940414380174,1.9443567034005358,0.41290138535607757,1.9088682283887468,42.818089074739056,39.660716715395424,13.451538977148632,34.30604479024179,28.969352832014952,9.243408701880623,9.83938643990353,52.650532538214655,15.643518249593013,17.100501665378232,13.553342402827251,11.430755388435632,55.12715406997556,81.03485448376937,84.58549223583637,46.70877433293269,23.631016657379178,20.129100894688108,30.4837267503662
225.8797276270525,134.77904984389747,161.25072415732234,124.11168328073805,187.53226562964068,136.56755597376343,240.34765477545145,138.40321694800735,262.3254028889707,135.70395785451973,4.650364268128956,7.62859960213306,2.083364228854779,4.139398903722302,4.811827953722469,4.865688846309432,2.5899790927963684,1.1303519685406451,357.97106842228663,113.67067517975813,100.03207366278967,82.49782199924564,59.762735680297624,432.2957841040554,74.69384703984352,42.75591145738333,71.48617748264384,50.21535863257405,58.1207187422233,77.76223929461403,46.604416460454416,3.982225402769176,4.227758098165752,0.6841218374105958,4.194416213356108,0.5439298577031605,3.6513801445927916,2.4823460645300774,1.007237822836961,0.5630996578528387,0.5449023756070807,0.3531364438260005,1.2095518393477072,1.52581861278434,1.2925023620638492,48.105945380179875,1.8013540038214155,3.8479263719616865,37.96117146589212,46.46432367208951,28.597181150997336,59.115229296509,43.563838836614025,44.49476022853545,74.39217565591679,36.12278755130117,14.358527013193424,50.25280623108378,99.24444495071639,59.7224402750011,40.616149320424164,68.64642943863801,24.66250247419595,29.610174684696368
239.14973779692343,179.24840378053176,224.77916725832767,280.49066145716836,146.99468099919056,265.1421903121334,211.2929274697644,129.20420385939252,158.78335210098675,198.60602503176045,2.313665228404344,9.850798173570768,2.1889662479045082,6.905901560092308,1.3135732494211116,0.8774191408215709,6.977250123009879,7.914401475171468,112.33014002147208,407.4665681778778,260.62851691232845,195.29586109476344,355.39948538785006,256.9786237380911,29.331945475606506,59.28086044349288,11.047488924653365,37.19190649049099,22.100421604218045,100.91079500343938,26.432001557009485,0.05018258191015318,0.4484023597893076,3.321608457625152,4.9468815254863205,2.196306481134138,4.102518899079831,4.764595337511318,2.004889962892695,1.6489215230030247,0.2700512177014623,0.11018267878863257,0.9853502700597812,1.3781074652254823,0.8232853219587898,12.447362314930027,22.433544173544465,16.641935179190014,4.049137596443559,49.13919039712153,28.679680665758642,74.16328739312395,5.807129571686054,61.963175131855245,57.48891227939967,66.69038308661737,27.23674327202794,80.31861581360322,8.775572583696189,47.695591775761294,62.021179970382036,74.69410486633313,11.134456153208856,18.064463019100728
190.90821295355465,251.64769514081826,205.4082927823303,113.28876887115497,240.97420200867634,157.14151353217807,171.7243163907183,287.61282791362623,189.26527199731225,116.38768780762922,9.341205541973537,9.463169698383764,6.914100684429824,2.5736879060535007,9.286548592246513,5.649339588926032,7.717905334424311,5.370072965612316,160.31864816288785,389.08195605282276,55.69745888860755,345.0280398201641,110.40885593283988,344.89184427631466,75.6174732436508,96.84798217937768,34.36108713469615,31.19818342775512,88.24029840963868,24.677803333804412,43.17809037247817,4.214209985925176,4.291073961805983,2.612974600987352,2.367700276603197,0.6657128053092641,4.519612581306052,3.128816113089069,0.8461389261887441,0.3019602349493187,0.27553132329286384,0.6331108990176324,1.1313529879485338,0.12280975340054269,1.6044726697700975,38.22373569379514,29.577799200851157,4.0749678513976075,42.58188691674583,22.96778069615466,18.954265833300102,14.903992199541038,88.24013344598492,85.0678684008378,40.46029004646865,55.85307940810274,59.39956878266328,26.6839654033575,49.31367684458288,31.133805609566178,40.666392923299355,30.516917180954906,30.484355282748027,38.00467226216603
225.5116160168127,239.20412361075844,185.21667677807432,206.79349450955277,263.425628403117,285.4247563728899,282.26783801572617,283.5294555808867,245.4037054028268,139.19603694035237,3.5115062976970206,2.051349784354157,2.2752552260929293,6.438484058027535,4.595556274437612,3.3875315191558224,2.523416238391306,2.9936727098216065,242.8614588308527,81.192938863233,461.2342173367956,121.92504384764857,448.4099113302503,298.08752918678965,88.10471577149849,10.34161398786258,78.41074506182994,97.6161320686042,26.478367871051017,112.05040568516984,69.82075045802674,4.774220857940326,2.4236132310612803,0.8175250197287699,4.848255778908458,4.938618971877802,0.5011650462568079,3.588855344673248,0.9782094417156249,1.025973304669408,1.4163878948709239,1.2495108675887305,1.6362256517242493,0.2118571326705266,0.6785004130698586,28.906526236906682,47.87143432041998,35.32116323392867,41.55145830479494,28.4752503426015,47.59868533118198,37.19552873272748,31.699422644302977,23.196304113680156,49.2116756191332,54.89697589118197,75.28254699056728,17.043801614279698,52.137457540241336,0.3360855181929301,14.749431408659696,47.50090025722964,23.422098511509343,33.18726909638268
216.86286238462003,130.779181267971,126.1420753480399,128.42742475869153,209.28606321556947,293.9853050690382,104.18682356534666,277.4937880425765,238.58404584495773,288.75327644240286,1.6937458737050102,8.766096075017531,4.442849798350183,8.78714349314173,7.371421699191796,1.6339236748455654,0.5895296231255379,6.592195287663383,230.18214519747764,237.27656859014974,178.54070065594811,217.2770786584637,465.0171014927395,422.7548259820072,88.06499787289694,23.232276593035202,103.80591736272775,78.39670833142327,89.93323555256258,66.02913622218104,88.54415720075097,3.583513965136312,4.187365682312335,2.68084429120452,2.7411704242923154,1.6718617327593799,0.5327716498287831,2.1618725870391295,1.9630394152675252,1.3053547930444604,0.5065550377142232,1.452193462356636,1.2640826078919196,1.3278740535347227,0.4351744135327379,2.0744646703581653,28.90918983004766,19.609364444586866,23.890782174936337,41.828571840937855,42.271790839380714,87.02779959676407,64.24603344682944,47.96479005203326,54.96386052865398,51.08301121312544,27.4496443453197,75.4093158264862,80.45334263778923,76.44852708609558,10.652961620864676,9.75390935807241,20.41588140082559,22.534106333734602
280.23160209819775,263.16662499812355,277.32084304809337,102.34132214618081,293.40705505122924,214.25209398741947,163.15463024989918,225.0866900333187,297.47369446244,295.29793222957744,5.675327445694153,7.074487000475679,7.841818073380019,4.239502837956865,3.7350207628697927,8.505441681506383,8.502651735595826,6.452037987272649,357.2037712818496,389.66560566076447,454.9847077147091,283.0990817110687,488.1877355689904,149.43481148318529,98.73350892850014,50.765443291188205,110.45309067586129,70.02929512827879,60.12551325982083,111.13669299500636,60.41745189661072,3.670883885660207,1.5968520327780578,4.564334943487634,2.303483819401029,2.9307994040314096,3.9840359439655235,0.10946151392740064,4.809315205399717,0.29699255170495553,1.8760104896562666,1.6705608360687365,1.3293913736347636,0.8290374091710483,1.1335423080156406,27.37435932168052,8.358085066933736,16.674243274229546,28.240914671485484,11.465883774022744,41.57606826149298,94.4223141560321,60.74335589700354,64.74402419568459,23.9416441825796,94.38849100388784,87.06420374149644,41.561818636865425,26.635851558884703,27.699828001405468,92.44722752437778,17.309480395950793,24.552044259717068,35.74963822312192
109.08927606829158,144.88811436733215,189.9569297642645,184.4068520255278,110.33374433159221,128.60022453314528,111.37627955552931,261.65364224325566,145.03220484318638,175.2518658660844,9.44336379141368,4.593080981688424,7.861129929168626,9.119055429794278,0.2869206979047232,5.263835178612104,0.19860143792260287,2.1739136049240373,315.48157878724686,175.29147024067325,472.9890645361667,445.4103223654131,470.14983939463986,291.9828861643188,103.15827621520641,31.441393807739466,62.5482420210344,30.984561748124193,57.18030229584468,28.888959453204485,65.44342383026296,4.668475934897638,1.700826328399274,0.087782048029066,1.6637097759900008,3.8991713406786666,1.2693386578421397,3.234190538152355,3.8235751418841653,1.0872534813974577,1.0812446385234775,1.8606607628494924,1.9457338720695248,0.37759759919376523,1.1758028853301465,40.39404994797308,26.118319364523504,6.762847489428541,35.8136991536905,43.15066390216492,48.72052080375916,45.406976094968435,58.44868253845268,44.55938545344191,37.816557969768915,93.45696979397343,10.918017888414855,91.37260089766872,6.9372319939467015,32.967789538533744,2.4738907537883104,6.157052364719473,32.28914514841423,33.86128615993346
156.19263791844605,144.7635229645246,138.924502364153,159.00814153083124,200.95911966090563,174.90964867591626,253.30546324432544,113.80738738227498,232.46358270791646,284.65720420278717,0.1379198759531935,5.452048843814818,4.58729154800601,9.932321015441437,1.0952505510491755,9.33943648255276,9.377413689822573,0.40093440663410873,325.7541195181142,320.2223431316885,13.003037183703587,169.77454614029043,143.22527774007708,70.38498732480394,13.88624852072536,43.858663964132255,67.72953676489273,110.57880466089375,102.9150293536096,74.52470642948732,20.978782633416067,1.0532657136487422,3.7605082929324825,3.2167425296944145,3.291198830408361,4.603874260285971,0.30212169553088897,3.163302164326339,1.605544522120555,1.197290447033642,0.9741866901143452,0.8830134592330593,1.274951420408369,0.1843534624223032,1.6689183163079424,14.168077775529312,20.0913053859751,11.711930944522344,33.99903219061154,29.800046948674844,23.126912240717683,7.951593403083301,52.57122020115841,45.41936770792843,29.241146510973504,36.01449727982943,20.759916804317957,64.41592857933976,31.375881026841967,84.34812248470439,10.546726180565248,56.01654905452938,5.21617897952908,17.428114164517112
290.08229681531174,207.3948845786827,173.5518701754579,197.20009875952059,243.69078946451,259.5464526696428,240.42149082275853,166.95780837813584,221.9363816551555,208.96493513468636,2.4574359482145876,8.511041732326335,7.942680388924926,1.1503112944847256,5.012572846950252,8.079563395570384,6.313436752428788,4.392863610326571,359.8866220211741,34.604429514210636,237.4262417273787,75.44355027310692,259.7906539047211,348.20328058273924,44.47572306332647,119.79009485763348,100.80070757293394,26.98604949619137,86.48940529917691,51.44701849221454,110.18945634144669,4.972882185360797,3.9271309052271786,0.3775156686806563,1.1568038984199727,3.7801831519483864,2.012133613093223,0.5610339059520322,4.758504303903556,1.5107425149639933,0.9251386846182881,1.5069819191591638,0.8225419718356256,0.4028568472776186,0.9683519745388169,44.919400386537816,24.228100596212062,12.018907842486618,1.3185309205638487,36.412256701534005,5.31069589319145,25.769645620237736,18.14398334313281,22.511716102827904,38.84238467456272,35.18950115842048,97.04649211428776,56.43431117117426,98.39278290642609,5.225115712262063,44.53048746455867,62.52628972772693,26.747936585667528,33.53555876474356
278.05275677818327,218.58798696834063,182.82595050578539,215.43997734691015,272.5280942298358,173.4781457394141,166.2704437472634,162.74062495143124,283.019690898006,153.94849317475342,9.390631640063036,4.853335902419894,8.402355782360761,2.4072265610501007,6.930647135550988,6.960420758359307,3.2862816884930712,5.73816750650977,153.380236437498,308.2574926593658,22.081467296377514,249.74339068982803,95.9729353965011,368.66424079282893,84.01908984137765,99.92266032098823,66.82682908594577,96.41935727483786,8.784741649818015,94.03555198294151,111.80328276908511,3.869671204858924,1.1559269431708323,0.04218272039385723,0.5336217503868775,3.3757738560435255,4.10118579001213,2.316176970986911,3.231777493371076,0.5461884933803124,1.4159165153761004,0.24187856737631883,1.4135194513243134,1.9192765322110716,1.647714425060149,12.194890140294527,10.256302225624818,49.2676086362285,6.560547540500046,4.4527741218405374,38.39006830976479,23.296992031553298,28.060574104796554,98.6660904911076,50.056221351790484,55.48984565730611,13.474486365365767,7.045705482587716,89.94411978245863,92.76203314574386,26.29262669043798,91.6119583433733,36.05458652076302,36.78985330922696
191.13135055714258,216.01724156756222,265.50757911337485,108.74781446178947,135.851122381558,117.40344366055774,235.1325804414146,227.12906439052264,131.27242832897502,240.47974421611974,1.7937510718859044,3.794752954140756,6.582279937714176,9.508759539672722,3.413879733134863,0.14975248331658816,2.5401313048096887,8.778392255868924,167.9433227822321,84.79996020029743,455.2594554884239,375.89358482519043,405.04273103449225,30.99028738260922,62.3374230499894,106.64870872041249,64.4387304367915,116.1673566711087,39.060046179184276,74.67952846952907,83.59405789807042,3.6355878345556905,4.864627910861309,0.7617658984165627,0.14591314189522828,2.335249092370375,0.6415594688317622,4.577491433881596,2.282693726754299,0.6573222562524407,0.959299248794856,0.20930699766695218,1.3529728542568917,1.4823747189848424,0.691513090761843,4.285420065880688,25.290938594407955,41.84979428567042,8.548232511171662,38.42629033094348,19.350222682870722,23.896372054105697,52.41880712703001,47.51932834074434,17.33575390543659,9.56062841392078,88.81113077238109,73.0411905137798,39.52469609466516,0.13619224385064133,40.584890040214596,54.21848106236015,14.573774373107684,25.049080371387944
224.02651956030735,118.29736747955097,246.7228761122804,124.60065902474912,260.00069635273627,211.3569821856376,179.18744523918997,171.19155469412811,250.3596327173866,231.78036131497143,1.2211101712342167,4.983150180957259,2.36141593785336,9.58744409616573,6.985335745858738,4.3354522207186745,0.18915607621830494,9.289346276911184,224.61889646882153,416.98582930608114,264.01969691994213,63.83128095583938,445.3315355206071,341.1375721777127,26.92773387680102,112.76128286006417,109.08466434250967,88.61566386078715,105.15587599773833,61.86927755020662,7.027612027412841,1.8118419891865107,0.43160562018169646,2.120304092951057,1.4689767624491663,3.030946667415115,3.362491439304293,1.033373311540156,2.3468179927861836,1.1820901786027636,0.3443406768278645,0.33711618477369754,0.12631050746212563,1.1026402997751583,1.1931995841378047,8.41699581725842,7.9269683323984035,1.2554834358548654,37.90595650906889,15.883951776396092,9.922085014274156,49.388170537925,78.9342451596926,53.27419454054919,39.351506264888805,30.30067007675159,70.39350754040954,68.60403655129582,87.62719987450606,93.91691148254061,11.744738159388335,26.061137080809992,13.767203948360835,17.51200127292465
155.47623659622653,275.49217252607605,253.86097872826795,211.7284792900851,210.54141514370906,269.02417029920696,251.25075828448686,129.70135632873615,213.65372325375367,297.82506382174665,5.744853436418064,5.833385059946986,2.8127166258169205,1.0673020263289092,7.016492335376364,2.05511418835512,2.431167028407684,5.335171659751987,160.6564647864278,184.17023715443446,46.72256622226344,218.09491093151058,427.1315312557823,213.19817554123532,68.56160056917027,44.2076262361325,95.84226292142621,119.17875914623242,7.1075093826978435,109.993321739566,66.7635348288825,2.7334296521739967,0.35182978587963315,4.013696554919945,1.9848964525135209,0.47987740617562086,0.028043150240122806,2.3108827856242105,2.0596148944986052,1.967940178965067,1.7723271432174375,0.9522812858784484,0.9879256638930829,1.8889269501037245,0.49609827991136,41.93164200168546,37.33013249419806,31.033411243039748,22.284136363172813,40.35899770406718,24.420743489402543,58.322565169157116,43.19889706504186,21.855929128682906,38.54944433069235,23.086756580117274,7.308709064170671,64.00719244871547,3.275448411665871,45.475849108341635,13.090693684737397,5.94735465911188,20.147722326167546,29.214003342430768
137.62423194475227,153.1200085177412,102.20625288572944,168.63347063453165,179.31073639799263,259.1852774287005,190.83673254734123,219.29341508270875,154.9331739575811,153.00945748185666,8.632253850618817,1.9718687724056536,3.21692743854648,0.24848515373365315,7.068965482545526,9.11689931938379,1.463510185019697,7.562654489308595,492.6195557957231,147.9613927368159,64.03559685551777,18.714719218616878,222.3498048614491,70.80746929374435,51.85510006810654,39.16385014659436,109.54334053154888,79.87087845246387,67.7041463201266,48.36846237974323,77.36018179019055,3.2730497634840017,2.9815660342776527,1.4161096280567478,2.764862714443426,4.4207734843867,0.5575898615901252,2.3109048941505965,1.172630342204239,0.5132370473582174,0.9139511629587515,0.5014347331476249,1.5115168454765586,1.2763098315950474,0.8323473067415331,21.15664299245665,29.898359881167096,13.167549772885225,27.502380006147842,25.703050645983993,46.323087538274585,12.250958867993534,20.392255304613084,51.413671833181866,28.60038168422627,22.33896683364285,48.370682889994384,26.790952357069052,31.420407746420054,10.212262515181958,80.06579087251153,88.49530527508368,25.57536743544174,33.74465355560432
192.73968098799645,125.90298425656084,183.2307996359523,245.8346975098896,126.34300571581872,135.02462802607064,182.45594556633313,262.8767841338163,194.88698282943483,234.4119005323471,4.823387195169868,9.018986529643207,1.2563606665661249,1.6948902302385804,4.975966354803033,1.8283814482959668,6.160445585159142,4.449102396047169,408.8854439465005,422.03559858862764,197.91942200144214,26.443999007153057,381.75020349652266,215.75469837224912,49.85440193024509,31.917186645788615,30.098411299832687,30.007939514447923,88.69995195500354,30.29772356329087,119.38523564018266,3.1055108779729075,3.616476431180391,3.1321093298199054,1.470821627683162,2.7234487711110282,1.7607432253847495,4.055699726056716,1.9392946391463917,1.9732172715345817,0.2406086938290547,0.64515738968185,1.048178769670145,1.4787258577332678,1.729325425882417,39.948805399272054,4.387120733793273,5.666657976569422,38.74802812632647,14.09340957337384,8.982172441224106,88.93560065283343,8.794442480542596,25.534955853430674,99.8496324802452,63.850552589526785,51.897935314480634,94.67393216744445,72.68118479875444,67.41613672411873,75.91087441003039,47.88580785280534,24.883588925255804,28.155746825695523
170.67044560521055,277.74961597379547,196.26883032706473,230.45832971838794,273.0591517817825,234.55292288249333,286.9459830976602,176.42469889199464,166.75531941395957,110.40475100588938,9.946186141176796,6.774450793413177,2.804280241662457,9.960526555484257,9.15737288620289,2.9319945114269266,1.7488013270786331,7.48621335007164,90.6807972454545,34.570571305187,470.71475450771584,246.64714797616614,57.81379309237202,105.17413555083503,98.12167750510135,100.4634448004341,65.30318096536602,28.439241777398802,76.51344983072622,74.93163648799054,119.54769984740163,3.527873346003128,4.80482178483262,2.0616716233969803,4.920457266203202,0.21027390167036408,0.427175382311826,4.124633592943928,2.6442029563765286,1.4572508128035144,1.1057953762457462,1.330972329673375,1.5812801582772398,0.6370384551611569,0.5103775675279345,26.79603651898496,44.5359161624845,35.427188274427856,17.378622318672495,47.661605002571875,42.51059135387222,61.997382328111485,66.30110034940242,20.233625138346646,7.3627508994291375,38.43503343441493,93.21396314158376,32.165512703282005,22.145225101683895,89.58564257212218,10.425286572461435,73.73219894423212,29.888725067870052,35.796903168883375
216.7312223701744,291.1302996459507,103.83845536461133,269.12087259798136,131.45464163594306,144.10085268712942,150.17581997814005,126.45374301969633,215.86268055769216,122.72920773934388,6.8237998254261285,6.36936228164114,2.174240320694068,1.8819962044458,4.943045528008094,5.216684000571542,5.3334353916125306,2.127535096897753,12.74113638211606,204.33831167382894,349.5254842683596,156.11667609395542,29.71993760343284,213.62417074042511,51.873808390700844,83.14846416279627,101.88429478823616,42.32489268937978,92.46120324201019,76.76327027487358,103.6252920624391,0.42108487800126904,2.030679446186319,1.1793156419103796,1.4658083895234264,4.600311607042888,4.231049320511193,3.7987544041203254,2.644856480143803,1.6695559322970441,1.3299590310658365,0.7811921397254074,0.9566790232124672,1.2190655028194721,1.6394549795086086,24.287676677324356,31.0107904284741,7.014474698683287,37.57006625227927,38.37058868671921,21.201144609948308,59.72517302680054,42.33399706211646,27.572225094293444,64.29511392857357,17.116437475830626,42.11045930771687,15.223095675393427,19.839095148730667,43.807281684762,66.779041489902,1.4649348595588974,17.566533776450722,25.42227060333162
115.54692739299696,272.42552345309014,151.96264174900685,238.49856533384505,161.95757184181986,143.64150691043443,124.08946799931309,139.3376394625646,277.8001221629332,100.78367499021866,0.8333415813834326,1.0850126391883177,4.607754623105161,5.075221306548029,4.557625415616718,2.7072998280809846,5.942152581210261,3.773540874554961,30.96380144116125,191.30173488176538,435.13324443267487,424.102576512652,379.0858430112928,198.32612369967856,8.042268130248779,32.159777985530894,17.78200015871753,5.819952325415697,88.45456262519576,55.49588148076567,12.340564083003056,1.7846856798301671,0.13620413085826924,2.5760931002714647,2.2104671883475793,2.4516168494459745,4.32171181069589,1.833616254349486,3.8110671420404647,0.2703184096490445,0.6236066818997412,1.1590059596642421,1.9683110355107478,0.37260676416589644,0.6374561499100717,40.442200998877034,16.147299228827656,22.465168586721916,22.393814094163204,49.29146065674552,7.271698044805528,98.72789983842841,12.537089262264189,0.2759648505280987,17.44386065364356,88.75718449877596,44.67636154642759,98.72011549350138,86.18075459643734,69.13579040306664,60.931132335548334,48.81389226644176,2.770308448423093,18.640102024138717
294.87896153323334,261.9032149449756,252.057964624427,185.98621547802964,158.00910639248738,274.81435466103704,216.90862265189162,147.4966610338768,213.86099688244042,299.8921362119346,9.929038103651557,6.081321987908659,9.093531723935422,8.499335491662059,2.0738701082052073,2.1776603050633,3.050612813634454,6.378857188254786,129.59109101103337,149.5521833822799,189.56375670659003,305.0556100019626,218.424084421055,371.81190209866816,11.677283972475497,48.35429035920231,96.38614774380561,83.39532405952598,84.58352994260804,60.96015502427897,114.62678493955394,2.1756600828114308,3.0184527338375706,3.98934780695939,0.5253480660041827,4.344259816389399,3.7802978084666257,0.3694642558424153,1.8004013072151894,0.6707983561182013,1.6206467745803004,0.8835671377995252,0.6564940194873885,0.8685179758757732,0.165530467390962,21.462636779762608,2.7592987766018604,31.79217565957625,19.170419294823226,18.541259971404088,42.494924047438495,62.81439774931253,67.44668799869838,57.01511120016839,83.95239892851824,87.41486879377942,11.24837547863783,74.62462791237681,61.59539610767438,97.93627201892939,71.33627226802297,32.572262316649855,32.44021586551461,36.06281427032707
297.24214889592054,231.04839612780435,127.4219411457998,234.59332447888647,274.28280683817087,149.93379054804603,293.8643624568358,159.97951859890725,226.34448366531683,260.4547394294956,4.138152944123885,1.2975105561610742,1.134355135864185,0.3019759458132428,3.1457853648277316,6.031083318517249,0.4471429952853152,0.2797638595100804,66.00273006005972,456.75962268072374,31.174712779499178,232.42715125406528,497.8191397223889,389.3656235015158,103.46806479453633,63.2718528522718,26.04193909270999,35.896795232200176,99.47708400645,115.34864264448849,75.4560434224799,1.3105401963960828,1.4555831427878716,4.164136926580159,1.3105263015520074,4.2858708914847305,1.2199733606641312,1.7539200563478305,3.5868221662267223,0.209698931336864,1.3725741074709912,0.42104158548765713,0.2750329554775397,0.16315661747455923,0.3088756831080079,40.20062018778523,31.795221440695837,27.947490429671937,16.985344570709636,32.636371860311115,48.49620688897571,92.8959149301185,20.757873085437318,38.748000552284324,91.41965360093009,86.24629235322352,63.91725634376625,41.47868823261813,98.90227183120358,24.070082371300504,47.444890456247414,3.0331272613826843,18.068701224902593,25.441791819450646
239.63234280394903,210.17147412182786,207.06202629051833,155.0762348510837,234.5405988417796,152.64946930360225,175.56784274543733,228.55901410126182,203.74956942294187,257.34460294670816,2.945285085070277,0.8791069844344507,7.230652447079216,6.0844409243587485,0.5191114759312031,0.9804022752747362,0.46881341808054144,7.252366972355644,271.33567629736035,377.9549128231939,487.4156422301629,209.88833181660522,57.654565769210876,307.44404064842786,115.46909315143995,65.73610658648167,97.93365682331194,98.74607171366657,79.25442687169691,89.25885451063215,97.10197860510564,0.8714100786434266,2.170406134765057,4.234132464067411,0.25117737754706554,4.080600421411003,2.621002905447499,3.4021580943439846,2.8946782754557363,0.8059392905060329,1.3356482216024235,0.24063798148619883,0.9170224221927848,0.5115933664070929,1.5171711361094975,5.482777165690557,18.985292936742674,48.89264036598578,48.26476836687295,30.773639554254473,14.917900433833076,28.625697235979175,50.90160483036771,89.86890191939302,40.14779826089588,39.074494225779276,21.08969758890966,93.59164308887068,13.46696762791485,82.04494569226881,26.998682753344085,77.56728070724583,12.28727525178846,23.48370323294287
207.21927326882408,117.39735198228203,143.04037440344752,161.26269975564253,259.33627943827446,100.13067815225992,112.40735272575631,220.18909690754379,110.23310128909517,201.94521505763595,5.623003917421067,5.320377866859694,6.9041017436899645,2.842551943809281,6.371999406800085,0.6758608113371547,0.36083858871978436,8.371801462554851,430.41765913640575,41.322350454049996,18.41476542456108,253.650285292886,429.25756395226455,21.116552669399297,84.16707369240638,107.20368878344719,75.38010781903984,46.304854814319526,51.27812683955294,17.719201420496354,51.82717771387316,0.7032481247651854,2.447462716427177,1.6994034846493473,2.801948080852267,0.31640106628382686,0.9291007423616233,3.516705406700491,4.809608568588904,1.9644503538480986,0.899567410448809,0.5488398410887869,1.1292471472604462,0.24225039590308192,0.5979347603540817,31.997385369193196,45.427096191485134,39.39425934956487,38.712683830094456,34.534058682905744,15.525042387182408,24.012949034649754,30.618797507686047,4.070717361252118,82.34784494207096,5.698245351045239,7.753325822370682,9.111737436619727,35.61284072331466,29.523710934717663,66.36791693565279,51.290165289361326,19.4004351313533,22.932719155632725
161.90552325726554,181.69064261413973,102.42415492877865,257.79703198415865,150.0935797584998,274.13380682510353,167.86105346191349,239.21597231340783,146.57171137521885,160.013416581088,3.112645159026557,4.0875767870603,1.0479665667672409,8.637115672753342,2.5605038648782195,3.785228422342107,7.417334204651808,4.05150244483012,371.0076082474814,360.1968502231275,474.3493100097336,29.815027294204057,245.19170210920595,466.20091674478704,46.90235382150922,48.765105288929874,27.22213902075972,60.194996748280964,59.26954764017757,29.394958150120264,41.761989191977825,1.8382531273603597,0.3319179275827888,3.969345762931608,3.757812768830834,1.2428625606668022,1.413579465864823,4.825351045288828,1.9325717809095737,0.3000188181920431,1.9276390726814467,0.20963089203298427,0.7632780901966768,0.8367797570637395,1.3428766252584172,35.278059299323246,2.22645271935164,38.82257211831074,1.499699068289704,2.396670019045876,19.83202616047669,51.65186868244531,93.16900644340004,4.320030085575011,24.99094493500604,10.674201789443604,99.6919000070794,8.766121642655778,31.121337180368446,42.63375999901599,37.1357426522822,33.31802429911309,11.156326795148772,24.761908866524813
262.7590039413897,174.5377034024628,148.24029151990828,189.28390328031645,224.97481992139979,258.51896264182693,201.18633086391168,172.50039690630263,198.40034588641655,130.2528568925352,0.955929320489508,5.92922167454661,9.233466808567421,2.906265377714384,3.1111370194061045,7.234578099627837,3.2482960776615517,4.534629930053927,115.64844091027331,268.376575233109,190.6519376860809,447.46874464612335,415.30359579689974,346.25430724725936,112.93903631639365,109.48026350755892,59.43573062327213,116.05422540444246,87.42335000836681,117.19131296008928,58.27307673063792,2.4722740858072036,2.435049104974873,1.0687704909934503,0.986591973536979,4.3789838836024995,2.5848664079472177,2.2736697449041054,4.507070156661343,1.168508286505279,0.6209594191035704,1.275362723790633,0.5603342042241221,1.7017668128131314,1.4284779152387428,45.005321109016265,2.435570549441045,18.101972007011046,47.89206658265098,14.940106531930018,40.79945304080995,50.86089476366661,22.82880662711656,88.58735173125835,14.006850732926157,27.60480797712992,26.96296279628052,68.24510186285855,88.01322377189096,28.176586849726082,21.895290101216048,80.57984839073993,17.034560174825142,21.534027038598598
236.94623451077587,151.95075675206525,295.1747509820108,259.6760681036705,214.34919662874972,225.4657870181356,132.38460132644275,264.7995303759957,162.04705674894095,156.93494776929273,0.11414059648384953,0.9832994637666621,5.727874801352514,6.898881630790898,7.7310637644767795,5.592586906912085,7.98337184107987,8.527693900943657,205.65663545263507,451.4252682567738,14.944298460721946,499.16854630963957,410.392368263371,26.75577046138253,81.22235493320962,55.75726943677581,83.41909414298874,32.849794150436864,105.7751934116813,88.5435386862561,21.890568991415094,0.3242524363318369,2.1373351373535305,3.6947412552019876,1.845875579702193,4.495965369699948,3.6777189042193807,3.165853558872049,4.105006311018465,0.11153418334624342,1.19764045192936,1.6118634427855907,1.3769115136324293,0.8180748020556008,0.7557250824259012,11.60403397645165,47.490314701893304,0.9155768581650141,38.884261671470334,45.51220990264496,1.0156512386052408,22.648364948389688,41.991852154202846,12.664464220434123,31.587826640261095,21.997000410865464,14.105316512880394,17.79720483788435,25.529652004301063,44.60117484341224,40.86290137192832,44.69234518501665,5.968749692971527,17.611363262941538
132.52338786897826,244.684022737717,260.3074223765979,264.4844747336557,266.5660753576542,250.05315278776845,231.6204436112984,140.81753223115206,136.35271955223885,175.19424438582783,4.5508751939105965,4.366732322187858,3.700882659243274,6.7747743612292295,3.3394897132983936,4.28647703782111,4.374154956044206,7.77898088972773,258.868162670326,163.34335250069566,347.68704354500903,98.92869118076234,458.8360806674179,411.2281206149177,102.09835815792383,90.8328576011207,77.89308360160737,87.94422120442005,36.30516209657421,110.23018950663511,46.0626059566302,4.732825892006842,3.5655958837801,4.742438287100357,0.09291497136853122,2.295763623220342,0.4823253581642594,2.700562444905433,3.19194478010139,1.4540973504837191,0.6872047991979734,0.7455074596510616,0.8165376897268789,1.6801152893898224,1.0023460757011664,30.40888406459615,48.26126031113556,36.85334101869907,7.88414836548565,21.47909271617523,11.585849311007951,69.96556568999478,95.94935968280058,0.21601041240018048,34.167401389104725,87.39856201488354,69.94903745971763,91.71395151932842,35.346099767417,0.5089032428282514,76.3269835600954,0.34979563683013026,20.95805739892887,29.770733004671
282.1854368987685,199.17514701575416,291.9153288642067,271.5124675322568,281.21741209625213,130.40971348489836,299.5498778020401,193.80814950363077,200.82656838368766,251.2620193960588,8.384947880043264,1.8303884789470641,7.589731976603536,2.2927861337104365,2.497739330930108,5.700940485823366,4.584681198216642,2.9526799414304126,407.0008662566344,291.33937980869564,490.46474897536353,68.98765273956367,155.94650553019036,108.13041581181811,93.07301496425607,111.97924679828144,54.133427566646006,91.83854577012298,44.33883153667314,39.944068358703035,103.62601247335203,3.8285641810751843,3.2318728969495996,0.07858173510787637,4.199215058053838,2.2058069235944693,1.49051652116415,0.7615866149650545,3.2760271890431647,0.474666115506878,1.5151290306459526,0.8355110051694806,1.2996002052912101,1.347346793899886,0.8671574718660401,21.94619990261654,1.8732402252456106,49.98673817263578,4.278737207860198,48.05186211453659,35.44204064976314,2.963381923669328,31.87251799383154,17.891386371301376,39.735754478557894,98.63581803892595,82.16821559219018,84.03591742988709,14.28338756754275,30.34388473302715,47.57931965362019,94.44476320383255,33.38079415602948,39.489577365394155
264.50744858463383,116.20924318152959,197.5708087852725,283.32704716824145,102.43135429547736,191.66471891751507,190.34789519628876,260.187744308286,164.56195868957008,207.93235778063047,5.765920337737758,9.872290850648755,2.647918038176177,0.4445120786966662,1.773671716423687,3.717969698067409,5.17753776484478,3.307363454959236,421.1695855220207,255.37008462308316,483.15660419042035,80.35295708981167,475.4016831963815,293.8183828898423,48.60102131384813,109.37120595577564,108.4271508259066,30.414788115218045,112.03503058167746,90.31468890995812,9.364305920001371,3.656950348195478,0.9342264335712996,2.207416016582202,3.902017989409031,0.8839517630918873,4.633840529373892,2.311400335939359,0.43240317368598935,0.34621062053704954,0.19080381935323074,1.6507630192426825,1.5802357523376742,1.0681059485985727,1.8999630930736144,19.447196949429436,35.943645129595716,20.591015833308973,15.755607636142942,11.0684070459263,20.57915279903354,69.06304725494526,64.45931630110002,82.38761750976042,37.29589419578188,81.66736623318023,6.407749312634669,30.636722410118644,77.54009826491871,44.52940639376958,29.98642634334221,25.56827404623855,29.920292863983462,29.68897522858565
289.9599826583848,144.03664038996226,121.9472397355007,186.19704410265925,234.80398381175854,170.24387746975617,170.94571134604251,136.03172954652385,151.62152863468293,115.49672531109654,9.992152259540065,5.655387103108226,6.965747386758572,4.151570780475433,7.771098181601364,9.367848720777918,7.159011418113528,6.820894500666906,455.76197283481025,249.8848440515268,88.85913548918504,333.9032585348399,84.31681057523394,238.6508412755917,60.050753097840335,11.549579739003335,64.7152926661021,62.614636210402494,71.52885612708621,87.11031148020382,22.350975384829514,0.8725740196937475,1.038633201869881,3.242377232185883,0.32563761406271896,4.842369835568845,2.151325355731622,2.728727421898081,4.751620781911227,0.7403338431054964,0.18719834896259355,0.5229645335097646,1.5459049927440451,0.550094217196528,0.7079028384680159,5.7823209829918945,11.463995190277604,49.28316569837731,31.396985702630058,49.87248668731392,16.849633336922313,45.71778861233001,31.67270437063252,80.27140827601022,41.114445285050394,72.98489027491884,10.539330746978703,88.88395822693703,23.770328395885286,63.2240183706096,83.18686148238282,83.05755220633414,30.36533543853516,32.809888947194246
245.143901677672,236.65175273191917,209.5918977947386,163.77336366422776,110.3671598239458,118.7553052514033,180.14083336689333,121.9726227481566,192.79708348807617,103.60580179178245,2.9397817919072797,6.905624923314586,0.49314095496524746,2.9630122044621103,1.3840919541012664,0.6435584200166659,2.8076783717141,5.675661115236796,259.5301727464088,233.49164576343418,98.81142497241594,334.1060108408796,50.164701020810355,215.72100335398756,26.405197752331443,28.65599392230553,63.17473933079916,45.27322141099136,25.58060897052512,38.88934832552813,19.388358359690834,3.0229658323808226,1.2625208320841226,3.5118610947328897,1.8306893705088525,1.0735609920416256,4.694959672807479,4.7542405341508704,0.5436109568437621,1.5649841660840649,1.6406358420857037,0.326404503870261,0.8130876902078134,1.8520965764038895,0.4483137802274254,7.144549864449641,35.218941931160586,7.514551421950149,31.019061112898637,35.03025499349685,43.678003000649866,68.9007510845079,11.0674979117249,34.013221084345105,71.003336580513,58.86241399273142,9.017382358204584,4.288768700732836,6.832027223221948,63.73613911759088,88.16437551809348,81.6415384081273,18.471304121941646,30.800910200210986
222.683039187158,115.22617189806004,190.8754669119922,216.43974931882278,209.77173301547117,197.2260970429848,123.02923567904023,276.7367935375979,126.65685161643464,120.46643590681263,2.876505141124548,3.3216409787578174,8.410139572331792,8.108879721175715,4.5921622264785,6.7665756423953685,1.3037147603819164,1.7060727538553198,350.19462575357284,110.75844301081783,287.1140681636335,425.48283951642134,221.4916035124511,445.9597228609548,38.58162155068442,59.84412393621164,12.15881784326724,93.76921799101025,81.32494097492402,68.34387742683111,51.35368741052623,2.6533274845752506,0.9029626970829149,0.8886779137633191,4.776880203108982,0.9627745539103202,4.957088702345157,1.839029881500691,2.8205342106301003,0.30256486399130056,0.925109506020975,1.0521244229290643,1.179006635005332,0.2029815367998632,0.7946264014635986,41.93092884165849,43.50227343457019,15.177361406017512,14.154581194886413,38.93147449129115,45.90802904723885,47.708063064151894,62.75472326842928,66.8030917259852,24.55801328657352,76.99082991798728,4.69593033225112,54.863785273749386,43.510873269089664,58.37856184704928,43.32504237726747,16.23739313607313,17.558682742828726,24.26235339047967
183.64860725812377,270.24138280975376,268.8714165479232,174.2344846875255,157.52654580873565,284.1479300685271,276.65472028524476,168.58593255183916,285.54914661508144,182.09974273947586,1.6815196563160477,1.0379152563155072,4.536891385511053,8.023605465707918,5.118608149164224,8.92369838179473,5.604967618395468,3.1683061013687475,64.7821819046292,380.29786202127246,322.279364949879,378.3949303288641,415.87825463450287,224.3070328656812,94.48445104795,54.62874334460734,111.04384482672826,76.5855816883393,118.93764788702866,77.15273779608395,119.6534936024491,4.912519540475602,3.289493866345651,4.861194543440578,1.9662150098340956,3.3070375610443796,2.6380325322959655,4.900694524508809,1.657053294241281,0.5366940920175212,0.7482421037406758,1.3277613221131506,0.9543506264412105,1.4089347336277491,1.3720798444438231,37.61279490011532,5.491158203682632,8.950983121252298,22.56091144354218,20.144628024025522,47.42531784872667,97.7333782884695,91.60315352853404,50.72497073358277,1.8575595765121689,94.70333121923909,65.94564786342838,93.55627737088332,39.14581239615347,29.30318295922969,37.46880207268946,47.400268121477666,18.234042610499767,28.95063512460588
286.5456966708026,199.02930540279488,119.61651615684892,220.2148333600466,161.35531990442826,108.01182381013889,182.9651311042704,236.7740249818064,273.5404195838478,286.6385834098037,1.7242295238268184,9.761121541557012,6.403259852143623,4.624537126706992,6.9051601355885746,8.05845861647901,3.337078470103119,9.009834441098675,286.99159037745125,231.15465604225145,372.3147776962742,230.34793995097647,241.97635401038835,46.91861761084386,107.80751506655744,78.70254145627881,25.368405398012897,59.73805130896291,99.697159914096,60.33015824515848,24.93616197430901,3.740882132699988,4.97220659420935,3.0801741861751553,2.6357812968528402,1.221793071972234,1.4473396088264043,2.716077369380181,2.15496137166636,0.11608240107288813,1.2543010381331432,1.2393434075883105,1.7545299801483545,1.280355796337801,1.424989111686784,19.425885949409476,12.31893762972108,24.021210659877383,10.988562707829907,45.39690200240073,13.991251366387683,33.46849511031178,45.25646672340918,90.4734989845906,48.96805513812716,60.134466990708106,58.831318973936405,85.53829789356982,17.760920430537553,94.74043159357454,61.2698947018965,4.019897849849297,20.19681161184922,28.93193185700183
273.2127779000817,196.1173154653296,197.64822740435562,241.1171725287649,170.59170069047133,158.29218269875878,177.45488228496828,105.0697208527877,241.52411714810705,227.48049624184432,2.9233473004994734,2.933964450293514,2.2902544160861686,6.104471030699867,6.369506475096655,1.9220062447323227,4.48066400531357,6.912926923550407,131.8589866408562,479.6729747512768,98.71467663135228,310.29912716700625,416.3504719899519,473.8529763353268,88.31294867391236,113.6415408449224,65.75963974520374,94.6267754804876,90.76023070341131,100.12555126567146,21.730504703914917,2.8830517997439933,3.2640206191745236,0.8300596001290562,1.7826618764416724,4.694470338961805,3.955976274777169,1.2199215240822572,3.054813224075717,1.9399882391216743,1.4336087533510498,1.4563587860209437,1.7696411116199986,0.937978892287401,1.8557088991840132,41.510085778786724,1.691844582161494,39.95057937460741,3.0036449157535046,27.50041359745179,45.6693741721858,98.25729370023882,62.617654269246714,5.642347541742232,44.8291244204864,15.46132440198339,66.2806656559933,35.6073323800995,13.359755989601553,39.196982374109936,5.797444605791302,35.4551672888462,22.093776455312064,25.651896578799196
109.04373402123788,218.48155693190353,130.00973293879684,237.68100369842736,224.25848980992203,141.5081872411407,231.93805458609486,238.00937768188993,121.24276551769124,260.36517997510305,7.949116448207919,4.295701033218385,6.803029755318635,6.082169208270559,8.12613466215723,3.0296708549048548,6.504772412539324,9.861145745086644,221.54127366303945,137.7961293244604,479.9134725145729,347.25948848032385,367.5465348392096,461.0622633074175,58.494975115513405,17.926541796964116,97.41027416103566,32.042890550967954,28.925365240620962,100.7799398067688,110.23140892425776,4.255555205685909,3.037340915494543,0.1124073334454513,2.9846956267600264,0.06442590663579616,0.8049605702698247,0.966405291208881,4.545168375632785,1.2250766399788413,0.48228255900437256,0.20782724612874537,0.7531090074872698,0.5566098150559501,1.7753335212640375,4.497926148767133,2.6695773494998196,17.362753731128716,26.090038137630494,34.206449821119435,36.9797949590008,6.497394247897537,60.88984132566231,81.31791287366318,6.006498984343045,16.38583172687197,50.566716327418106,18.28704352346349,89.65572133832607,21.68939412390578,69.13231605675972,73.09788433696201,26.71510985066967,33.668189019170626
105.2733948994504,264.9361931850298,164.935185378012,174.91057740402425,166.80999313375384,147.62933073313926,188.4066841862247,163.22026230939412,255.1754508939386,193.2749189009097,9.066992227300833,6.533652824855492,7.745178731343438,8.288865669433472,0.5430391958697577,7.198774593200336,4.991844837298579,7.693424046809617,320.6847490702925,344.54448141725015,322.98223558172657,261.24087043976033,112.61990920807744,345.3720178949834,14.948565928070966,56.96374649043765,29.77712684989898,91.66651626720129,105.75607523866083,102.81906305467902,106.43580945108606,0.7839204115949403,2.0555403874218516,3.9184883519609817,4.891002809427743,0.038708778993273546,1.267713829763632,0.7170576371285565,2.293259946625784,1.467809309130929,0.45231935866899,0.9135830642409084,0.2743011509695884,0.918322280006007,0.6478089887928234,31.426308893141847,1.9660839817798221,45.35833238901764,17.676061145475884,5.193009431146157,8.133630050184742,68.37607747575566,41.50897026278759,17.059866942746005,13.380140150141372,58.38628031285862,81.75076854055816,21.054058840374456,6.784448655123054,55.45129396679873,78.22876053772468,23.706947011035762,17.37003546514444,29.676746327546752
175.29267337560992,169.56184158043862,247.47141547755993,133.37204033975055,246.53981011805607,281.6869103758751,229.6466937615692,111.14817071748834,261.59146562180376,172.33321663900855,9.753362980106045,0.34450324709250174,4.784810550155547,4.307523899819655,3.0347631753160327,0.9342785358895788,6.240760289298344,9.425546878221542,135.92310954835273,470.9513690231631,425.0529902465719,243.06898238130196,474.95199620073726,239.26733878469224,11.549014100321545,27.12726935702102,65.64792834664672,104.5180458906748,65.46571700658785,97.39371044628872,8.707642549603761,0.08593048315797622,1.569775491710206,0.40772664983284085,4.987537492371174,2.5293352391636414,3.9265507484014184,2.2701350241615303,4.938770480979141,1.3376280251964277,1.9204864207437748,0.553283995496817,0.418406718315637,1.7582681785514993,0.9648101730384331,43.47471460935727,40.13377664310752,27.469105459824362,27.372680398747534,31.768194694198225,30.70836640125641,45.42192067849121,61.48966387647305,39.16208974317593,50.99208946848939,33.34685397848078,54.66683024985755,51.45078780784053,9.931095669631995,74.89286698809136,39.74419272571716,11.712793074230998,23.617080614650618,24.88803363447569
262.1106661563666,235.6032305118127,195.2036258737533,186.1058676924415,180.90547711477393,193.61381084685803,112.2892580261575,221.9625523096234,253.55292354286755,121.68007454332454,2.399667575554881,8.121565392121141,6.215496548211764,2.82692212992604,2.87332777587626,8.137430828342582,5.4875800209249155,2.240266881317707,35.57067832041293,335.0945782778853,274.63220048924416,326.0977483649001,39.78277262840767,55.501141742325416,48.04743993047819,107.82237381576397,32.6787645606842,106.04148363287084,107.2683525382749,61.12959987767163,91.44618542062122,3.454264333738471,4.556258046963331,0.7138440961404804,3.875827740275844,2.445431674968225,2.173893164412829,0.11941288464672692,2.968132206103984,0.3742926618523813,1.2203621821306818,1.542330393137446,0.7973033100486792,1.689855609484413,1.5198110775485247,42.023779436046844,15.265487582323445,23.538508480222923,47.35211246228736,44.01440991897675,1.8035735556960653,82.21376255297002,25.931808441897218,19.195715143476587,23.47507600195793,91.02473752449694,91.87469347996249,59.67729438364741,24.504728113840603,1.2233572822266225,17.461585000739642,50.712355093500896,20.755275655747543,25.09531563693107
297.45522586298887,213.1463927991582,175.17765702915386,128.51882881638176,113.67064006199172,193.25988258796377,262.74466874444545,148.16076321463464,122.79317742384823,275.186604437241,8.824845701579507,5.41212408128334,4.617626645841746,2.7238456895914203,1.5455673653618716,7.217178751587424,7.423984082167381,7.737700260687565,15.014589640291181,436.92372473252334,212.99565531904247,283.16252899807034,450.1570566964595,397.46657810296335,58.33949765828125,115.92672136719007,92.36492474698986,95.12246319725443,42.93020038386112,48.86540428713583,80.3785556697894,0.5005741865838149,4.845319351969343,2.878401834009896,2.027512379121992,0.8251864692855434,1.0156743055684572,2.230775963741178,0.8111641737844507,1.2303858840885888,0.8412213068591093,1.7581879197146641,1.1720749140496822,1.8886243749563556,1.8414208331438477,18.952746617122063,24.91396625881346,39.45827418866618,7.596830428918395,9.325019796691409,35.56471871065783,78.96160697169981,37.80379046030521,70.2614409594139,87.75982941414469,61.164233383597235,48.56485325039933,3.281431662363643,95.28391896565022,27.634400739554742,2.8818375140863495,53.69863843736321,28.598827073969282,26.191516122015344
130.08337822070564,153.40565403388428,178.89525571400708,278.01940703676166,256.75196849682146,252.11512849105645,288.1007905758805,177.361448410376,228.78159141355295,256.63200580558055,3.349725383845637,2.8543501519813392,8.95150455565267,5.408303564893821,2.9628647131787873,7.323105827429892,7.088772515345037,0.30015344946319455,20.858172416815556,415.46567028093295,488.819624231548,325.5317296145961,159.17729000528325,46.98417806777419,75.04887155452914,60.050693417390264,69.89923430541234,51.92162920480091,12.135871053074768,100.60827262715262,93.29019313306154,0.5860138635177109,2.488913116182762,3.0214924622136023,2.4772166821366515,2.477652619221719,3.259117467312099,4.942139413858172,0.9581463812079489,0.349689630768398,1.6227392198720623,0.6345379075321882,1.3478953208324156,0.6848070925879711,0.7406135244280944,37.38907572632096,39.49829104805231,5.521453103568336,0.5971199063922887,37.01743376442488,36.81159237122145,80.02101828759373,44.231885636237514,67.83261797532577,17.329248645949512,67.64926134233603,79.06586612115987,41.35515592348881,8.538424951985512,82.49778526000298,63.72455994870999,67.5828931321158,9.254766761788872,14.68114455331514
218.826143070427,275.7259972710316,191.88935368119732,169.17549214757148,157.1516649185412,130.89844080098516,229.7530772318772,116.11616245730272,266.8649591498797,133.62361951954503,1.2171213907171559,0.7099190543954456,5.02890488709176,4.546567207048904,3.1666766100147443,1.092389565649155,5.38847992890533,6.740524214944186,14.091371381747134,186.45768058961187,295.23947170171965,310.2988392420483,255.07256075055565,43.61448259862137,5.746294959504679,16.961184238736188,103.4372239454415,117.9079226125501,59.7372363958708,61.37316773397069,61.867782301531044,3.7259568248584074,1.4581004725777218,3.437566721776068,1.7900893272804044,2.0641889147982324,3.6664816882945974,3.3538329106541105,3.583394067590363,0.8623492625299429,1.0978020216780426,0.2809143502318757,0.7296049879434003,0.8354979009008585,0.9444387249362921,21.65967320323394,24.999711303982544,38.800747324928395,4.3054715574651965,1.7573375702354002,39.57225617545237,9.47385993025197,86.40086835624805,54.78976016990269,2.012263184851626,0.5820710100902571,40.73603536836341,83.03871156439045,81.60148267428822,50.70210933855982,26.899340663490978,75.91377468025907,16.01531382574625,25.13858062192995
176.1781713262043,259.4852043213856,257.00330876741134,130.89194944466476,186.55337591985253,197.45307082001017,290.9131857717622,129.43265021898907,215.47068024393354,202.4521127752521,8.71324676264964,1.7087343131969703,8.433906219385307,4.457195632750868,5.266656173082035,7.205829393680685,6.821139906511098,4.745894553390389,64.07397771335899,304.0607305703533,434.7680555715977,362.40631465169076,216.9524176233599,273.31808279529037,118.81813240362523,95.30888667310742,107.87417033089903,48.653269039580586,36.03132455405593,33.332710842217914,119.00861012155399,1.3599688722286056,3.852909816272141,1.9736349231914676,4.928017403222688,4.45274433145842,0.6341054848583397,3.8013327447900194,0.261484993274475,1.1810299582580568,0.5591593397117046,0.5815131277836539,1.368248327285573,0.13557969005374032,1.809008713861857,42.08683913730249,21.745205099917506,12.526124008554921,23.404060657030637,46.347049319844686,9.039990179060528,82.23656998612947,34.833289483325494,69.81630368036552,44.75637693910603,49.8848552062623,43.52238947764428,44.43289502357971,89.20521533188271,40.848830457991404,46.38895871212843,69.58095312646552,22.231202133705125,28.088254570068475
293.98287956292063,231.6903669316851,278.4169377880469,105.08955198115018,237.08877664438032,185.99704282421195,130.28646287399266,159.59544709916875,229.2814750456178,197.47496158424897,6.397445782971824,8.960835202649026,8.033385376875462,1.0022596569881015,6.670674341369935,6.830199439677703,8.748240062498866,3.5329247120086795,127.34947013936365,86.56805650756424,477.1132742194821,324.9737193036093,94.19893288928893,88.4628376904737,46.852971591464936,85.17125530662588,79.60435048122078,78.44192089677895,87.2513683242743,63.34450621705487,10.042407151760766,3.1468697656887756,0.6709593864257235,3.8717543581444462,3.5417239260687645,0.05617706188264774,1.3921314972749215,0.6038368996841301,2.406904465348912,1.1618741167940962,0.4927970807189903,0.29761612921194736,1.8817059689801363,1.8916049899680156,0.781119359001003,26.77271653267364,1.0728737212282111,14.400221085570259,35.49313547521501,49.15439724354372,31.59837207690278,21.404015744376093,63.51370481158264,63.95647806046738,98.61631106082555,43.11647213889117,84.89920452379168,16.91753909494105,37.78677414508854,93.09012795823118,38.63555216575308,84.54122082948507,28.794729979671715,31.88736072285218
268.42378462714174,270.11634581884834,291.06693730078564,229.16447725729685,166.4912314297424,219.3821381093312,195.48323789607073,117.95190011203142,191.67269588526125,225.01831053730572,1.7308358712025114,6.891639816965321,4.163997731348729,7.214177032832937,3.8728950847569594,8.32613265913632,4.3794857491028685,8.637803087701583,118.3985419493266,272.40768252084376,340.92376723424303,264.67381835426096,185.49196453682964,13.787830996771003,102.53088633712896,45.7871450601857,88.4199933082786,23.523530477988896,115.06725357844373,21.312729520712843,31.95273243643766,4.587860561202815,3.830285305841971,4.8720494120832845,2.2501679127132213,4.881586327114432,1.114171009307444,2.370773298835553,0.7496133579195479,0.3262395093672078,0.8540326057226612,0.7126021156155621,1.3388268416210058,0.7258411744528108,1.012974673764298,38.36042393069954,28.61795537556943,30.172961779343954,29.247798364200857,18.031913306505675,9.35340589896889,2.568026385903477,21.340383741889866,77.6442055684268,63.38725263064764,70.5871856767533,10.765983535766333,95.48602930190968,29.38943998318424,8.95350971228387,17.488479594746266,22.290646428203985,20.271091357507277,31.04101453507782
267.66574094222756,273.45884019196046,257.380677251059,227.38046349094864,111.31713122934312,299.9115406500877,220.36134678908945,282.16525293726306,205.7414639768105,289.2373787982523,4.355329449378725,2.57402704420521,2.377836469389003,2.215993211020916,7.222755290002474,0.5117999669390481,4.186354420213057,8.557250157309554,493.5303311481494,122.90676618902523,278.9799524741507,344.0804375293494,104.53787378346968,217.32558118793526,66.52117115152151,107.0518595064308,68.16031148698933,117.75162334318516,84.46202738242985,84.53739141886187,50.60278850196573,1.589207912872913,4.09655238781358,1.3627637659686163,0.07045519784691567,3.1257198938362536,1.905474597524636,1.4382532741183125,2.171760989537446,0.16542834232839215,1.7338021344937713,1.1225772988114688,0.4012739359442674,0.8679112609126871,1.81855786831435,4.38929332343775,6.674782367785777,45.14575403978716,24.997283065000477,5.800155560909075,47.3591791277642,21.77387196844114,25.256972905392672,23.94066512905487,35.402972126192445,38.26386603333657,56.491775498320806,26.627553992646668,67.7377728257408,61.557020077784905,50.83686684607041,56.976674621649614,15.571219209392858,32.87472496700971
193.73863195899406,241.67259534300695,163.08137914960255,168.1208333162583,174.78420940256274,253.8897788164094,216.34732948423732,101.20940863679569,106.87537167034505,215.95428835249592,2.94385117928297,0.7494475729557923,4.120213112341733,2.0498409390663417,3.428036851937842,0.32879561783114275,7.666031646438563,0.3207868784965715,159.94299155238218,374.43103932669834,11.720316946218803,230.24616294085973,109.90437297565668,77.23644348893231,20.000537271334846,117.22066732501132,49.20930430274903,85.95838101443627,106.9974019165584,43.63094738674923,56.724463280055865,1.0935493476211948,0.6332706836895652,3.51811279652435,2.6072122378088363,0.7676987937699254,3.8195900289245617,4.471546664665256,3.7520879361378805,1.6166451963602464,0.21675104048409194,1.9499938133565922,1.2013709346574923,1.8248287617500496,1.6242621141807116,29.70628559463871,38.3500879191558,29.13114401365781,18.021174989074414,33.09953022407568,33.913029287701306,47.92851046998328,64.84288754599777,42.891261494072054,1.6868011467858324,97.65750318871623,72.63364677787855,79.84282656340605,70.26346006102229,34.2188716243777,45.959352274073794,36.00953574213251,10.422159110050828,22.569106373298528
182.96390046753305,267.40266567273443,237.62694121730843,114.3423777695302,288.8897165388607,179.57314060348546,180.29235581780864,196.77204377286228,227.7926043946569,208.04345335572373,7.39426623023095,6.9370915926276995,8.279552020174679,4.186307370746195,2.973808405416128,3.7927702887977515,5.8672829867157406,6.134100712249367,72.43618384610556,268.7486267271411,29.609623962112934,128.41890072657452,101.65784965292637,88.65255348753871,96.72003854147002,69.15319264997247,79.53356114739597,91.63841770333237,57.09776156413873,34.97576182145725,110.95725131044465,0.5417487898678481,4.884538729294853,4.643058575451833,4.919801726491073,0.24333246891771954,3.571403430348878,0.9146494353494236,2.299476511924756,1.4792526302924103,0.51519940143405,0.8588034832675812,1.1296014818572673,1.100537017316945,0.5625187575186252,27.739066784732263,13.258017328843469,32.622992765327105,15.843721490809298,1.9768084503002137,5.21862947620076,74.21113599114321,76.23099273666037,15.162652935422871,48.494843974222675,67.02031815564018,75.04206154170537,19.379416633893488,77.99771628241555,7.082339829292572,62.414762286983226,96.21123570016422,16.830645586177457,25.753996971714553
154.68141438614126,239.49429233385672,187.5206248110784,181.9257789790464,228.34687945971163,265.51061045480935,167.61688187325228,124.6494916265103,116.28944257823184,110.06458658693279,4.588820683180254,5.766836487080875,2.3535621046119846,2.355005582016234,5.457761752984541,1.5730040101066136,0.8029671242036267,3.7415390207774686,277.3256466422014,211.50140768951363,108.417095865047,10.694927865618576,249.61851636983118,47.68621298031398,86.63011361578575,70.05870980459362,109.45319170104283,12.56432089228163,93.7386847774597,114.99850581699567,69.40050186888476,0.6610071834844333,4.927706329038507,3.434570945459043,2.6200739357755287,2.695147236210567,3.3159943128146825,2.299079302412342,0.8256210338148255,0.2554559186730023,1.7969884558199236,0.5180758553237801,1.7543302107069993,1.1757316293354083,0.7171106242826734,30.69384772589043,33.87227683502842,38.94143218546107,19.126165667696515,24.38307092421074,9.758095385288229,21.86324808328537,46.211717652628145,42.959356422019404,20.646600213843026,65.99183331425894,59.14935271699754,42.31727292215899,83.05667813289257,21.374450861082018,25.188499452978675,44.027952341482376,9.21028737092984,24.370508366054118
111.27509933018543,236.02815435206008,150.93412440921023,162.2434990126787,234.2958297334414,134.14167266249603,125.36480451008376,161.5358178955897,187.00291886804467,112.58149520360479,9.89387145655321,4.1047432921365266,5.2919198239917185,5.880196846349352,0.33479196702732705,5.628006327945196,8.931908955341704,4.215043914854446,430.39915314477906,141.710577121819,101.14413160943768,284.38243210146317,400.98637008054465,110.49593932456887,65.65514976686123,39.21405308808445,52.918243749615364,92.79304863537726,101.9499952172459,94.34131451220537,10.187764484845296,0.3204912499404252,4.684230201843483,3.408736398234855,0.9203091605906772,1.1821019281993823,0.041364873884270105,2.944358114544732,1.2671075980796458,0.3420894857229515,0.3312956810415759,0.41692330670458666,0.7655758049046512,0.43484239248674195,0.7706215821727442,34.934259591821714,32.488064627321634,13.336575570128094,30.77593022344903,13.953069169325383,33.34127485742252,11.300754809027136,33.50996967777665,70.16917514203412,64.7754085446646,91.93411447579827,44.80644841595138,49.04225397748119,26.839545601234004,62.79332130172843,21.46390798534058,95.97139331335566,15.785953726280267,31.518803610921882
272.94447525101066,223.72227564303688,268.1743158851845,235.42412794700186,226.45643072752796,106.09273726179202,178.34849011245564,285.2119119636531,158.53101953348158,137.46935826535778,0.6419753243699917,3.699753346981632,8.0803578048114,3.777487059411268,0.8899123239766037,9.181754124916814,0.4047527121526374,8.337203318265882,342.24958462596084,499.36225610223056,134.83180964792422,299.4210610382341,288.7953165430081,360.5872480894508,64.17360550338469,72.21819413808113,41.157153032986464,94.09319436036915,86.75069717210738,95.51299281325214,51.90424079395111,0.4473354703604033,2.485213698937259,1.1266251197351809,0.12024779805282651,1.5128160296362838,0.7192951337681434,2.5750650469768774,1.8440225473743903,1.7959091751402785,1.29628886470192,0.42877555566348435,0.9035966591076918,1.0474540395554435,1.8342030995190135,45.94639401669003,31.025442345035994,41.448066803805055,8.803820815344043,23.930283170667405,24.09518955990063,64.59672550239422,91.02715559322725,69.13911607843517,58.30084937313013,99.52048338983457,26.078244386675774,50.06352959482445,68.6961601886649,2.827693385455743,81.43450597564721,76.9065654059106,7.70634907880021,21.053997862858722
262.5802018260155,250.54332791152825,107.685269792465,221.15584989053806,139.79842779188735,140.88967449285462,132.53216302109703,132.33891065479736,209.08559004234263,106.49415433834966,3.614651134748842,2.246461331698172,3.59942700377095,4.544226053668622,4.237898481506617,3.975649330306756,7.509123926476456,3.167413738124015,155.08022367637065,45.13815523361701,159.4179724718538,486.3039927401,447.6712283899125,406.37438053671775,15.060154661356727,55.55886686035735,49.67024793354602,82.25386353165644,63.394387897999934,76.72802646710609,52.89639742244304,2.165702898157678,1.237909969961374,2.6802996995952677,1.7799717530398034,1.233209502524223,1.1242547700193133,4.1529152045723325,0.35711030559720947,1.561344913081382,0.5056715994299477,0.46593559819677244,1.237452205424338,1.844596341726671,1.9979741004986245,39.39126304791354,13.714124373091034,21.189027378823912,38.682423111203974,1.4046379795486705,36.94673447743848,98.38980363600176,13.580781504904271,70.94269032949428,26.521377538718493,19.782068926211327,90.94262353541222,51.647386810070486,13.490572428467551,59.224881538935094,70.21922449640415,71.84638620686991,18.91003957977316,28.027591488416576
299.9435346572261,131.72102105861472,280.3523984270847,172.91874563950802,183.66677282045603,168.08231122285193,246.87313529844369,293.1664639436665,126.68326710464142,248.67057911400246,4.870811654388776,6.7291514397214245,6.457875406326704,5.417976283879885,9.434835842778389,8.465008734998781,7.6120620127726975,9.436183225312439,285.19191829781295,31.344733480485807,186.43209183985684,187.124383706195,321.90679940259486,231.7414855743573,80.42262908599552,39.75196809672597,55.07072747433396,38.56960558588952,76.97460260576733,101.50487320868417,116.03145792034525,1.611116574669609,2.9142263116007454,2.816988989586855,4.591957997926069,3.254359844726829,1.3670596717338594,1.1649513248850056,2.925844804044798,1.9927045628116808,1.251147010272588,1.5483073428211493,1.0964080923098483,1.1615643674050595,1.570608174095336,11.372080576027782,13.720943970190623,9.194956827812543,28.975035384608958,3.0548030619999706,14.399045546820126,60.087030208561806,72.0714237649347,30.87675286443565,6.888273421867163,81.0533143214728,36.978794752132536,22.494754068976142,51.07313315441536,95.68504212173043,77.22064516915633,49.15637119218269,25.254896881145775,25.855803716387214
299.32736741478107,276.1741518397857,192.2954929249468,143.57851085099801,250.18795967266365,202.11615149191198,141.766187098918,141.15887539788434,238.32868039466365,244.6660607987926,5.081022192008366,9.709613475159317,2.531752583083264,2.115001672569868,7.242966620449894,0.1023846577268781,9.535799744291111,1.8783748810841936,360.27942735820045,116.45612624199363,216.0634681337495,203.12528898587274,347.7766566599762,258.21136978189463,109.79319291174447,12.726297600248651,13.459518332437364,61.314354848501374,85.55830450307124,92.30368533378885,73.90766546742744,3.53573846347176,2.105469853972464,3.5036465166552047,4.982804999797646,2.7721095209595066,0.7406684428280111,1.8931816410142193,3.0415936184774703,0.5825761534895412,0.8278979170040409,0.21595265172159783,1.466131525569831,0.5847210928155403,1.0202199747376626,41.38186532995876,43.22087815034583,17.830844933325686,13.823240691765667,1.2908035277474255,33.0669180739303,69.10573641234218,69.0170749747103,66.22139737909238,75.50191980403346,16.231949532202748,79.89920885333459,51.591552196083526,61.28869165125944,79.50960623702693,12.328981175502808,44.33781342556021,24.5954297789387,35.334518244380064
211.0863411205255,274.3687055490464,227.44029536165607,297.60719323111834,120.27457951063184,223.02582810823998,111.71306105690677,248.3132216933659,259.00230738569405,127.21124688632858,3.2277646416178043,1.839580933784576,1.1818665091447833,1.641941066368745,0.9724530380555217,1.7682949702459239,0.6359306431829754,6.66095199134496,366.7712012601937,485.82550472763165,58.44450584344719,108.88179485767321,337.12754256623157,26.000966951159274,15.723165710456211,34.06140386654936,62.32081165002435,17.699952700502394,34.10470637046409,73.8589759753659,78.09987318327796,4.35250587465254,1.0376837371388135,4.984139034981951,4.727386194311893,0.3990923733738394,2.057474601854709,3.962500639904023,0.32013811639151163,1.0268256788507484,0.29318610321888455,1.9950651431917648,0.17673908273374206,0.1592436418560494,0.11933025432821004,6.5429440419472344,1.1339629652061363,12.683490030052154,25.307071659158545,31.14702756733214,9.259528317506732,56.116744374642,69.02451627277941,36.746631958893815,58.546409459294225,45.70434530542099,3.166561296263626,48.171275387775424,16.173193667654793,34.559707933384566,22.403964332701765,52.65481875184069,20.100255124011746,34.655031712628954
253.7974830361021,105.84945660691183,231.87078444115653,190.80032423922296,155.57055521794246,282.1211434428843,210.47322756344687,209.33545297946233,132.6708899486313,267.2157801590562,7.319478466065923,6.011454538153483,7.964403828419278,8.816176838448687,8.47854832653065,0.40119304257544763,6.00888292176646,6.75384016343627,336.60384309586755,489.8267024767924,30.7573466568632,44.561804666287735,230.23500466003318,43.96496807194526,35.303816824624064,27.753284712931407,61.84613852575686,59.23251264280255,98.10161500522325,115.52930621294749,87.02409859389614,3.9260182836804978,2.1241452839930592,0.1778826744933728,3.649805766338741,2.637367400544125,0.38515111921998935,2.645076344566656,2.0175334926590685,0.5492731945184758,1.2067026283528022,1.093104143215896,1.1706804364932237,0.7389733695627291,1.425227307536119,31.298829990915944,9.485370355970916,11.82132345421447,48.157545040415734,28.224599424922822,27.41365803637114,78.23484442285039,93.54204444235243,94.44920461050499,84.21262495086283,10.018540433247015,23.21692146866091,20.871949712626325,7.65065397195408,13.820764636160831,57.553151620363984,29.363306292695324,32.69033650602631,32.92061913388293
288.95314597648564,265.16335011295257,279.0235481413073,237.65484715604742,155.2638216931707,201.97080191009155,219.04594654388032,276.89574551935186,120.86261747037643,130.9572069692224,8.75999602754085,4.299432051885164,1.0797893717461977,4.393864658031068,7.349777629020992,3.3486570870991796,4.335621649207824,2.5967320981363904,436.6971081400528,330.9145900383466,340.23278004578145,388.67420150225286,347.7760228780406,136.20818556826327,108.76541694584137,67.33482822370414,72.67104017866016,33.03974304904656,114.28732198123643,27.033419213708648,93.55452130344418,2.6578799107616042,3.3228102800311765,0.33551097972475935,2.7951322149188695,3.9580369301608664,3.752610730035026,2.016565754383307,2.075863407594777,1.2833202631068885,1.3977812194607135,1.134116599171569,0.331176596707363,1.18792273672247,0.8397862125457909,44.196313508174185,30.703460423278262,14.486878336598723,1.5143306926871045,12.041320927561921,47.91107978172432,97.58044202094447,72.81903009807922,34.336636588033876,25.980001563671628,62.33709784671648,34.55847928841226,98.81915595037108,19.474628627619296,46.50644339129786,85.72013468729081,90.45099398384667,30.256826741087316,37.561099983940856
269.9294781354823,125.77397349468905,227.33393643344147,128.11059351567215,186.4037855189012,200.25512892514587,274.3826122561011,210.7986511006262,129.10309655747182,160.23511739947176,9.393321089580844,4.522218345272182,2.7866758112878878,4.179726735362138,6.148370604456266,9.091076997395378,3.3732662531094664,3.3150310287752998,436.35167458861116,441.2522669311383,273.2940641731081,132.34372152626926,44.15679576979097,276.5102261494423,37.69954962927623,74.1920525028133,46.72430350420312,45.14615344681943,58.50252124569264,113.48866768439638,78.03087307328626,0.5211861600009406,0.3638574208220954,0.39897084646028463,2.9575238704474374,0.4151610081934184,3.940726728607564,0.15691814857670922,1.67575964707748,0.3192870542735041,1.3925179760350255,0.7793713695292491,0.6988970857874705,0.18096524790457724,1.3026742934343503,5.5055416836377455,40.943789592956904,9.45607532973343,10.376370724610844,32.508834880749056,31.597000498403826,54.41292294041848,30.15651894095841,60.30182340443881,65.28620647804121,46.851816340507504,67.15740633102043,86.55633927865502,42.05887478523671,39.29504361784054,89.21146431684701,79.43306552653664,26.787380962590518,30.656824379969578
149.46962034863952,167.02377085182837,222.78671695201234,197.11793993187956,296.073748188437,110.04860196459643,215.39632248353638,206.91184383126173,275.4255123797003,149.795379832273,8.07042443031531,2.616058073265363,8.565583277774657,0.45256028770113066,8.220900310030856,1.0598260236299788,0.994153746960823,8.36450507654141,293.6789141094316,114.84124811198974,227.63065908785862,308.3633819047186,431.32722123867495,372.38006288014657,80.20352230069153,74.9857482951919,75.50737353489282,23.69904696642534,85.6227260576359,51.16538862986947,32.27735038040258,3.551738746868352,1.6737558272156225,3.7174658810998946,2.6995701253688846,4.449797491389796,2.8755907811084813,3.769393265837891,2.793121304252248,0.3417620282117629,1.3103653772381483,1.4114851828830288,1.3570910369115416,1.2586058968531968,1.2527185305786146,42.5597863388579,18.238102679306504,33.551236975590825,22.694821875212263,44.26825921630127,2.9746840664933663,41.67905117427259,35.34092242323092,75.0145714192176,11.868050052868496,62.869894832571504,31.9330807161891,88.7576351022483,88.78409778153747,97.1732960023852,83.19099622549273,80.13958543250439,26.480715980319804,33.2216758244911
190.1088270620187,248.70165125832156,113.33040811213799,105.5073439738931,113.5005093367644,106.98231053124476,169.09617074468915,139.09160007367998,205.63785235127125,174.46141971460958,8.520743953335334,8.268835269048049,3.5300459420788055,5.029965395615193,4.100687492655275,6.103456789763624,5.670275784745961,7.641872024054029,220.62962086449403,486.30062614654554,320.87557117249264,347.00878741728593,391.1279502875195,306.4515000556362,66.50408896846159,49.640815120253095,105.99487568153334,31.456252290893158,89.7579791658907,65.76588309117096,105.51528014923389,1.8205153363870992,0.09879650116399771,0.69040543760268,3.538176031565712,2.895750180744168,0.4576273364394195,4.861188569054134,1.7363278753999578,0.23658699366973301,1.050427083777537,0.9957670476735155,0.39908698112513763,1.0944862715244144,1.013580907491336,40.03172634439716,32.8454512012346,29.2095919732383,32.10276622810149,14.227444000792627,49.44372581796303,86.03430611601264,39.111097319989426,90.64074290263412,29.18099079168437,67.7960752615413,4.136380081930713,68.55710503828949,53.19144245347272,98.9868054508422,4.3397946084427375,43.31535954494361,21.05643695770624,31.68577356975383
125.831883030299,132.15197920966165,203.6816043890408,201.09102358208997,203.740198876119,210.23199238327442,260.6023763052641,133.24587241033174,193.45219920150052,150.93275317799237,5.550398476137955,4.904030481057687,9.733148960190196,5.5862802439489005,2.292860403453142,4.569809797282497,4.842503184178675,3.35804921511612,324.3694448268989,79.96457656838668,415.56290952973484,240.90597677290737,130.16267953352263,202.14264894352624,73.57767457544414,53.44141937383204,114.87916390694389,13.805393809313369,81.15846796497023,19.115021747595527,89.19377704722247,0.43739546563789683,3.7499825722537614,3.1160348537068225,2.1001774012098084,4.75361610165888,4.451515016038322,3.105232177347665,2.087882304594252,1.4178135563019172,1.0869979720327188,0.7252164414326445,0.6867994874587947,1.5885273914164848,1.8943360556800137,25.436883975034004,28.0792427712017,32.597873702679706,11.005299181131518,41.68369349000988,8.264883317618846,96.972834375999,3.080867409810606,43.79286034539109,65.65391118773695,61.9432250031238,17.386751605401606,15.989703069175654,74.84928917339906,41.05846563237912,82.08791846557263,7.108894824421707,13.134036189311646,20.35514016300605
290.8102054517445,263.5934048238124,130.03380016340833,292.80348142354046,135.8729364024421,187.6357226496689,208.0557786374842,283.29783022310284,121.34236382047085,197.7901852876904,8.276293441625464,5.479717936762814,9.799369914261211,5.632524622451198,5.169031552176717,9.390835302421543,1.1350891356951402,5.386169814655846,410.92388067152694,59.55134220901255,219.56952546694026,439.41253538332387,386.3359025845004,67.9787957715377,52.81572368138411,100.9374194086736,72.1154048562207,110.78865714024596,67.91823745779308,67.11235547600594,90.31510578614993,4.213907371991002,3.207049425407337,1.6300977006883577,3.34932798472927,0.7492246764346545,4.828522785253491,4.284140691237085,3.989642501733612,1.038737897123093,1.3077162086351233,0.6037629670452814,1.4357123173870927,0.15488752731672747,0.14397805617514914,15.790431313622502,3.6947351718607524,17.51437382949394,46.60449544462171,33.294202232107985,36.0444205835067,12.918164086956796,91.3510315408257,36.0485108208268,82.55813051447932,29.402912260737313,25.916535236932603,56.80920638997489,17.414452829144654,14.878398352993683,89.90911775210817,68.30773179262786,33.80342457825655,41.61093732471295
221.234926890176,266.4268355915484,247.48675374429712,176.84134259716006,294.13530908194883,267.8360789960597,115.85605692623835,165.56763977000682,229.91120135139235,181.48157627093707,3.104688700564727,3.117133036693525,2.7559326024902115,7.099608576296555,5.533533380375391,1.312939511117229,6.1636461202611255,0.7106349329056451,12.769531372180515,64.98365423116371,324.1485378754699,227.4594720800671,16.19487468600906,392.5788850947228,39.49901911367678,59.76677355447367,9.897959706586006,65.99722911717139,106.38951477610321,75.28877646369224,119.60402501199616,1.697700420740703,0.3227339521628097,2.292026581491448,0.6168444536364331,4.967889346773043,1.019794166005729,2.589209958542681,0.8189256835967053,1.273689311073797,1.411492787318618,1.8587372931731931,1.3365299608009844,1.583609955155601,1.4530517204979176,20.56919228954142,31.276634748068567,38.60180342741519,32.307314615019784,2.1741119370626665,26.860236933677697,57.81709654738779,7.3552603864803885,43.0028175316589,32.09255017433469,83.69591572436687,17.604747993581903,82.14396316273861,10.597819805522546,91.06095496429052,5.6749090152652055,37.44135839714118,15.284452080077786,22.955111471205285
145.72856110069256,201.49354675216725,202.4443841625349,107.79920251498231,122.66070094549283,132.13591694236902,213.17011206264934,174.4164509925792,273.599918379018,297.31389815586533,4.044939744881223,1.8999038101028027,0.5056844002739155,1.8570701664110167,5.429431082898129,2.1990757199720665,7.405735890504091,2.1665842357464298,496.07853441727707,290.8326824035567,477.2503896792278,149.60522529046492,116.4508205156314,188.25516528353796,10.581346833911931,118.59393319576907,116.46213968571753,50.625326695215065,56.62657156592286,119.73567730798025,97.29055150928133,1.099061674232741,4.82404042241382,1.0861591674888955,1.335819579741804,3.2249216011886874,3.5261526990091916,1.1660880174625894,3.09938232956407,1.770671988519782,1.3442658037796318,0.6528800785995984,0.27297537149850226,1.089666386940403,0.8786957497691373,48.44857771716048,40.788221877488425,6.915632677231155,43.93288147334331,19.069919843557006,15.070854046313038,79.24599925459974,69.97942820974717,32.369635154978084,79.88535565565013,55.16861993751241,20.37245601411334,3.873648868866253,23.961735763223977,79.35422756669934,41.62808937769881,87.04303124508253,12.170307641182983,23.835759662755038
234.34013688117133,101.27717434336671,236.04555584167065,106.19115818386871,180.72020047231825,104.99433242340992,281.6037090843325,251.9647316856777,265.63717386469057,111.18527002564514,3.2374388368035887,0.9505128432079228,7.080126513633253,2.5970090288831265,5.694230535653042,0.39246548925378344,7.6960551804311175,4.9096235327179505,99.61794844130762,392.67745635184565,421.41600297216473,449.04760625119496,41.917246948739006,370.6664670965669,90.59230801882887,55.55598145101946,86.17413700306948,66.52835946841014,12.026839995959412,117.14712727322555,100.35241136284262,4.3585458024480275,0.12288157006423238,4.331871740909665,4.181655163655061,2.8417960554105033,4.211273766906004,0.0820661001333759,2.532916064437319,1.5066241210351814,1.2151965733355583,0.9291471929166997,1.1968101376354154,0.8040057322814517,1.4562018559340615,10.484029029516396,49.62619185482076,28.77126711833733,16.801237547390766,25.63398218502135,9.276869028671602,53.33394051563908,73.01610048433118,65.3924490067314,67.77524602732825,48.98511732168031,76.89569406733544,49.58431032876197,31.388041279035907,51.12742066556976,53.661032329670164,78.03384384498635,28.463082031923953,24.673017149864748
223.62564809157917,157.40762663498256,108.33458012047686,177.5973519893739,247.57699696692123,189.80775358602517,179.2625250996441,167.76469648456145,225.21094179616026,128.43627527747032,4.727134620934462,7.169779495156668,4.564766376218603,8.126231605781086,9.49217869056789,4.3959589713506,9.063194563798032,0.9511399792641948,240.42200297338835,189.66691715857021,218.74039714618064,432.16649928247864,392.3111891427684,261.35963253802754,90.80074815233608,79.70180863105148,43.63581958366999,77.25372127537855,102.12398320689843,116.13568856554303,114.41163430666822,4.511648003550555,2.953903625915682,2.9348901175735014,4.519707164409522,2.581245324319306,2.7038191774880844,3.270457355274046,1.532307471021952,0.9772735445167128,0.3960940711278249,0.7656486640212896,0.379783477645415,1.9342276550817659,1.3829173303253006,29.190412247579815,1.9671835962602815,14.13492212620046,41.53321974817816,36.71910990275871,9.296267031697427,40.91969681929487,84.37150506305396,93.27167640085841,34.86747715075998,98.70638042348745,41.203364395046016,39.61228799949181,54.81020188221994,36.53546430151413,23.275037288349964,14.532814198975608,28.026348397581028,28.168472430669386
171.6325436065681,223.38538367514843,116.95840320916065,132.00498729263882,240.91088560548906,147.4957113504515,159.26516037996,290.4124893278006,115.05574333033472,110.5651787817205,2.9272382007625004,2.0427193887097705,1.0974531551998052,9.4769891067496,9.03223166865269,2.850545705690078,4.1537603446988935,8.448990313430182,437.2945700730047,489.169034015202,325.91125052922405,90.37957406744238,380.3783340774097,371.9444062452944,82.13346010905317,10.791744884240517,21.92313561082819,111.01606123747514,82.50784631640333,45.064626911736596,22.380409982622794,1.7014644775858838,3.8840736343772884,4.723370685275441,2.6996511054258954,0.12803532176058063,1.623382266638477,2.4706131527587405,3.640397935887149,1.9702763779490302,0.5001714231364374,0.2637397721132683,0.5793156195575361,0.4042271397485008,0.11945220489439123,4.620417019994851,33.17287954290147,26.616690084531765,19.22185123652259,14.712962633544139,42.99078421980394,65.52298211354206,55.336225559552254,12.607100648936676,87.63969377444393,28.350790670647687,40.51792446679252,21.212472965930363,88.12433203644407,44.816582759972746,51.66856560371106,60.171573053851425,12.564293651718359,26.692582442707128
122.71151843992581,296.23723560548467,243.26467761253645,104.67041926563718,184.54572737878647,109.92287466776749,128.693891403604,247.58555379976005,122.4794054352026,225.16823899647517,9.619953278319024,6.931746006469098,7.104475907882624,1.4457341989364745,8.7695986619335,8.712068745514177,9.535420409359157,7.208261480065714,120.26979553165769,222.86586767798144,96.76475173881049,22.720898993421265,408.681651662897,454.57188511176025,79.01788563375636,80.13409130816325,21.49314040717162,25.549689512926033,102.66474204745936,118.99564735567999,62.23864829497781,1.7804590822140536,3.9416026020931674,2.877235286024604,0.16786172989253267,4.698799565832394,2.3980079882509595,3.9126697539671316,2.760429914110328,0.966886592169749,0.5944256399671619,0.45327534951630755,0.9725014294079795,1.1285177262731023,0.6421431408318753,11.285706677364024,21.020202880824126,16.520040174391838,13.011212736829645,49.14514019046765,43.70916945108946,27.012809451334828,72.5264423856537,56.092206477015694,50.92290660354312,52.80303048951731,96.66063366594861,37.82500037653177,42.60926167773654,90.18811753051104,88.59557879610645,69.22139259271843,20.606660749137745,32.941664725744246
234.3146391185599,226.36270540333368,114.41686719973467,251.24272279003537,169.30483359054364,244.9196573695258,130.28910438707146,219.485848514684,109.86179742196494,110.90185548274391,3.1971618172561147,3.9647268158648434,0.40863160020802014,5.02673058960166,8.034026427995409,6.088914050657775,8.667751110318592,9.441973339420098,243.62965971118777,83.71978987887599,284.65587059859405,54.09292261131414,12.196029729509128,461.304462866363,33.027470199265515,102.91403535772571,24.290606706054312,38.98853734305003,20.932955881139847,57.37998743343775,71.76520771294058,2.902346352639889,0.1810828266100869,0.6283010726787639,4.635598118250923,3.2235324195424493,2.5662210664144154,3.4764652630021695,2.3920340195338694,0.3136562791437131,1.8473571484662543,0.46005375312012586,0.30775896426655935,0.7098647998257089,0.4592738889571828,38.28416120968877,0.9845004909571615,39.63033237201912,45.62693928860776,34.384717155001745,23.524703320423246,34.91337429383694,30.272292446595106,89.7648725360331,64.82468225460822,68.23245786079914,44.670183794420026,98.34975108694528,51.87981878449701,18.464344776353848,86.69425063457645,56.813757982436144,18.11144411215198,28.054269087610578
204.06154018075864,151.96071621283195,114.25134555305172,191.70460177637813,179.5224757105741,122.3185999914495,186.5542968683638,276.17903210895054,151.49584329849387,267.28794747522466,1.0706409272983044,4.21617052979755,8.714947235873197,2.22034490212191,9.439938261926326,6.179498305959447,3.0353655531369967,6.965322369043869,74.96526828877779,238.32370661120697,490.85086265783696,150.40822529137037,255.60403607241992,272.20232220029567,7.569667383123489,113.38265143132907,10.240839985589336,117.21577367957319,8.536588158617377,102.96116975761856,42.86670886058263,3.6698730541151843,4.533011511875792,0.8626434648539925,3.5133006475561595,0.46721615765146324,2.0091788504982593,4.939882317350758,3.341669880708288,1.9860440197801603,1.5428506744142363,1.4179340773403442,1.987929239045277,1.102224119711138,0.4172740705907354,15.478652497846097,30.910866713571313,44.61795602248568,5.0648145461033005,18.954277019635846,5.629262414786207,99.22766588813447,74.55840109127901,10.011454465601755,49.56313419034801,12.522593293323359,92.76581325323949,72.32433263617776,0.4613535984920647,80.6783521123471,93.98372812574809,51.40421761552613,20.04063797156366,20.99365098321596
254.46367834712785,226.80114061992225,102.42169504697749,157.8489543945309,152.85525263172786,221.66390000155434,219.1359648323059,109.92118166989655,127.13229343207556,202.38772613638557,5.315489943899093,4.74485721131844,1.472660038221707,0.6947243667143261,1.0750969526260923,5.365915899124894,1.676902069759639,9.409973585395637,203.58739944021437,342.7282110569955,263.9744064492359,486.40730285343824,355.3697367834949,260.639098735163,98.00227064182556,119.69187033857361,108.74773169508482,47.687193464580304,112.45307214398765,29.876796437181778,101.53138454786814,0.32511451751524867,4.59307384291634,4.945479142075557,2.0759993395392504,0.11455132976967923,4.649914043232194,2.5564597912260782,4.0134286368269905,0.14335938702820988,1.1504469571200686,0.8725122789350374,0.4142021660026022,1.149323359902783,1.4841056998301523,49.295420492855364,6.560151278503957,37.25777055689575,47.172995404792005,5.302739434317045,44.2661726404161,63.646533437449534,34.34157372618859,49.386541076628085,45.271996049076805,35.423972414653534,29.90630982166803,29.95370800149414,3.331206289128663,1.8190632827155384,48.41097983945421,22.786307500594127,14.585160805123836,24.93368076451748
204.03270022239866,207.9970759431711,291.30027965989603,280.01663660329615,141.06658774135997,156.20995003337782,116.12308103392036,151.41253843784176,152.00960805048678,205.40152491630676,0.665280876607246,3.740314230462678,1.3603875995925776,3.3224830474487406,2.724720288312821,1.0093183385690898,4.410355021667333,5.589674301340554,96.79637284857124,417.7906324471455,464.5427666031722,283.67291504880427,86.14655308211758,140.18244809639026,61.48093160502009,37.45054424966181,67.18834677514369,7.594589837092678,21.98875517281604,63.17081566050927,92.67825648925819,2.9707848493704736,2.8113379620403194,3.63057033468103,2.995910926565487,0.26341035979138916,3.721976723603085,2.141602200468317,4.863617262267545,1.1447787630267292,0.578908164233689,1.5857383698342513,1.5844939940143483,0.269951672007207,0.5551475632769367,25.29044363314508,19.23905908436226,9.191393786037716,23.196502690446472,9.47770413340509,24.60731606566691,87.29272983110747,90.2838478426696,86.5229595860446,84.79777172388565,80.16887159973261,40.06262599041731,60.535505148082954,8.376919992754761,92.0571993142085,41.05669452939201,23.590684442118437,14.412322181768811,21.70508329827606
270.436300063708,255.96907903022873,247.50167189180138,123.22779204010513,196.607939511778,134.69921007100442,287.9137178050331,193.00726684418197,177.01161114379232,212.31890154243882,1.1943773464549472,1.0961377745036418,1.839155749888987,1.5225074893237063,5.00105386198039,4.505684968881017,4.07879720876407,6.042164249513497,188.17759689786692,234.7964620787305,209.59411104659773,192.89824869434173,328.3974564811861,468.54191744935275,40.28638503080111,71.16755745495743,85.49533246209128,21.979001653273265,98.11001818810196,116.09139105467462,87.90155356843427,4.764572108300072,2.4155951624468592,0.2559009626451574,2.1545764238624168,3.0508848595268807,1.2140951948522702,1.4408310503020818,3.1504583381981037,0.6872814285294475,0.31069389416392523,1.4470067562348983,1.6766938055441276,1.3561567791448645,1.0020014684758716,26.06869660273327,13.437671078175914,14.105911470223935,49.634960937550154,24.636584122730252,22.21873993191223,80.77685130371435,16.33818077663828,90.04522117120824,29.470441503862578,23.675823459983004,39.62833560674621,24.66562402856798,69.89940854790287,50.02972796462058,66.57878190323534,76.80081386425546,20.814205435597913,31.2223505327778
210.3813677548971,121.39612776539168,170.65028170041285,291.1837657910638,153.70675121352147,175.9503045838635,251.02672348903917,145.3957078943042,288.59655681422714,134.16274126124216,2.2719549530428385,3.1653549190281733,9.60663694907146,7.128337426999038,8.480691481921712,9.995101378114313,5.799621122778922,9.772013440799983,192.99746622843378,300.8673447640921,499.43396532046927,445.47088636024574,51.213948661746,234.38039192781423,16.72216927976556,56.83256833619695,100.23247856585536,8.028950701083481,99.66914335077311,113.90861064619416,119.67218557218919,1.317848546927969,0.23388864068237308,3.521867215122977,2.332042741392934,3.0739369203239804,2.931930364726144,2.3895378460384595,4.373455527147911,1.056749086932271,1.807642529361952,0.46489455615247155,1.9894815428024026,1.3055148422461225,0.5692790910427911,2.2975795971188955,18.377588412419417,46.008224243161585,27.209935359883925,24.98742007043915,20.6641727096622,65.22725543940241,31.575731067395353,51.43521611529165,3.662922236372468,49.329036490360664,54.60788323146444,61.08439090242739,48.619136877191735,22.674782634117218,41.67605776010341,1.868978556355716,15.084128437525036,18.594945627450034
212.18759430707723,252.2055805004056,159.30711625753105,162.79334347547058,157.49233297945003,260.28915524459075,217.32478365673254,248.78103746043038,222.07521195633842,139.53806062289752,4.6970674738332026,6.670970170869991,6.962376666513076,5.3838815953473,5.101140544075052,8.368769979375546,5.875523700044705,6.457078553956178,496.65368690318303,140.99890895783815,293.8178172615033,232.0368024244648,98.84966949111346,72.5197072508148,12.212982953659665,69.83901026614467,96.02721572831803,118.84116137838377,86.50109806313534,83.62951094946408,34.82885794196491,4.5450477983437,2.8141511711242444,2.066743503579962,4.435181229640414,2.503339785989391,3.4465588631465254,4.365628675833381,0.015446789704555148,1.161554609929591,1.7960654300635424,1.1695421482281914,0.9144411139193099,1.5619878218054815,1.202444264527127,47.84807410407467,24.888431284297006,22.142396319080962,37.995664518074,38.502078858657,18.56820160603068,84.07290824587731,49.87694515551306,2.4951884467717456,87.97826435449612,63.063060598297106,58.42472908539522,89.61666894849317,19.29611985318581,0.2856502817182416,4.194459600085776,77.89100627055763,23.96782004238017,35.694527267784075
275.33072053166904,208.25331573522206,169.9406459491699,277.6807344617363,231.35121269491142,178.41871538091453,265.6877341877981,283.841606210745,266.99475713659245,163.76346457460093,4.389184229859376,6.691265574541823,8.033578201090004,1.523961262804078,7.505543919481728,8.945244636254447,7.524871145361755,0.4047870317213913,497.4583843588484,326.4990979387019,30.71180717560793,164.46692791650034,243.14043934735452,222.02540816700946,45.11967300644539,23.107090076832364,106.49964672881678,37.07014763399065,20.09515427568016,96.74864709360187,89.57758394267346,4.751340020407837,2.052801618033451,1.5429698502477207,0.8138103921163866,1.5407614450582283,0.7093805442936301,0.22177423170078894,2.655876106702197,0.5561822029291265,0.31032163182181394,1.5115268074927253,1.7607795882647461,0.2722511379524249,1.4690901593139392,9.124555323778688,18.280871858230967,47.088430262788705,0.8500153087311979,36.4457429658265,26.53726747862541,28.7158495433571,77.58505571480978,10.563917842782168,82.5023953051183,67.11623533076,24.812502904226886,55.687679994255234,59.259943868981914,55.95464687447742,71.9921452170455,52.67987365391391,27.124804354950268,36.04682937210636
180.69657324247942,292.59840077179894,254.93070623623638,220.58857529589233,293.70746633997845,250.15392984221114,116.03735136242265,184.75402398618468,242.07030014246644,218.69928316437029,8.016949433827634,2.9336206416759443,4.0365863587542545,0.19149172521459223,1.4757030619642706,8.249940956540344,5.14791048723554,7.2656474886421805,66.24527654370009,493.1262525356684,297.5098503787802,471.19756908537215,330.24692481374,72.25609261662194,97.54476244819816,103.45720084853328,116.23428159036946,111.20741704766598,81.75084182449287,25.28907010927616,68.41151461417857,1.3530766684457378,3.866303972969194,0.7787633607153661,0.5273089860563616,2.6633962307570602,1.7985444544769427,4.889721235958082,1.0810912683632885,1.1580316359007976,1.6147116655833427,1.3027815546038737,1.9193249341320169,0.6647912391170068,0.7290420035265353,27.14785964111691,27.86022759418219,19.926358598682206,25.085007588028176,10.463015406631957,30.424790717279357,63.71164488122984,74.87991051030319,58.671674524123375,36.656047456961275,72.83104420478259,79.35842504171187,73.33399754526828,54.46121518190361,24.44878705598381,28.09839412828238,93.6222652384836,19.611484230731268,29.56433319410837
126.80304569012814,168.3744332077372,232.27412221408287,265.34147194829745,220.727440111875,125.09725935983013,195.3677755466249,168.426520022379,122.50062610532635,142.0235551880429,7.420799073452723,4.65501600292111,3.4294960022990604,8.100754785339706,2.598896748467946,1.1201127649667286,1.137744145313579,9.064140052160415,365.72470187089016,34.03625056801899,144.54062088300236,426.2636564344122,81.47587220740908,256.2405252859668,110.65323117339051,109.60042848462757,55.49312069532305,119.52692171236731,107.24495708258955,87.9907331906781,40.99375598679575,3.773467310767899,2.0253789987615782,4.201120733237262,0.023616435119948574,2.5863460861725267,4.528685925203541,4.966602899595912,0.4800203608448545,1.5365161128105214,0.948625631688834,1.2400313653671637,0.4284988752998675,1.3352101394833924,1.2457396117455317,20.085893192957215,12.31315966652626,47.61284569923785,37.003946845096706,29.950352717634118,23.588394076861317,59.06034895239809,21.071687432450346,12.385860646634494,18.545113870521124,86.59773170429443,49.65259546767925,45.33389987162968,8.879930180999573,63.12643360108433,4.908531226719049,99.7321547722923,25.988164680276075,30.72839933342778
105.7565352626678,226.52437862678963,137.03911357349358,296.8026326420928,115.39589341299326,254.55428393301582,226.01862537233268,292.31014642751325,247.18408127478978,123.26634542665225,4.320551110507942,2.015127557318181,2.4213916671533826,1.8443246210260507,7.344583340872957,2.3517377152415166,8.59708422197575,7.976244472963834,35.35528503785956,444.4000286455322,25.91584779758841,423.3975039555261,100.75943210715957,285.02500227954397,108.12640693050244,56.71109125798609,114.28857866686491,73.98174043145814,53.936139152101575,76.07584295856782,23.46749013315947,1.2014872915146044,3.4210683582903014,0.3285684811556125,1.5768618743045122,0.10688364378406247,2.8401937699241553,2.99312867915363,2.6645353751513166,0.6063686907635968,0.7155371723780262,1.5052606860614592,1.010928569213112,0.3597885692396561,1.6672240713861042,21.071442686857985,31.950407487704886,46.32407989279988,39.24993748794323,1.5207791367729724,44.884084091024704,62.24196007933448,14.423569661179636,14.94177769112708,67.5533643048471,39.28594430336376,0.7043553518807477,52.41239176639966,64.04127727171462,28.116928145204724,2.0621076526904147,66.34845651089614,9.539877353294242,20.494408004880455
251.0274511347238,286.40562110200347,134.82186706681688,157.68108756374914,115.1167227708134,147.38666498132972,265.73058122365785,188.97048656550817,155.0197763118249,294.02337728368644,3.4036716549987363,2.1826836071453743,4.858415480292848,6.101544757985583,1.7308666879884682,0.13090434842845533,3.166669373533352,5.879949398991684,24.79408751522243,285.51842635608614,412.218119300385,261.01952409460444,110.17871986217487,175.50032313185682,110.80009599621032,37.249434080961336,88.17834405942388,8.8175762325396,52.55443825353887,15.5284496113933,108.02664126276792,3.690679697043342,0.5160266497252788,1.4562789572744053,0.7455946947572927,1.4195214593342154,1.0928187528409812,1.664405576440053,3.7366642656839795,0.8285096532964233,1.5042986187965437,0.2078834045869831,0.21402055582656668,1.3874366004980403,0.27902614181253416,32.343358218787365,42.761268704180246,33.196081054337505,8.323404838779103,20.228096269524503,16.224230812210116,16.86319271467752,30.396960429409823,77.21170977821139,7.876090363563925,70.66319259638561,59.13406333166802,69.50750787548786,76.71548726305102,8.80240291902269,93.13612685773181,41.2257194420137,22.127825760408328,28.445203953541736
224.06191027069292,120.50194559813585,119.67912994267947,292.2270970815186,290.2846441691132,235.47862597777456,256.69391200985353,197.80968008985664,227.82156939894128,104.39636296192458,3.233040962208836,0.32816617522541336,5.563104461988268,3.4355269394597814,3.5784237530837752,3.1047502362933037,9.715844857035261,6.745904779625811,61.613608180032514,133.52834318552698,145.1075221205704,396.82481541957293,126.96339430249945,45.108800973427485,109.38841445987441,21.195844180096415,13.126841885429025,14.3830374944966,55.92870560163319,18.01328575781277,73.47738051140222,3.9891256567312414,0.6734318311221751,1.5388506401902649,1.1077276207391749,0.27539485392107593,0.6226961426145624,1.123014351926899,2.0672398871471547,0.60966111701171,1.267226128015388,1.4897016999867225,1.279375622845983,0.21215075055880367,1.4502741381784152,33.273389516077636,11.591318822303014,0.9369388988443905,21.239062043947545,38.32320940829449,29.126436910945674,27.724303999806843,48.375415167590255,75.06920585755003,42.37547555388085,73.21746477702516,79.80594415291364,81.24050050513972,28.655440770909692,50.505162984355934,25.20760086441689,47.508590856069446,24.80222219170724,24.307298021517113
240.81595361984472,287.44569744729023,232.06054394026762,177.8963789804841,159.45815806146672,213.15631096819925,155.41384994267992,170.32997446838107,168.19239472859772,260.5394810672043,7.762551364210689,8.977790844086671,6.354570952162278,5.896310789318852,2.722175952354357,1.1752132832302766,1.2668150759297245,9.90289871359155,483.0879719338877,477.8959579045364,400.3087914827843,97.88314603963042,121.01138577788271,472.31673246028714,65.63084643404552,83.63295484944751,83.40505893941972,60.38274133740594,14.46126742776374,17.471016041395117,99.86739132869138,1.2435564615161407,0.7071538513393002,0.8129173669778668,0.06608252350023087,4.501772209723801,2.59595219843964,1.3896870744675451,3.35383617222873,1.6590634888775846,1.5820572044273409,0.6180449999915139,1.204671698027476,0.7363699506232927,0.7139753944272224,8.137286435475794,25.639922184853315,20.31656675780888,21.244061926907268,20.27567536771474,15.34771904960227,28.66583187925391,53.90050448257506,84.27727594254719,8.586232154003115,30.02741301269902,25.04667378154578,65.94513865254497,68.74888619943076,56.44857362881444,44.789919252306355,20.421542765150768,20.484408119443156,36.46628929117551
142.59283230178215,237.57714446016266,252.87453244434718,177.10238094738446,118.41339721649508,285.8289434423375,288.1760339118408,281.90969460242763,299.5344526529318,257.60702991500443,0.6155168215905704,2.1859959842415715,2.645473189587076,3.224970907125008,3.5636307728025374,4.780654118485671,9.586686605101782,0.9975546762424494,471.0231384684017,246.84360849886048,151.2266156483748,290.8792492025594,203.623063163842,388.9430256068805,30.23279843404394,40.90666155638455,83.9724158545576,51.70978148482089,107.58294043844694,88.3010475054311,67.71467316017765,3.5821890224803425,0.23717224400072018,2.5458425676014826,1.143705119291639,3.628863582297826,2.742951757915429,0.26002607825980956,2.4536990766663402,1.4774662924982338,0.24122483520258048,1.186557283567773,0.48783994086007454,1.7087511324317863,0.3330349173973941,25.229539329533665,32.61014433521949,45.60613891993199,5.630220020703266,41.86201387017049,37.790826177730445,60.19461625727632,42.913759095527915,10.573513650610566,59.79096753287628,96.81579502116412,3.7871009361926,97.7491993890093,19.9719517008784,45.25900255395507,95.05764528988554,9.923432399148101,10.290846137063376,26.872702356787336
127.27429511735394,113.56741182103438,153.0092856650008,168.07742085090115,219.8089174300763,177.4645035950628,124.86916828617407,213.79109665637014,152.71029589935557,159.4428227690192,0.2269343301549977,2.352585381670987,9.491675400939608,0.9607016508533163,7.112408085871906,6.803562136881629,1.0010168881369181,6.705723803469072,105.02463193753343,172.52822331995895,105.2199133981494,492.0845021952974,330.3569289099942,421.0517294475093,96.77535702623435,109.5969355400397,109.17396483614061,74.71039016490327,104.9560293577587,21.29724894847083,30.29736427521225,4.062401648931808,2.7112310077563206,0.0683961077863542,1.670230793842546,4.980614699262632,1.6787281122595157,2.3808036828319605,2.1910584711375356,1.7552732307149739,0.7053153379191671,0.5603794899233642,1.6160152418988396,1.5711534517242043,1.1367429944672627,39.62863373252192,28.448993495064098,44.31295931085168,22.4307526307276,48.81968686120144,5.554994416747665,97.2546880439786,66.30901166480069,19.814488109681772,2.7208383809629977,86.5219173522062,80.71786556507227,81.98225877982827,75.67288137117448,45.803555432978136,46.75169787807252,57.87633933021351,15.754435680842489,18.483138012946238
102.90893313357638,160.19271338936323,104.18899220618256,208.28152146951703,224.72975565805322,113.23303776688809,275.02672372423046,252.43491743632893,155.82609415485393,127.12532320146268,7.975889480073816,2.868054183186805,1.780609132250645,2.307205084721761,3.7416870933137303,8.757602420876962,2.387257765675889,2.905637176248879,89.21944442131864,98.93383785271216,487.22843131116946,152.5696309538012,224.63557373589015,189.7655132002524,29.576992108046586,82.16643460716006,47.887195234060584,55.46749811680685,119.75957200588292,58.7892111781641,43.8181135065374,1.7993085718134898,3.9718989529577433,1.5118678218979416,0.1675218070853078,1.5178346038933865,3.1557759818114013,0.2960481116133851,1.4583806357749447,0.4230947965131526,0.7067020157917978,1.6937533871929915,0.17081057325072577,1.325045358931467,0.5298984066086904,22.442680935835362,18.599647586515186,9.775696104757627,40.45110145545227,30.557023833618604,9.84060034136896,95.40675511821482,42.75589435972377,83.29614298586506,62.923837563431164,28.986132869956403,97.62767159716272,77.71602046078752,91.17741691227202,58.96501279000154,7.860932352631133,80.54950979666006,19.742225966688263,24.243778247715444
170.1175117613194,241.6344177290563,116.43433349528547,130.82900863569742,229.70096402373764,103.83109711025058,294.18804992092373,262.36134367017723,286.13445111247967,129.12572934108468,4.823749122291588,1.3613399097847472,9.659966430187483,1.9617798081428486,5.597106893818608,7.517249934399892,0.5611414266567618,6.436894926203084,127.86219239281404,129.7815830257644,187.20621059995958,399.23264133136087,390.2272152874452,382.80720470953077,35.728836827005445,79.25381239503768,72.26482253125904,112.4188376662207,72.29606127231754,46.05290767594214,48.87696688445785,0.8468368521887375,3.055951906431394,4.66881092572499,3.043441580242767,4.3936443803069825,0.35273658423474974,3.595186331731867,1.9191416373600128,0.23980131250352793,0.7265308753467544,1.0130627731714363,1.6318319158423584,1.7538709915876922,1.6605874060713997,8.707321305915716,32.28888554628455,20.25953355047058,15.358946512139857,7.677701778916952,40.15946979138406,22.718955298969657,94.63290099387946,72.1087608697792,67.32055732893966,67.50686766869876,7.656361466490235,84.51015789810255,44.18671238016471,52.635350941015346,55.193604724665924,26.17665177292132,11.33531409344826,23.238423881544215
217.98353737092663,113.47012029375433,293.5720069690061,210.74229707160225,153.48040557150824,265.3717121945506,135.43070464452512,168.36980838345164,104.92888092726453,239.4863234474385,1.3957232716804022,6.428702543495492,0.24707561282428753,4.337391589152474,1.0893255828386557,9.391997398207202,7.08062015172605,6.115473401250994,262.6180270968197,418.09603037980685,304.6743436071486,250.33441953195293,362.44156791482123,247.83271863290517,31.824247009593073,69.3312433282977,6.401568366350389,66.49506727255377,91.38703819190937,68.30797618857505,116.88750343792576,0.46890319091439275,2.8790248789087527,1.5595425510166085,2.848313740929952,3.019240796983084,0.7342470693980417,1.865927983108942,1.7554801976641952,0.32682865733147937,1.0547117580232304,1.3215883028474689,0.15062605321134803,1.4476121339271808,0.18150222810904465,16.004238686256187,1.8981872073987733,41.85774143003385,21.912438833747213,19.29402179131783,9.568280963367167,30.48452430667725,26.096884798153596,80.59561278280401,48.71444746251511,71.7800634459294,93.80368073257212,28.121093542434906,24.462207821161787,13.256753886265816,8.81986534540652,41.96528102453498,8.879355466489026,16.484112701770005
178.44880901994645,216.43409203525465,159.08895549548404,208.3409624820008,103.02213684289501,204.94712753228643,244.41321284075707,186.73886626407602,239.33779757463938,228.56131821723474,2.4321027524855627,0.8439152364581071,4.863144348986771,6.617009455918957,8.069675163022815,0.633593074898509,8.517957492060738,1.6192226378708048,289.15526969735083,311.06090456541125,308.8909314790911,29.504784778822792,71.99818788404708,108.53090931896251,64.22297642501766,10.264279034303446,43.18865285085364,84.77849706818085,28.30726922534004,86.24479603023133,5.647827013858987,2.88115470101361,3.406313402729655,1.8086923416626908,0.4942085347645261,2.2710957804489884,2.735906366846183,1.0048300114183444,3.234474048234259,0.4059348323660491,0.6377262258537999,1.6087558826057833,1.3479747430590654,1.0868126999005256,0.28744050291470513,11.012788423200975,18.810358483823435,29.10495373587769,48.06745491057606,0.9694260758845707,31.474444136639637,3.606189227916712,62.73721206700947,98.97456749079221,17.500732929761188,43.14836362753793,35.9274411976062,43.20471539483807,39.91767021976999,19.708564648503234,9.508787837353639,55.47736617769807,13.49275417852994,26.761546113893594
187.49498440474582,169.17661139059135,253.84462956762673,252.380362520974,293.00307389089437,255.04881036698984,108.0571037555997,269.69435488125293,245.06527814717563,256.54913485027737,9.331789135664087,1.4286040206308677,3.4003415973539717,2.71168014196894,3.761897393916436,0.22058037062376026,4.397303709978206,2.1467917928283677,118.5807809153292,457.49035354927486,284.6320062650159,383.879504929677,33.93239542716452,70.96745468453452,42.01016343944419,112.1710801038425,12.158028508259807,108.0958063538871,81.7658140957795,83.74309178045318,118.35159264781831,4.890709615385409,1.7048301621293538,2.371093590688017,2.979098789816821,1.1206398253302892,0.31846031228382526,2.7288192536018316,0.5889323712829063,1.1128570552821246,0.9443288591662874,1.8010989846355923,0.24966207643831242,1.9614632507329945,1.0898926393730521,6.727964661784434,26.864304624729655,42.441312055586934,2.0695497566323295,30.334933230117255,48.52705086925775,39.881558985939414,61.137793866013176,86.4431606155702,10.139393862720725,86.37432859409664,94.14396085880875,56.44629183945907,25.007747265571687,14.179104142905008,85.14770738024598,90.78978199700572,37.13774178532612,32.60735219340718
280.8317388987497,224.1831035534954,224.93271377085276,266.7299923875171,150.1786091382205,146.88512000230293,181.084565027831,172.65107033516205,267.2757154820799,287.49623447982094,8.60907945868649,6.4830915932419195,4.546321797909482,0.21949235947611773,6.52048817443009,6.647247326978505,9.292368542920054,6.254132822627813,380.74516616407317,123.66454155731506,458.20091432539516,92.59888075213527,440.191366359807,179.07492596780787,22.72794570691427,77.2128117294379,65.01539186796316,21.89026572081885,79.71927760709993,64.28479033015331,117.75308803763052,4.116522096910859,1.8161508175246623,2.8128499405088587,4.993283053858299,3.6945769047778527,4.405734737305592,4.8690589431426385,0.472255479752152,1.9447329336892532,0.79877742691929,1.490917984431748,0.5773284866934136,1.420226551599707,1.2189893897462178,19.19026580805001,1.5203513623753016,41.41508553020387,29.780327510820108,41.16764079820301,26.383085381415306,83.46741216803636,28.157472188228404,52.04632508497603,31.329234813700324,69.02293535090396,64.88393240024467,46.23863184426856,0.12393757663754501,69.32955822197458,28.942154336458948,13.863122766205604,36.491273177458,39.39838304853073
169.65109340466006,109.14840676250257,176.38792793057917,188.0882700624848,235.2052576105095,169.01674910264674,203.2566598395348,258.7870266903702,294.88786212769503,238.3854726533184,7.126871997217328,3.462640142766283,5.749579331909811,5.237479906221093,7.281357056452143,2.964588861200238,5.943960810380436,1.369476478307364,161.68105300729889,69.35790118596172,340.4761249697656,319.42204789504757,49.117222615807975,77.40053462281844,57.11494236779647,119.31712808905769,99.00647980829962,31.419485223630783,108.63900462178543,58.398510465194335,119.5573409109657,2.1848397982834182,1.5782077901224036,4.0454561376555125,4.722900074529588,4.521662337032457,0.7193103885780189,3.4787039346019073,3.3034648411002174,0.7787472915718858,1.4970624912389714,0.3826602947617709,1.4716353636924882,1.242597635944706,1.486784662593219,27.276344038304718,25.62861706937284,45.42035934414791,37.300086542992645,31.682033906690624,9.776124093833428,91.575173898614,41.16876245140273,31.076818479725745,46.52066796000124,65.81546851527182,89.02443124484132,84.74578182240798,65.04566118044451,52.8598412166966,67.86702001124362,23.688316872966265,23.786709121842808,24.49126060324963
202.79789783196216,274.3073612304753,141.13745243911103,160.46664987029874,241.3259739757419,106.02077444226379,216.1290451819268,288.1984645148874,295.1203838313305,131.1703073102887,4.874029780339533,7.108683484341771,4.412332664325819,6.097018944653823,2.175643128905834,2.609660059447154,6.3370706409205795,2.7252906637901964,461.8443495094111,12.982890178039103,207.82917201141578,51.97545508301672,82.6861985526594,499.1517983399936,105.4993324602942,66.79598654888201,28.74090959484293,17.341645954511733,100.54116312649353,50.74879343905975,59.807640575757986,2.687738305246243,3.563423574939342,0.959702903548528,0.02332825690463986,1.1841889063961,3.372860171681837,2.463816782019759,2.736027368695615,1.9211657117843899,1.2466515117825951,1.7236115022129943,0.6327691192882349,0.8768540658117728,0.5925953836791682,4.101200501193272,32.8855958078986,6.302419115631794,38.16368048454333,39.41126834458077,16.37420676178556,23.64964795679436,36.54736194399708,56.96765865747011,64.22083168448445,22.08403722847182,78.58330250514133,2.706851767923202,4.2526641962196905,42.98551235309282,50.89243353286618,91.85304517857847,19.769665653472757,33.696331728894236
256.7306025482286,294.6977938354794,124.27728363188129,151.8669794634189,222.00148341589716,292.29846491482243,287.1874496497119,224.64207461360138,113.05535151329278,148.68852335308213,5.251203899294718,5.618504972234406,4.2069838179857895,9.632417890617916,8.858282351038165,3.3757821681685636,8.469650096837622,8.368930922606223,331.794126163798,258.85239843183695,432.56638841689426,473.9650247730228,20.84530502347785,34.10260521369081,70.6135783192468,86.6627525692145,65.65572023914453,21.058415911439912,112.92364320104276,104.11964405500363,115.83803150641495,1.4048441482049765,0.8165852749971637,4.3600144221908606,3.9789377735384943,0.8851977715183267,1.962105174154982,3.8868023532799865,2.156698482745861,0.17258151047944148,1.3418959214028994,1.2752980401444618,1.071230312563696,1.8145837473001958,1.6993447756052544,30.38925692529508,38.080781036795734,7.688149501949026,35.9389322317602,40.09524440015639,41.26117478448479,26.57944734888392,17.24990600204893,63.858655023445245,0.1250127518499622,40.78423113495825,2.7997742820626836,20.917541723282085,21.039074021723103,79.83389952728494,22.232669120441418,3.9535593154691795,14.760880161872231,33.04647746352708
179.30855646425402,293.77557105713834,223.00259360777332,138.92476734097437,162.58147884272964,233.5735813401627,234.45013745883892,248.32545749037777,264.3678645505805,268.4387461746229,9.75492089931119,2.6346096133089794,7.353961812591734,5.935760950623144,6.200620090908834,2.7709809731344053,3.038322030013205,3.3382059094162226,223.81208520876973,499.1703958871742,98.72082056682255,152.94470471837684,317.88481899634036,226.1603636908475,106.00859467707251,11.46409915461555,28.460993198738212,63.94715619743681,104.91584936068486,43.04795756035417,50.49390591273014,0.8236986781267173,0.07499614876149266,3.790171292148008,1.774490328420065,3.484147355874286,2.00494086023582,3.6900075947759534,0.7706899931954387,1.8610571853478508,0.5001093987570244,1.25795454092252,1.8389717120882174,0.6618472816494863,1.910970445570188,49.65470978839557,6.112017029766805,4.5990469339681,36.4593464516876,42.62512252276446,17.9072151994387,22.084981650875367,47.729521263154396,33.531214125962094,71.10639192353632,43.39224891323499,6.544250232505389,88.17065410018549,72.24495561298211,32.57946597608051,51.782029865320766,65.61156340598586,21.879987183985612,32.52953687262806
224.4173400455747,249.93036634858495,254.9267561275576,111.52951643980498,154.21925075281314,286.64101755186124,196.2555902438474,261.019462408227,229.26198673147627,141.8612151668417,9.661127394454443,6.543196709844348,6.890175123356,4.764608337843604,4.344378903339666,5.163220422385714,3.6072306411434956,4.931795547069663,397.05688083439424,350.53298172113307,276.6760112291046,120.96769892192351,295.3615759475908,231.52582597128824,27.5253012841008,77.64966033469226,18.879173802317652,41.935614781258366,104.89979791336798,34.82706943426191,8.023860676864471,2.4155849795790436,2.9850202691452368,3.6160251699611607,0.32762033796979084,4.885096082000341,3.8267987477696073,4.45975995067839,2.061025288227864,0.44418995387944527,0.7184541141210897,1.850547063629351,0.19430527266949885,0.1175172290007151,1.048174676830241,48.22418413499414,49.5329613071389,46.79580763422386,3.421126950815968,13.699857258378934,36.31381227197577,35.01035675745787,38.666225302184145,77.09370374846785,71.27119321252765,73.36610965790206,52.574460511854404,5.91001376769672,66.57250139157834,56.810666309096106,6.899353589975277,63.952588321795155,26.840435228242594,37.48869949248788
272.47274174934904,126.0172480261264,228.78085070822613,168.48959576694267,219.53365654054062,153.09928148581446,261.9350072531779,269.0079297793285,229.46842687461825,114.50446339089629,2.2311635532797593,1.2511094348995186,8.349385692154893,5.776676096387268,1.9051183174243735,4.457469627518911,9.068924000026978,9.417289317943819,410.77816676286574,161.11335006292157,475.7696822524406,73.27683799250381,493.5827965532753,157.30964500502103,24.20199547234371,92.93470533289108,63.76463107244938,53.66487654557681,12.328182569202601,90.48128177035619,30.799926432752923,2.322872815174254,4.712483010023685,0.44315482283602986,1.4869562364438782,3.7522759545093494,2.5023160495228405,1.0312980484937981,3.950761498966858,1.8337024728667628,0.14021435046294115,0.5727799557651779,1.6410516080977797,0.47380699262148385,1.5450095934426225,41.544087358958365,30.50530121608723,24.02053802670571,26.939762647248475,43.62779187961088,38.97882811275851,80.47593985905446,17.831736006715936,9.275379265788676,44.453780649249985,61.839454525755244,12.961901984491265,22.698830360879807,7.3328912046165655,7.440760149019843,34.72123495897094,38.3254433632564,20.45178239335739,25.240364226235744
289.90412473152844,251.6526391858045,206.06042664983167,154.04953842615666,273.2191267223383,222.29272224513215,290.1065641908818,179.0106675713592,125.66998532293896,240.6560108084501,8.12993520642265,5.410462792492301,2.574593914271006,9.286216235634068,9.428779285221946,5.173042658628898,9.019538610783762,2.3487759794857683,152.3359867483824,439.66070568282413,316.4448386414022,473.5410747361334,444.5968741954143,289.9622671964032,71.19136945531832,94.52914390804409,14.102091409218678,117.98633065631711,102.28562456003492,46.37279809512354,113.70906816779923,2.614430464490763,3.05094550581156,0.11798704297317757,1.6154652164016818,1.430057887847768,3.631020763582893,4.2957991055310725,4.449209966588392,0.20683211721937622,0.3059119438570228,0.5552164751386632,0.2240167972801301,0.3080832346904824,1.0972118736332062,13.68388508371895,18.478092734310334,3.684101532381183,39.256969047034175,32.8776529239428,25.308550938635626,64.68574698844601,44.98800454177615,77.93928506817099,34.34064457479518,8.586059062626706,46.10342391571515,35.12503303764862,66.0054741079077,74.4404083825112,52.28362250204916,46.816467900711814,28.842942354296998,37.14470582121983
129.4146961858076,104.9173832917603,108.39024468632725,293.2834771732815,289.3467457846791,235.69999365852757,104.41322973645816,110.25269183519964,230.03743328913066,180.5052710980284,2.0527023950534664,4.427766239945843,6.134332246565229,8.300943641456298,7.5751752209030885,6.759864753854318,9.767179484388622,3.957297571844303,176.46012647968132,393.04391033410025,410.31454073268935,358.8328337962395,211.31315696564576,83.4887418342569,58.2828236778214,93.56284000648283,72.54578258086877,23.020999996534034,74.86001536785858,102.40483897208587,6.582939733570997,4.7644948819640645,3.9167790481750666,2.974123377531339,2.6209887541521937,2.10557756649745,2.530904231476318,1.5121201743380774,3.5158570841214583,1.901616950240562,0.6036030407788859,1.0750677539204274,0.34091020423968565,0.7060881709288369,0.23198735588320016,1.6091760257286811,12.830096295607333,16.41573017444504,5.156219927347815,14.841415051427104,39.26906252613625,78.59409178637,42.18439682587392,3.1998518681948473,84.23085646703586,30.769795188724004,95.46302985644675,75.07405608116909,93.05748895757826,69.51924448155899,22.8394338085652,85.49179514805613,21.57441689024508,21.531283828036894
285.3175250322989,104.42471030579945,293.69775551887676,211.54176525000878,121.18116088075152,163.50994005151767,296.50425445120777,180.37525424734793,296.49651612024957,284.00801050918074,2.214021031051119,2.751948469892664,5.893428375389253,3.2974894603016995,2.159443171059164,3.9325920388143687,9.028199332772544,6.103931977881102,468.61802532701563,17.553431377504236,330.2447555171445,373.4138354718634,192.07706204714214,394.1170664877445,80.91985378940004,31.02250213877178,8.603807977823521,67.19338814177868,48.75111195308554,42.70720264327164,67.78932557364213,3.023437547722413,3.3672256402354903,4.317038472990575,3.308807998671585,1.927745000937275,2.9685976536122642,4.705584649847235,0.30896175764559536,0.48151670220583553,0.22438107047383998,1.5266398264162437,0.32670629738950063,1.6691694871710645,0.71961187440098,41.760314292701125,28.85839465332902,17.89492573593336,1.096471158149959,49.371088392314924,16.186698719196613,58.30311063353062,13.136567765945973,49.79660607214902,78.4587482031228,47.30475044615455,29.475728755448426,56.01806961668484,7.450246901818314,80.2379629296882,66.01881301813604,16.49820633467791,22.16262511632677,27.20739386817361
198.42325861590763,164.72204382990824,259.7428383309149,169.4554078061015,130.96572251954396,269.62184700312605,117.22642781273606,234.75124595681797,282.3637139078894,230.05101421873232,6.79332103822931,6.079649477621051,3.760404327639619,2.448818200205659,3.4433366697698227,2.5879461027073525,1.360983156730273,7.577855402089325,90.72310879800324,410.261635465101,421.2917231335663,254.70823507631985,155.45749679719268,172.89938194134277,96.38208096807988,117.17082492460098,17.272221764863186,16.37018283116986,11.499181804627167,85.72365482607763,13.69418272288809,3.032801464745645,2.492208901079851,2.9263629060617733,3.747787504919956,4.2619541400547565,3.805965993069624,1.4125150932442085,3.3553447852395815,0.6751567141390052,1.2450015606739346,0.9497573456341674,1.9887943381003796,1.337906402193514,0.2662247102913285,3.258151482946305,44.14472653474525,40.573211262099484,40.82081066418308,47.53402848971761,26.049902512462086,25.77330780591468,13.118754191801084,86.14364634832663,98.3276088517724,73.6732945856993,48.891271381574086,95.4604702780331,41.568822767663626,88.44759580165537,5.181192169630677,23.15674782789271,26.925493012590227,26.757603622656053
151.64887765979168,197.72863808093314,158.56440734019296,216.0935201987392,288.94725175661597,289.43229258004953,262.8773558537523,190.07007715615856,187.8261321609701,118.08379555833216,4.109510876016729,8.726202564168798,4.9119696648365405,2.700072762424129,8.115775155071924,1.7453853144065803,8.254870432756174,9.02636852845578,30.653704311837757,157.25811104686304,472.7990611241694,242.61661478253689,84.67939081856187,299.7578690013344,91.40033900000029,119.44594387186795,68.24971083104614,41.62707602534604,82.93248409832538,10.187535722813651,37.93560651917153,0.6488435666767731,3.5947780849013915,1.074041978573199,1.2370561823907007,3.8591401865723967,3.040470627177164,4.634974230381754,1.21251809183601,1.0327904537956205,1.996447220255268,1.3043936407955643,0.44235400672991343,0.42106311954405373,1.9788703265845256,10.678590032803134,26.267987108997556,36.90610616246069,35.758572184541215,28.93482866871677,34.484634066620956,22.799418021254414,64.75073798456974,8.649527402139757,37.193080533895206,74.3569130079674,38.42596300680694,22.787501507297346,72.94338901141414,75.80282672954186,48.48098978706269,51.235041143989044,11.475350473552197,17.53589867471124
191.82715124765227,254.08148356155863,295.9940658717701,127.8393402691391,247.30704566695852,276.97102353920087,156.06695051028248,249.7926301720797,107.98959465721887,289.57131345073213,9.32228963035455,9.98915652765446,3.2064432187267147,5.0937682931806085,6.987208865831856,3.559793783372993,4.157400933284981,9.1631825769778,232.48710807867909,83.33999764596453,143.73164649104103,63.91040906582356,77.66099173498444,360.6632256728101,113.36003497073453,13.693525643584145,73.0118524833751,65.66548122257885,42.743201311826006,49.3397312126868,15.130677831866967,4.982479442222334,4.122279578037557,0.46169429076657403,1.61563514554,2.948987419459985,3.081919395850055,4.819315665175759,1.5831037027017614,0.8233696743474028,0.29154890672423817,0.9597969760231657,1.8038475078869096,1.5987612700754432,0.5351492329394166,27.450434164615828,33.24286675244553,34.624658953347165,20.90421763726491,42.238814730778394,8.819620791566829,0.9000705863749792,70.65808047171039,51.77389364941697,90.68326048570984,49.05433085716368,62.982696424824844,87.21204049887294,66.77230031779133,84.44898901272938,71.49957812893834,40.974542300003016,34.185341653558346,39.631478975252946
296.0065150570954,236.65907532130103,220.37631792726444,188.80874984044058,276.5987649659546,247.8133951878745,126.43593155077434,171.39648589373277,172.45869800004095,151.71145272804918,0.9811963754704874,6.116851410559902,1.5042595364081537,7.46608956716292,7.681264497885671,7.443884104937103,9.908933423864784,7.788736736288967,402.59285111937817,120.90211147116653,93.13392981579224,284.32213683615595,74.81901692470666,445.63063766817896,50.799487053056325,112.69133862335208,8.33349696078218,113.86265078601384,58.79427047339399,44.47147012126842,103.84579142800149,3.866496271730996,1.131410904416773,3.5009862995604975,1.5488247172300786,1.3820459608805473,3.9482057612236963,0.7360018737105012,0.9874073077203228,1.368303141599985,1.6603374040716037,1.2597356429252407,1.982771109598453,1.058017745588865,1.3082107968898655,9.329712937610358,18.20597375725773,1.5822458532732473,47.04962341242151,13.443977191633648,14.04428738541839,78.09821368740725,94.11804199089048,15.939143896131636,8.740188589295228,11.69323822606776,19.384493065155883,28.29134897492488,22.65105424694983,34.565459896172456,42.99460589567728,57.43724975451836,20.320884962631066,31.297163493820285
198.52361879857392,189.18054127534967,216.48453164144928,225.24686428421276,140.52652682706864,155.4929359449908,187.971127942767,226.94882822080592,265.2780623201111,167.44249808125716,5.164103844013981,4.106588155858784,2.216631985561055,5.081870151111325,4.467890911908031,7.591378610103549,4.775581546855131,2.3604752822737733,388.11737209226544,239.60410414381812,247.15546766294455,130.9890826033073,65.9162310215215,419.53584386157803,28.734475358540788,38.286657345002475,70.93833062017922,49.99124544760055,83.39877026134045,98.91805501673119,72.97313160948617,4.387244687029084,1.6872910976108964,3.6116336838158696,1.8200569719231736,4.690562753333061,4.745943210938672,4.872754417481287,3.881021395194821,1.952134757775147,0.32575086980377965,1.6622983749660512,0.829191063783366,1.0741577858247642,0.6402556936953809,41.77252239928278,19.713538260404146,45.57944192310575,38.446605685247825,21.093831332239056,32.77581186798578,84.71212261647177,8.700469046109982,89.48157500609352,41.14660662508523,29.290340337283904,25.99392901342833,24.54982591265602,16.306727749670635,34.33373620149397,87.4586415318938,92.08391860937958,27.56392550840392,31.113043707769332
165.75032205750165,154.72533325633316,249.6146358859064,197.77956635849029,217.51717422188037,156.32320842112634,228.7913158895227,137.2839609707949,240.2998202930332,180.4520827367084,9.193363151386901,2.329550292140396,1.144585099371891,0.7711843186983146,7.193115000157452,6.702363328173682,5.582977216771984,0.34561236742140145,460.57000816728794,218.1852842633254,353.9125891438658,488.80121307219883,127.8509007787131,308.0714237707442,68.35495359400686,84.26766940136095,101.42779041221826,12.46427006468703,109.85407290777643,116.21137137125565,108.74224355760597,2.0773590550366605,1.1263914051913866,0.8709331864286722,4.99828498169213,3.2700429715980417,1.8898136081373305,0.43775761246211864,3.2465245919600223,1.2522103325293874,1.3728366357132287,0.4429057225727543,1.2989922327045025,0.7880131438636592,1.341167809176259,38.96940496486154,14.665667735708652,11.169985712329208,48.40911660952558,9.606602156819768,32.940325931562896,76.82825996284163,11.786149237825349,83.23455270336302,46.537411874865896,25.469238224706924,85.87678513640101,49.837519809935074,78.4247004040932,94.43008198998163,63.219278124066555,91.71020177378367,26.238689183387045,33.123232120867726
226.68017086334515,299.4249000315422,262.3539576180275,180.35576013086484,240.22791888349474,292.6720640892076,176.19036900469501,249.87388732899137,191.8687311187913,110.24485928086266,9.0507252387471,2.6452512850116063,6.862388794382229,7.263448934355811,3.926287856352746,2.4168789355380587,5.344771661042305,3.8993619105206756,271.2683255408297,151.5547766933711,121.32371405928589,400.3246606074222,160.26762885342706,200.31265838810458,17.73545882198634,43.8827558846552,88.0663603888047,49.638566515436445,99.92524529457482,58.00134681969056,84.16061794712625,2.5156191979702682,2.2663430483963007,0.15066967432771605,3.891937081108855,4.852678465744495,2.8898146145574968,1.1006532551964847,3.0630569224499125,1.4708222779294435,1.3219994458121327,1.4212192146113698,1.5802733821508639,1.7427710931618445,0.49976321265391666,37.91059053399386,35.429046071227866,31.638539532287552,46.50110534759963,26.245080810147776,24.918480999422457,7.440205772849073,5.1818128467911,93.39172432934876,44.08743162034582,78.10264103082412,81.13362238603384,7.120450525649369,95.62446552387966,91.45745363262048,95.84929160587377,23.001833971499174,26.269883887583138,38.06944294540515
148.0291237556386,185.23626044719458,231.29572146630053,298.7696777799396,236.02237708939452,102.05689918713841,110.91308165653979,209.13919376260517,111.02030703176622,199.30308444612098,1.6496392128158381,4.84660428368268,6.6412011917806,8.079104273842443,2.1915028776881447,5.922053833961507,3.2851965955969504,1.501333624779451,59.03168906760133,94.38697788144603,12.009710710781867,212.36610949451492,481.17369580906876,256.57028833673235,38.21787918313761,116.29174718790897,20.086286950891843,21.760235225507436,56.818669846913984,99.85617187268218,116.66835009318646,2.6151982077197595,4.426472109074171,2.047334730983753,4.8752024216907985,2.9047839948797334,0.44050305709039256,2.2264022165552944,3.3431833222496876,0.2672099755808328,1.8151621761412786,1.5961089047425483,0.8460256554887957,0.704821877326006,1.5920131252291416,40.89831698693004,18.27978389411997,3.5600426290652485,24.3240333474757,25.052070788547432,39.88147516071496,76.2221627169866,53.22284307569301,87.49823415300936,62.50981884311238,17.99863140056536,78.91896888706404,38.43070129932832,76.75834675428291,54.84973411052225,28.412181277497872,30.21446128488404,11.411300138608597,20.606687039319905
115.17266562173279,190.2774048659351,125.61914927324,276.0629524297854,181.63033817333962,243.2099946484289,219.89222793174332,140.8128777093201,185.3789455646605,124.66369821505845,3.729713230954919,3.7360492426790217,9.51100307864074,2.966028864685225,6.363502644929463,5.749827649610795,0.8427186800398899,7.13283770963915,298.4575974246479,383.493086924663,178.0382067599856,84.15721675885119,293.451892990924,386.68004875561326,28.907126355261614,16.67294370490658,73.1345844698157,31.44880552851621,49.595063106333576,85.46489061009699,63.635930297446755,0.9785317510551299,1.7325834331683085,2.9177663236437805,3.4686241871398154,4.107751864234434,1.800431364038646,4.968050854901433,1.191493584405478,1.2928436152330103,0.3164966659929735,0.9495116742153866,0.4074468669458339,0.2788655452724085,0.3105420453896074,11.375238123098297,9.940462000041343,4.535541547666698,37.85809444285652,11.034254685097535,24.36171764924629,4.5767453150269315,62.27466142952265,73.65533098659907,17.020783883816893,46.49212223951922,77.0919609317896,35.567596810974365,96.32044821977502,36.65587852726458,93.87893308547471,16.20686812970299,9.313957932536685,21.134568228149497
125.77594438212984,132.72476423833382,167.65350119889968,224.68119163188803,103.07897833826169,241.24923251105244,280.48065522213494,158.38223469956145,193.8049879435767,180.19406533767034,6.229301860462293,9.146763773986947,7.323816295107688,6.674844818905169,9.762537863428063,4.894235361286282,8.966947180978993,6.6451928095745965,391.4138510330737,495.1537940301094,484.74107437921634,394.81252865800417,493.92192951150764,439.9973158541418,50.604827431664305,62.24088394998324,82.30903750853454,76.0804216639739,32.57466996706546,116.24938858132472,78.45171690273057,3.4505508900715163,1.8785897767614614,3.532952023740284,2.0372908012199487,4.067395843178688,2.0661256371880357,2.447929625315243,2.228775627483554,0.962314576388185,0.6993444855556058,0.7141437964289231,0.9241492132058662,0.6751850885466956,1.8007857601715325,36.58017261941259,18.785328272728776,0.9740761584410463,33.62497374597813,33.80368383894683,44.1254521379798,10.559306570639116,40.35234519321577,18.48891955885028,86.6452171726252,67.071880351439,45.9437493461579,16.010155570177353,60.499542413704276,86.60015302588003,60.68225898856967,92.77903714639264,22.485337515245252,29.461500214052542
125.60916779155448,258.96190974998586,285.61672806520994,213.87547223645657,216.5852113608526,224.5379081899595,176.64307318945032,249.72174171636647,285.7111065788272,170.14195759841687,1.6780093592368817,3.7461251297915243,0.6152538036857013,4.323259820438494,3.1749496168137634,5.544791965200256,8.04649054401024,0.5353192520524029,55.73077893221493,391.1178744056483,350.53405569686487,69.80634586984483,192.5088044345799,60.85314480656921,17.789906125254767,54.22549607333858,9.281588201513554,12.753744613423393,47.82907638523635,98.27747914942485,71.2755142872415,4.515853850851109,4.303232501012939,4.051625595672985,1.954823476298605,1.6932705963996246,4.177834210952015,2.7565431214606444,3.169936070529456,1.7829864800472939,0.27248154467390284,0.12573421545636396,1.5665865255055949,1.4591717379089828,1.6968012158275094,18.086434378292353,42.76444678772143,28.513418404993867,40.66653789957833,6.330619628507921,36.9272198281613,44.04753729326673,79.79022209611327,30.250261566890067,55.17640185396393,96.4786152950037,72.88907725322082,86.07948452749106,92.9098860691917,32.34111324273662,74.51788992133986,39.78641301981952,15.99139104887631,22.212897301347777
130.38053870245886,238.73644515629772,144.92312236877038,224.1320959649168,150.62030783592175,298.02176921737316,143.2665555261654,196.52024713230412,228.21722071643188,254.56801668530068,9.683419503252813,3.7971014523398114,8.854027221896647,8.902281621701684,4.6635989629041426,4.968727262974314,1.481315127540726,8.382278413396415,94.60212653781898,155.0091141590552,206.64946753119972,102.77353921356453,234.2370499688261,198.57956862159622,8.661800623031253,42.49269701196826,103.3649818986166,58.4432319687543,17.770334538568306,13.90997758582901,60.68994938636047,0.8268920325107109,2.581717910415929,3.056581762260594,2.448019913425475,4.820463407556568,2.5718280866071273,3.475180498123006,3.1866041978153192,0.8376010893218937,0.8740283190284241,1.6144995424347777,1.5834492492219658,1.349405584926325,1.3897339529129327,33.50881559863578,37.04347615705771,31.654293646036784,39.4905759114241,3.5537268279507037,16.077395733515395,47.61470089248401,68.66994360038001,49.68551583080074,90.42095480132643,99.924058022444,38.72048178721178,38.58896437093833,69.04356945448869,15.36350828944444,90.2161117043447,44.97051448836772,20.07635757416286,28.442973509196253
127.76543452988203,144.15392255775208,174.43340476750268,140.26242156448666,190.05084922857807,162.37588715274504,188.51546918656308,143.20628807861445,162.33058333092978,260.6341023265462,9.156018354403837,3.8969916730963723,8.640484113162685,8.467733025791324,6.77261357359155,5.698018024133671,7.790005886365721,2.5625583362827045,16.02242396627874,129.95639109194536,104.36228769995176,113.64505369467143,169.0435429909868,390.2971332226153,80.53131053245366,79.23640895121709,109.22075068833047,75.0880823912379,116.67713346194677,87.02739807395716,102.28532702364646,0.44072818469596087,2.6818905082406976,0.5632942369064403,2.090180218988542,0.11948792331184431,3.658021202759304,4.841784855782027,3.9613407951481014,1.3909628736948463,1.8320270297591452,0.7230834521683773,0.5380237051247353,0.45723259175179787,0.2280877915714109,6.540075567243151,17.064721800946412,2.9978840100448236,8.084982516644725,19.552795948788113,20.0650734199855,81.61186366186963,98.584042094686,58.88967815147237,0.2631644021484747,95.2922143555439,10.070958018948017,98.19201795136824,90.88847502010866,63.949267500548004,55.119718799182095,80.26407807774596,23.145846593678364,20.49911017182338
228.17494896064292,116.47620912316853,186.4153765888392,179.02754865286371,291.5162030167635,167.99437275864963,109.67254220975617,293.4542380740595,205.06365289014428,130.6825764778176,1.752806772441245,8.382540082639816,4.488871175649717,5.301776783265458,5.460912193012629,7.183508950749174,6.295881993901039,4.379048047361318,300.8897639289371,116.65627927230973,184.48394013982602,282.8764127538162,99.6149489393108,221.5093636710409,75.17863250332756,20.07141049349176,102.80201143665974,53.51371512226214,71.00050605535158,66.58246727357297,79.12039060209142,3.6937123386463075,4.305398004627742,3.41608254399065,4.143347968002801,3.845867434749397,0.10484692612810009,3.91892348661998,1.4426487937736718,0.5334920836922502,1.5848939870175267,0.7788879918752953,0.43243471579241843,0.3123901682993898,0.49628115382496374,35.42653571319349,45.38704375941677,14.879001795819924,12.069908824523043,20.786326500342895,33.550490945607365,67.95268920409106,13.789498329967865,78.21833953132099,62.998811359299644,71.8242345253535,39.337464164889234,89.97079490377743,16.158896796959077,4.262180973296692,86.21807919496653,51.29734728102919,20.811542114900035,22.592898429501027
136.37601687982897,236.0998604149426,187.88099793889043,107.89190657817986,179.80706352848694,115.78788058931111,264.09751689605497,243.02500396337757,113.21106156443201,173.31023747584524,1.2994390664837558,6.542804376384328,5.900044200226423,6.9459049035545855,8.449935177519588,1.1853191245940535,4.150523500384461,6.71254398101185,444.49985205349316,76.98058649962778,93.2213223176115,395.65776045527946,80.15070681101379,172.7916043924791,86.46127764444604,87.41617808537515,99.83261881874802,7.199530321728991,19.697671921449484,6.890146662217624,97.15091045837937,1.3732771400481805,2.4577284177571115,4.921041448045462,2.3303600450031974,4.828129857962579,2.327818421445295,1.128528482074256,3.8539772472671436,0.5928078136959724,1.4735101908461063,0.7384117098877433,1.8490653339906644,1.355644940963318,1.7327870318130443,48.61933253108859,4.204215438314614,42.64699350181183,13.653713070289584,16.327160023061065,44.77540463176282,15.332017863121628,5.831566434250135,22.695962818706093,41.24578468548329,74.64408330220917,15.866304422793087,19.48106995699255,81.55652157439489,37.9101906166488,54.16969395880553,11.975548222151211,4.010456611239114,24.132697850322558
169.13345666477264,230.90224285622705,222.5879164989051,195.10920749736533,267.9603213328853,188.5596273087475,265.26816219003734,291.42696650795926,294.51364712994734,174.67063220636635,0.9455439798018265,6.180271618157037,9.763175491477936,8.84516204011883,7.641252794048207,7.521294946275335,2.6148093760460713,4.351245989837308,338.62502484102873,280.1519693492276,62.08985244334619,164.01429057509918,473.0888069258376,211.5481214434021,80.94444063120456,117.76809423755054,90.67099782300272,118.33472604382952,45.572691065579164,33.90099025342602,95.43185270927752,3.1230740826704735,3.4109720978006823,4.5288670771410455,1.4851156574521214,1.701151934385777,4.507575149166286,1.52192474401513,2.206520558278509,0.8146326187523197,1.112752259239134,1.0476047285434424,0.18359815806079005,1.3851159877443333,0.3317514251749307,2.6582180832764544,2.9628126749753396,5.514764157734248,41.01567868124202,13.268358560123396,9.346082268823682,22.61467832288013,27.480370556938784,12.827739414696326,50.509906174945755,75.92100976090174,39.08516806325096,50.51221723379384,19.674580095345252,80.7663815694622,59.91989276172377,43.78487094426966,10.393908033753991,26.61937552446626
279.3576819812024,154.65190539964186,288.6151675489415,208.60491679153262,137.70812114985023,152.20970524696963,217.6000926859257,185.42100907206864,172.01198038614518,130.28208878721702,9.103492273962647,3.408015921600236,5.369813202096846,5.007598399774928,0.6771423182373347,1.4452728862631827,8.611314956672102,4.4687492477194395,491.1996429195812,306.64618225713866,454.3037625605514,51.488208994891814,493.5372340813903,305.3939259253119,18.143888331374104,97.52425216389247,77.84468359742542,47.21831324416156,67.90950151637543,111.00185317809269,26.97019347535896,3.4818341065809815,0.43736688271156304,4.359627857254869,3.8765527407962925,3.24407183307695,1.1293264074358678,0.4971649156465368,3.3541617333740845,0.6777207212623552,1.7786229104374935,1.4347491891162465,1.4960031039536652,0.7956843107000843,0.3962709829852381,5.144530607770696,6.809782561869443,11.219084645389895,40.63171434449485,17.269429077971754,25.975845167728014,28.567518825868675,1.9050195316844043,48.26101705936361,74.38045107802853,86.260487654629,29.742521536288656,60.18041383665529,2.742910194595727,29.521619569283473,44.509857289738555,63.05240432786318,35.74372456798699,35.495380128538486
194.79232805257448,290.17271245008203,148.13854236650099,145.5499472206419,234.49209960500576,168.67734043552883,170.62057778767792,195.0200681383441,195.57347098262716,259.6907010102381,2.0168757169750617,8.19725135064115,9.062686100923289,3.2011823308393375,9.984370215845363,0.7596171842627095,7.031863767011125,0.7497171538238298,40.88648972488316,355.69630372493725,498.84866580398204,237.62384712696542,32.005653289278456,499.9045206255627,38.474071358199325,103.90192658459772,83.04210557364897,94.5363764973257,66.28184821370002,111.49705787047658,79.76880623952903,1.6163347102732908,0.9013722485031577,1.517829065258121,4.273557842813159,2.8154940167226106,0.16729570468249352,3.2258172971820516,2.284039706525781,0.5823697948411422,0.9539394166585238,1.5665399489009706,0.1882006323488326,1.7013226287052514,1.1336063151354894,6.620019983231687,6.264510415000854,21.50736481938514,25.019099673502385,8.5870909106291,6.379828855556648,12.367263745485834,93.26114278665126,15.784141087292058,22.71517483366896,95.1785462852208,59.91606670679249,81.89605029436211,51.75861340429629,93.13154790735332,14.563855184010288,71.92090877570364,9.205171934253938,21.63774713026089
233.51154770420544,130.21157835618004,124.30027526018361,292.80576943310274,295.4013908877887,266.91435805112553,259.95667288915666,279.5910432370039,171.05679484738454,241.44566566708465,4.221220792589111,0.4798022274214413,0.9220837023208457,7.561294765304854,7.5487842918227255,9.76318889359253,5.5226251037444545,4.074291137674038,452.4705317242332,343.3045517574973,90.41607540193725,376.5740181683684,83.66947861856559,251.5662902612206,19.89556013854052,46.35822546558529,97.73545873352305,42.449346601557124,9.08288740264272,96.86780292307296,27.959522205853425,4.077571541154664,2.0278372415740655,3.756433000505463,2.107940491140852,3.809921475285853,2.1727095812302473,0.9118941296307157,4.743564747256807,0.19437054121153766,0.3844027674912126,0.8458843687660007,1.6920100966358769,1.958589887219842,0.6209371353812531,21.812913294594413,4.847798593110856,42.19256808033924,29.2511968329701,20.47089722207743,14.333030188346495,28.76448863592307,30.395165868817543,69.37368023295723,20.489943521438803,44.57061445203275,36.15404154984234,88.56427496513948,31.825178056184434,95.58246666166373,55.35032333488667,64.5351852782894,24.833656439500913,32.85320225775514
134.46397424032597,186.4669602085204,139.49409797198746,281.8909221874484,120.37862017458735,287.09690270549913,210.93740495767344,205.00986804907694,236.50234602324002,138.07635725940696,4.543628519954829,8.72089200614732,1.9914135002159603,2.278655922368449,8.65264283131172,9.57421851181737,6.1347284855947946,7.671994142877836,408.89346081947355,153.24332252885742,36.71605385035707,118.61528311282026,217.5268052275011,112.16229272758767,101.94182623558477,42.36195974534015,81.18732271155002,59.62692705424317,114.34671893634781,117.90465437696878,72.08185499803365,2.7544450207499422,2.479246948421175,4.257006195366076,3.3423647738086046,4.332227829008811,3.5251147850315006,1.294450393512035,0.9047183010608059,1.6898180303296721,1.6914119239294805,1.3598938665858213,1.8202881453385937,0.4907259245538512,0.521943829893466,14.893619154186158,33.23645929390062,13.115028196522609,41.43264657193579,45.27786698911346,34.456077285015496,72.8598155539733,55.24301669714588,57.56308900917173,70.3007817737143,41.65108780421269,70.55896633791784,62.40180211554899,4.353136178801787,81.58163007651189,97.7448230266181,11.91807192323633,18.296064073968243,26.96673143856754
138.45780376173417,288.7231840335198,277.3849800418539,244.42864709118118,101.6639884454384,137.14661440103714,265.18646171000324,241.45578238113345,232.4464316659186,173.3443817187598,6.030209337714319,5.1762240079599025,4.463473940069046,3.9464583652598164,6.546857349743929,0.6983217949115841,1.0015552026135917,9.160245738147317,163.97834504475742,171.8523926444548,171.56824250164405,117.76302853929337,101.30340340875959,89.79482188675642,90.89392036588518,64.46056078936532,42.68860001843816,49.673318900264604,36.66820336961863,97.75270083178356,82.90498871132456,4.346307045679496,4.829011169168785,3.394847761110003,0.30343462410264077,3.0191924008047444,2.2777728991389328,4.441687139350082,3.378275392025962,0.2221729086934402,0.631312823298281,1.469300075515499,0.6650963360352881,1.196430559841454,1.1940455205115432,40.44254760026434,30.24169779294348,49.85828226048543,15.97338323354829,11.609130619837494,4.347864444784005,24.140147010728295,31.80696328787419,74.11077970188848,52.136575894418016,46.04644623786307,51.21466810476494,3.513420314221538,98.03043787281594,98.76433189920627,78.71859957322843,30.434452516181832,20.527413775102684,35.62936831157213
108.17372325329578,183.94546338522446,229.1621625310412,206.67732575307252,186.71655852652287,174.50178631069318,226.29175851660412,150.434575499106,243.06446210582712,121.16100497130284,0.8101799030995072,4.042677325147787,5.889092402539316,8.670699647357257,8.577222767662946,4.488209070602125,4.791805633020799,4.19362165692738,487.0280104002534,343.94212236674554,236.2129985730935,474.1412433998883,188.30139287717282,30.751376263443003,28.17560533559788,10.258560697661359,48.2355267485557,44.39201139360488,6.861236927167487,6.173481537803197,119.6820332325725,3.8188348272691477,4.853551648908472,1.260303165274223,2.6520296113376185,4.08136388604347,2.3052917844212164,1.640510819906756,2.8869096538331127,1.7859944796456384,0.2019037279464513,0.6641429301870249,0.24047772268172538,0.11015802510748442,0.8078956852702551,23.952468340447595,32.55647277379487,18.085459750357153,2.9838494573599834,34.380329665342344,33.28674980349795,83.53596470603864,24.580862198882347,6.343655965510841,23.363909806169037,65.98171714565942,91.94922785153999,48.12764495181293,66.64660954899928,53.076411151143766,74.74984847534364,73.35646449632152,11.887654351966013,26.051373714220798
133.7870126144329,227.70518953281712,157.18135784783203,273.993831929537,118.52509661027344,285.7261124230788,256.88109464255945,189.34529374052812,153.62864592238418,225.6413194186088,2.344910312265108,5.021956079105088,8.180655733441721,7.2717811686662195,1.2125914517942233,1.94382488916777,2.0176328985784497,4.293499686102881,151.08949660399338,181.22934398397788,110.3624110671687,477.5353262883972,73.25721143122036,283.8204451099775,44.25056265633774,113.71618546250124,108.1616088628136,7.512908378894556,13.791061029282485,38.100949134673854,8.512327487219912,4.344192403866894,4.257473466519021,4.769631519656042,0.2344558773500852,1.5683050236873834,3.3523271557792143,2.8375671245872933,0.8719278943292457,0.3383842392293145,0.3394722582707036,0.2835807921204772,1.0133006190601144,1.4548033524499462,0.3670638038623706,24.484598463083344,34.574119681020484,19.629208594939342,24.388523694818776,7.518333264693048,45.090150486792204,46.95169951252078,15.236472397487999,96.46975604442038,48.40186346694154,77.54453962777646,9.102543535038699,88.48035361863323,90.18121732155987,56.919955213897154,64.33088027296296,88.01901943360747,15.724907753322274,27.748115985373012
155.71806780639173,179.51887959255885,263.1893877937234,126.13046876469258,249.67686993524626,112.36169213784453,219.71259864355198,124.68997316207103,163.13369623281318,124.27438490972393,9.321754830497367,6.7074137522849275,9.88379493991755,4.097728951950242,3.5426045720372246,4.904914481630739,2.1629984221873713,7.056008352604156,445.75931467582706,114.1853629134634,157.69820678129364,495.3282087101724,233.6907607936772,276.84032482952875,116.16072411038463,21.535294896862105,6.969039866673619,46.4024078532679,71.72241387351735,8.52178095734273,15.492875323077907,0.1106052967682915,1.584838188075017,2.2595888631787924,0.1556622940673957,1.1506494229370363,1.2794001533324146,1.9938543838579934,0.33937161570022295,0.22399730041905216,1.2572119407688815,1.7998648692244787,0.6670797698164059,0.8871360157703038,1.1162221583363825,35.99338601560501,37.96554774779365,6.544257109424319,45.72899862050925,18.01837788850642,48.48382940541408,32.293576124438886,32.03659203291356,0.0005536675737993768,45.95584057771595,87.05443909013292,68.77091886413322,71.40896025442599,99.90825858719482,83.61668152704785,34.790867348724454,4.718641506225973,17.770537018592417,30.21562940945799
135.40209685534936,154.843040469734,272.2739992726872,258.101958854977,282.9097327697118,118.4721056222757,182.82821364313324,141.19600717539234,125.05024621924159,297.18683372498356,9.093260061958839,0.22637772252718388,3.9496298150937528,2.2259705738427384,8.776567341684478,8.318754705695914,6.6469092266399805,9.433442810942239,441.5668027663528,193.4247153114024,108.42666048891228,405.75320477164223,143.13036192293706,110.56462412235149,73.32832615615992,108.84649950433062,85.36436684309244,107.29134889594596,20.84533487763614,15.822416404819336,13.858070082691622,1.2250962410855877,4.820501171253874,0.6577297377427382,3.0684950041084678,2.1590317707688724,3.7619300602934675,0.3794161241555088,3.9977305009686015,1.1697090515633246,1.253455731450228,1.3865203463850264,0.8925586713397201,0.4672115311160132,0.8353235662293832,18.417464635519412,10.755257910577313,34.16979609239827,39.62817891752361,16.398151636990185,11.223293950763017,41.24181045488731,61.541893040797454,32.544241501353476,69.14444274153115,45.62107542826056,67.23968775700396,87.01419414094578,39.1966736671092,49.28052557880904,16.961519447837848,4.2229108069977155,22.214450479687223,26.881899737812706
117.74050675141112,296.79552959196565,269.3028677380556,124.96416279336967,186.80419454175177,132.55819784124589,291.5891719852275,100.18868305352622,231.10199436922252,256.13641493757245,7.834777409316353,8.728363378936653,0.5694147977868408,3.624087069239142,2.0963865915422333,9.511056569954613,9.121435903159453,2.7439033083696662,381.2522321354565,143.32123721320906,389.38767853190114,102.21024289229332,182.4334773217438,350.71140916175784,97.13289368963308,14.611955530040905,114.79941852889978,84.39523393827362,9.798351178152878,30.166693949339248,50.8115479206751,0.4591396228252338,3.4498109147343006,0.557791696336386,1.523643558150986,3.3919056319081085,0.7740365192196098,1.8206905111845584,0.7956821548948633,1.0546394058919712,0.5943480250558655,1.3314097768649538,1.3634723616284925,1.5292216513523147,1.4955818711201618,17.983758747312944,31.30402390512259,12.55152654783184,18.647556503870042,46.882955023212226,37.570448852089854,70.94967405934915,97.16211996875278,67.96347933662398,0.26611036192794035,36.33726261801294,95.06265474127007,67.40797897227073,25.47370287341152,40.672000683306955,22.45516016426898,64.34045293390623,12.441543130714843,30.50111773769615
124.12717422012017,181.8668012630086,283.7853067279109,258.8421325098811,151.7423284310882,219.04256682537493,208.22276497576894,107.85301032973204,107.95942546713052,178.04770991679902,0.2920723316203328,4.522721300582789,8.031597882623716,2.9126310773515867,0.8745967759422251,6.37910126917022,4.097190443735631,4.457427644725574,286.10053216829743,53.27323339710313,359.16319219115775,113.87094519163807,56.21319921674632,373.1424503985436,35.427968998403855,99.60186668303442,86.21623954516697,21.723628795975582,48.657043637461804,62.90923282743508,99.48266157086857,2.215994255774852,1.970771237808828,3.2411197466222386,3.7152604406527723,0.9443622752042309,1.9847955203770788,2.0462603331492946,0.9406683471010222,1.0333456807805816,1.4816422810973602,0.21191477890275817,0.4986694683025622,1.6402327153565532,0.2952353404091195,37.96785618756028,29.212408637150478,31.628945967104794,3.7061823439004176,21.685111762189543,46.35533721092372,51.679270324599024,55.809204036714945,4.514207386211888,58.6760265771483,98.33526147022265,37.15518670436525,4.403500981497266,18.388439268682877,61.4753591174539,0.6322089542650122,54.8046154163281,6.256325961736205,16.645672294506472
192.15575360654515,278.8198407358269,150.4482040346723,155.1535136502714,186.88066380132196,130.09445420119948,221.01790370810767,295.45676463538587,219.5364671046918,215.71278645587088,3.337367008111411,3.4953685450307743,6.0833691189198005,1.843283950644154,7.902377505457668,3.603666105396989,2.156717802820685,7.980135111167781,68.80134731227514,416.7680621155602,321.12624272288105,176.71036834597206,219.78274484796944,136.95812063723452,29.1560858206201,22.47569047599474,119.29987864665493,72.982825531615,76.61753711912168,102.46618039813204,102.0664782705206,4.4509010068604375,3.511357835753984,2.1941711356195284,4.481451977556635,3.4049574388379384,3.2834804612698805,4.479548498538476,4.8923867777053065,1.191558222252656,1.5699162952591152,1.6539588092574604,0.778207982076764,0.31121635223428085,1.2791651634973504,39.11206641891986,47.21117127727195,11.546307555944866,32.02751551643424,34.6780642171785,5.022780887047082,0.7278663975058053,53.270906609900514,8.334958135760695,60.56781505122755,23.188762100722627,30.54379697121623,96.80066562066106,51.51871077913426,65.7659510848882,67.34804208983547,15.533905051771402,21.09791468670786,28.146212153776563
141.26674368115852,145.99092117821723,251.00838574925567,275.4181162036378,244.6895635700002,293.6152762901467,144.09752788294986,148.47073902735247,273.9391769703268,282.2683632432818,6.316791479894787,1.4686310997771654,2.0655743027951967,7.458995844300001,8.371312940868632,6.072923099881524,6.522594678642877,6.135966336802981,270.6661499032841,428.0245806869478,199.73674996881033,165.8849403534105,491.7962293711692,178.6088843745709,95.15044681735307,9.38513562051936,84.06766413575804,107.60654889412022,17.861577556785424,104.12617695806743,89.75265350793245,2.343025908711677,0.09244842163476763,0.48147453714302846,0.70556195691445,1.9765273063746158,4.143561346078687,1.6290087616952342,3.5891316488683875,0.6454075516263958,1.8489549896538746,1.175502896563501,1.5868687315560799,0.1778919474922646,0.9293373211921706,1.212739240374566,12.002202349862605,19.699677227710165,41.807294395590745,30.3219090440808,20.99416862021566,92.2323846585075,3.526301810514687,7.6681437228220295,74.55101371879198,22.200483525247726,17.239344421365654,91.80185405696787,60.60807775021575,75.08958216961663,81.18775585564337,54.829158169696036,20.11271311884409,25.684823687753646
172.8539722096151,142.62094080501666,192.107899454828,288.8084187650796,101.8108323160742,189.34290545170407,225.13015788545528,232.66214190080038,278.1664296579267,210.81985607916522,2.8243830965574097,4.450707206148577,4.998801720552059,2.595491879816698,1.7102569600800162,3.1888129304736585,8.724751758868145,1.194804805243152,184.83016527091795,117.67764708177094,455.4300612439756,478.6985970482244,171.12819297178325,495.33111945015577,83.87533235161561,87.741286779832,8.951748359939025,85.50391471095837,41.03270069740129,75.8632137340891,108.14099781044398,4.250068092456167,0.7393118645483258,3.704419215058912,3.62536896450883,3.9799206167242334,3.9597400451136258,1.9024131876127188,1.2599293395901001,1.3596036195162613,1.2113812474886503,1.7109803929033758,1.3231477049103613,0.7347490391713227,0.8715175625995677,7.617628554116284,3.4067852515294046,42.90526855174367,33.41495403950461,7.48098872659569,46.01078346017222,6.5996003001851715,84.00990156676927,58.150972672097936,88.9230466035449,71.54074548264956,26.528851535529363,12.657953991262328,47.242273603252485,66.82006972600854,26.891135119805977,97.44873435008509,22.267950011711978,24.052533628265206
200.68345417097137,106.22681657690227,268.39971057801233,129.75919388102312,217.89079789693943,200.3035920700333,214.32152989658877,267.8199397599223,189.80755207399233,134.89969727959104,9.104908281032396,5.0135954357153505,7.448871430783871,4.596257954660862,8.558025229548884,9.107254044237397,7.508356131112659,6.31455408206643,398.18634624612235,41.73837776734885,485.0709453521598,396.64625161202986,439.45034467279316,193.38958924685974,83.31246185935282,37.23050952005926,100.10613638939621,22.098705121020124,53.04247723682236,111.74023299261702,42.12889357948704,1.6426194077163963,4.150131700666275,3.998632584620512,2.5774547914588326,0.1938107273454835,3.611211140545412,3.916654875674949,2.95883531115649,1.054564217443648,1.5809043918803884,1.9516662490998469,0.7199234331873534,1.2893818849459675,0.5413466072158483,11.048359966849748,32.84800595086989,37.075842617966465,21.541195905769474,47.00725232601561,10.537981163614091,93.86213488143858,4.484137499757324,89.5925315038538,44.01897971116888,17.965729560264233,50.18907727551386,11.26911668437488,38.72520148456824,74.57217952633285,9.185039964427189,63.0900220396625,27.844033569375494,28.88746864220911
238.07896572587305,230.333365075177,245.69813543232263,192.5351210130787,222.6583369774758,149.3317231610813,136.96767958940498,210.13209184731284,191.86073764261477,175.74067111623185,6.375505672141174,4.09610227548543,7.7270766919795735,3.9200085236774798,6.899001176411979,8.716964584747785,8.700696582312213,1.9487882175135365,381.483311183454,372.025444302078,95.08326318645187,364.76430815916143,423.16757939560574,382.7928191604899,68.5529769103573,87.1670575702002,37.7324398730217,104.80073712446712,23.337911245478224,62.507167557873935,15.1377840890144,1.7044546632982096,3.231412447997124,3.629823997624392,0.5694750583118673,3.3432333627686783,1.8018909538465915,3.7971936895458738,2.675218073628541,0.7360125872189179,1.5308893915661042,1.91849060967246,1.3621730404938643,1.6074971016584028,0.15780945358515114,17.904223203514878,37.138555591717235,8.15224954721431,6.606003852364031,17.62052994686028,46.72115384749817,2.8152823620054668,90.62322741034792,55.5436977712262,34.25202243088844,39.94089997461224,83.7712961959977,53.90785004770201,16.827256345912833,67.45596708887524,33.57270678219179,44.91411560497186,20.221920903909744,31.50741728746583
107.86242796821979,173.70526874475223,255.28948929994493,296.197475632537,227.5376493791871,194.1920504869467,111.91741947062874,130.62890001679125,115.39383660160347,268.6289730059491,0.8118765014328114,6.818734928886281,5.046222278787743,9.822566048492746,5.24881856384418,5.6264943277686434,5.411891243006913,5.151137747376201,456.2001286125766,113.64902667307271,119.27619429182025,101.1219797884846,476.5086249656332,231.8354590486706,69.81150941930312,68.83480380437427,56.29658095141071,39.67756152821952,63.198498323671664,107.23914507531818,11.687598218832763,4.478853034331119,1.8273315594465014,1.0192817796432245,3.2614471063388164,3.2526134598833387,0.620298538305682,3.993443530475969,4.223921604894099,1.6703512672633833,0.5898371920876665,1.7265697581413944,1.5540945534947366,1.1375187435978698,1.7106094692928264,14.926680129881676,14.518202287473757,30.58155428501802,45.583325084799064,2.7155386112906617,26.59600751884503,77.09793349574484,53.86717253567179,60.35713522796716,10.232037751128631,29.238682231425194,28.428660348064128,75.70508345568832,44.185962381062396,48.04452385001788,29.20512294169779,82.75324879395754,13.791878652974654,25.76673163469716
259.88207978180856,272.8716499679274,231.2323675362143,196.6814871946293,148.40441599617543,232.3827265274023,220.87186394295423,245.62328746723327,234.15300508860716,228.84260319792358,9.09915532947346,4.266875634716337,3.1216238482757057,3.971813217067383,8.319476908535712,3.3155092622655697,7.54357481925499,5.338122349838341,17.266779591536856,202.78338982406152,267.55920372018113,455.6675240875415,397.1536610108763,398.73896565187823,89.60521311021918,17.512849876457544,40.890570329314436,57.2187565959193,14.799619993703654,57.21750447818139,102.99526275622942,2.1348275610933904,2.5083265347113666,3.451979525420386,3.0512393475012995,4.705268025865319,1.092002746288023,4.76931599297926,3.6493105316847956,1.4826700830207493,0.6894292630815527,0.12080001027960091,1.2257226038102962,1.2034226749832633,0.7201791634654091,33.59174239521969,28.756997331513613,31.61771225785356,14.159937124792457,15.371963488787289,5.444707585609007,53.46747081832882,16.846660523403546,34.60016512079894,33.6835844893233,16.871045675694862,15.774211665739058,38.21732119382537,8.524313707906494,13.493458433647032,45.08763607777318,21.282248565215156,30.975982532212438,31.704629256466784
225.58007789818157,194.64198133831144,135.48575389394136,272.709504502909,242.81054467562535,250.23542739080855,252.73845387006412,220.0502820199166,264.2518840745691,230.14487686676006,9.581889915944602,9.618034020681076,9.740051562181085,0.8918265796878725,4.250567568257761,3.004557788271486,1.486639137653471,8.77441328602735,406.46057624329256,41.4262735963178,54.71277894830019,415.65648595802514,333.20244525881935,386.8213870034975,36.05028532893746,112.19495842963383,35.883722214113135,65.50641736425183,10.349627079682897,36.88087585351646,89.0001738506745,3.950929784095385,4.526659326732378,0.06350678644298163,2.583052918329905,3.5697040922847116,4.32552073473666,3.979831916989973,4.160288416210997,0.8478596496947817,1.0091165519304557,1.7828816956502174,0.5550439817519162,1.6197306213304932,1.3940729754867094,41.492694073246426,3.447035243940454,4.983139438342121,11.602208306401486,17.113869431175143,22.76892717939799,50.572618060410605,45.17073920064587,1.8741158655532275,6.848466444440771,57.970723909789356,27.21284710741687,13.638216354324207,86.50477588875918,78.54432289352584,26.410205432101098,41.43264308269132,33.25267664272748,38.77348860696514
116.35180638977438,293.63868558294433,209.00538377938767,217.74630442626398,118.27829726635528,250.7736165419826,204.68027418440164,246.25011786947502,148.9310109209426,273.3642971376978,0.8693529420780823,6.032847426453559,6.667289848469279,0.9892749504636319,2.0205401666116325,0.43083814758008865,3.547918692095596,4.678693312723137,469.8464060310877,120.87209653163323,223.85971542332527,90.18450225068261,429.7263776714542,337.20045234728246,45.56837357354991,57.01613009779992,54.61165592202532,102.80825950349245,64.7810672228405,110.38748558154919,85.3407601912789,1.1908513039306878,3.161574766300642,1.5325095769952621,4.633091310752693,3.983546463152173,4.288083536961971,2.0439649340572754,1.0654178740070386,1.7104737919348583,0.13617403830557215,0.24261839627252646,0.10046605197278684,1.104802411015643,1.900416059575744,10.008305626623196,48.022219637830304,23.557379889628823,40.89084494767788,5.090893705246996,16.64992917561978,7.2778502544004535,99.49844806831983,2.1614717751216372,80.28202053414549,37.351149075462885,10.092697502848457,51.055609878135456,4.690265209795941,3.0779151387683057,33.97327053450291,52.77678918108474,0.42387187445901225,23.152343414468135
274.7157248213555,137.10510314062424,296.93394790490163,175.06598158392038,139.85406729336017,215.57822253881767,145.35452506392915,253.94932457141743,184.26017632667293,278.79461149250096,5.3703663251270175,8.0940315629539,4.141551441528357,5.948461841395342,2.9200414984450753,8.176626425150422,3.9565367283670723,2.866479980135353,396.75722006299355,398.5221163815215,295.077719741078,436.8734626608765,47.06589352210132,428.8413896848338,105.23822860980633,89.46143694684912,48.556416570677484,112.13486194198101,33.5081518663507,49.61253370306997,44.06277893275191,4.744516140091401,1.996764926832308,2.000119441723643,2.610187683559042,4.52390916910731,4.7582886541696885,4.109327499321479,3.204693829791356,1.848490675212371,0.6650557689996747,1.7172685433358577,1.6254133032777347,1.2611935314299711,1.17348156635605,28.367512999796446,5.941286178308847,13.403085585546592,49.070386966830924,31.18888161580717,14.46910594731451,23.874501033791628,30.5082852044093,88.83099664809113,80.70061478458365,46.2234172848446,92.66954163079961,33.756613621897245,38.06460617315547,99.25000917613396,90.75547793492427,50.453989205075544,34.86863231231036,32.00440642566419
284.17448010636264,273.72463359112214,287.47761329942375,157.15671110517405,275.49400933089635,280.87195499877146,233.30439533860698,295.082073536949,267.76786735305404,283.95851435588725,3.1033063939202874,1.1826234407838407,2.8765859196260593,6.033699162208829,5.101123781103817,4.558793809086179,5.161827887835742,2.3865668473387127,73.79528533647968,404.15425898844893,265.81604985729325,143.40129282153092,236.78702202741582,470.21706249006576,40.51949811639814,62.617365781796885,77.83393691189778,111.91008094591395,15.967987908273164,62.89147251711309,48.68909669109601,2.8771454501875495,0.6104300204136998,4.177882274938653,4.95267042609656,3.3785090722770192,0.3891833729587526,2.548286414128792,0.2108018835077178,1.1200459074602886,1.0003774593540522,0.6323307303620849,1.6630037551007124,1.0808129459554625,0.8545791147877458,18.706904428511283,3.8447415395237874,23.622942066792408,33.17793280786564,17.664828174306496,27.303040993867345,77.7547317065192,26.945976854857868,10.257243871964672,41.72376572947781,19.5863004825516,87.26241520222472,35.17719555513247,10.01378690429685,82.84584899396799,33.48353528896062,92.09724692111524,20.43591725663613,28.133839174905237
112.21559197097275,255.31937055834834,108.63474715940234,140.64461821721744,247.74463014531327,263.48156946122185,116.02114532192044,214.712656005342,275.4240935324576,118.96983865063122,3.9891068571658836,4.033183800164466,7.337919531735265,4.245714005778284,5.36017484746444,3.318815991162618,9.297855966542555,8.755093579174927,49.826761372034994,111.4715641949781,172.14520570823277,49.62617545773196,494.7355569213788,294.19182702152114,67.82560070861939,74.50156962053855,98.51238811356372,5.914730847032174,53.74994756107771,42.81897274102788,115.18305582342171,3.7990246072062255,1.4757965401115494,1.9580679216163275,2.551051781102074,1.4578666384502732,2.6886773355345057,1.395793022267641,0.35401365527330836,0.5084096552981494,0.3053316610341731,1.2591298432133986,1.425448552649288,1.7728706433986376,0.609719776062537,25.536004814780064,2.683452894983643,38.96501407048231,31.428119206715255,31.64216301338306,24.43783819221757,89.1259829922494,11.800589504250592,99.97893718125952,25.964123387649085,76.78668026717565,30.84917169851523,64.49855368403821,77.49804994670782,67.0910607981305,78.5518046729897,29.26681072466758,15.86648144594325,26.87510883682103
155.37552962944073,254.1843689288104,132.96296314588744,252.35963827553945,102.74911080226904,251.4096229397251,188.36674096039093,168.32822253812037,148.6359960528452,208.82520039262016,1.8785470577578849,3.434792244326812,2.4976161113783,4.375252553889093,8.075250181768213,4.7639925144777635,8.755535946199526,1.7930074587404612,20.214167505773396,174.59778410227787,275.79844497783137,331.8429301919629,387.1040741344188,126.3597645391454,85.80353836076867,39.81896312101963,39.165195116532686,111.01717584232757,110.2411850445004,81.22632403343393,12.337545571262527,0.45668334197647864,4.891917761654951,0.06623453648509747,0.5881016711238243,4.350171259921775,3.246928394072125,1.5215561699737519,3.57049989319594,1.840005097439275,0.33992418677273833,0.1723296391847714,0.2455037695984662,0.5474815753116689,1.8746832060302374,31.227513168277998,21.64995937191596,8.333848210610824,16.311828026442598,0.8336578976588245,24.35737440119455,52.911868105297955,59.71423487908388,16.442261151127813,11.802007545227177,31.471208345074576,24.698781593186702,88.56080992295038,31.273697882792682,96.66067718544534,62.58337002244594,5.650372072961963,6.889248189820993,15.321240970365398
261.24025595861224,268.95664562337754,126.34575469091239,177.3081013646056,149.67525207396005,111.12110433609212,132.67335167968403,229.6929113800474,210.11412690827285,248.1019042436637,5.822913809922884,5.737875642552258,1.799928890839513,0.633932570124625,7.934391964158111,8.205506105501055,1.431802373662927,4.316098752743123,318.0851606557548,75.77682535593435,479.81246758683545,330.364283098322,481.4169352382393,205.32819120559677,119.9913550858153,28.04143496039678,29.577932574532003,11.254501090180819,88.28213136522781,119.42859087569408,93.97914974784615,2.468394486894338,2.1924416836303697,1.768208595021767,2.3576515428644016,3.7404148161851154,3.5561803115636144,1.1269735189313577,0.13185631219321745,0.4600112781814827,0.9801497979009481,1.5652452226246334,1.2119223462652877,0.6015878106269678,1.3959459542971715,44.73319102475955,5.309407301130906,6.603558176608167,1.5104658089139025,49.11139575004225,4.863015689604207,35.334339636259536,8.922699901396292,67.46344439551895,85.12371660218464,34.27181790268988,90.53973140649157,55.85917308556443,11.310561265255481,61.24702814562093,33.75379456313738,91.6377204513742,20.975046540800527,35.058423188443946
249.65193807673168,252.20479818859977,245.1959819970591,202.25509244015024,142.8812965986329,101.37559244392986,136.8918102119767,113.68814184852522,138.49863012716543,251.38536902540275,9.583995597164018,8.625023848608114,5.345355500724495,5.213810452853696,5.855528916325291,1.3336806563044599,1.8106175536363858,1.9530138377767754,318.5395994113448,46.344588839611966,110.94852810277426,56.51668468715287,392.02083450540476,381.5697996215137,55.05850312196317,67.3955733919278,81.69295615008936,35.563970534005065,98.79583026490818,7.934058119448508,40.60783222646521,4.506182103692776,2.3644789245858555,2.499631250812843,0.9198205251498056,2.1279436439644583,3.2228775427020464,0.7335148595205696,2.9030273944135407,0.19200413019281137,1.4888335600132692,0.31224163224264584,1.6599392754160538,0.34312677704346894,1.3640346471874631,10.018487057450395,37.360087927300974,13.83116650773576,9.993994358224127,8.94055974796174,40.214749960843264,5.994320806421083,76.60080638040772,94.89554721809057,87.74952783854053,25.215396210011264,0.17719513209559778,68.76025108296356,53.149129886451384,5.643288074434805,81.77882697803504,21.706765713834265,33.55834870751059,42.70280524538221
136.90420387127546,225.24406432628308,263.557065971389,198.46509600023637,154.1612656073945,142.4894554390946,140.45878983164073,279.4794636643172,120.37575282791131,221.34324039400076,5.08041874268893,0.875548355843866,2.9708751871770045,5.096920806265482,7.829776285318216,8.590794283594091,3.6406414409302226,7.755709997132316,493.587719966924,496.16414007972065,330.8673656130618,166.23738637892538,438.69216404665065,328.93290771069604,54.23068081186853,55.62518189166523,82.08680757053989,64.22360329370079,105.2701087072432,108.48252069081667,9.49128111744395,4.38642275892609,2.4980041816611065,4.74553388549714,2.989696091234962,3.5555405715233106,3.852356835612387,0.9306071551497153,4.203621441238205,0.7222253168589486,1.684122968749298,0.8803075261839665,0.8403698082055147,1.6569868278394013,0.9097008177760262,4.806826059274988,44.99427095100708,47.63763479215587,29.42930660955031,33.13688384189435,24.331246110111863,68.21785260663404,91.92235143305581,36.22892776420262,26.628961458981404,43.44035721190338,60.05775279913467,65.99469915212414,91.627700722954,55.93821740145201,59.50760695962649,37.90279739767074,20.649247340205594,33.52311426577015
141.86986466734206,126.24897553647752,142.70227326213438,215.45580584662625,149.5119540559773,232.70471878269046,177.34141140879558,123.87620226763936,282.2241002783915,133.35746703673482,0.9208543558053635,0.8184905006426368,6.326160934743789,1.5805382537137511,1.998557237107343,8.985337467572705,2.978364272317672,4.796289135748728,205.04115531100692,331.2410361099712,31.26438013646541,496.4790865052139,356.1995198285636,97.12118589697188,101.89766363487176,49.86301954490231,108.63009251790976,60.19145423550531,116.85219026058817,5.451496553765521,90.39556273538244,0.24360164659879546,4.421679074511573,4.705761175909829,3.4687295542160697,4.339767497133899,1.8037631656838145,0.3252584692695587,1.9059096240059628,1.4812360544759757,1.1379964052590223,1.6531474044180727,0.4762013950184828,0.8823768520684789,1.7055925544481183,31.546989992744948,13.380837150080424,37.51729845365583,7.990164859894254,35.931323012336016,41.134838520742775,27.844661068628263,93.18711112154993,73.44331887479893,62.17605484677636,46.3576627238672,91.60037609456705,55.114619255693,90.86448711192034,27.72041856569428,0.8618727598900366,53.08916245180772,4.673943655083699,13.003281795155855
174.0944205582764,106.50523589825039,201.1705385903658,273.1154291249104,112.50525914856915,182.23949777650915,110.23004112407952,165.56856757716366,264.1015008464218,259.4841107883328,6.238013201426343,8.518145310760229,1.2675928812549115,1.1280099224981832,0.595638818223614,9.472408358835493,6.186232436246996,3.5763225365124396,172.6340795997734,275.6272895071762,42.54403819590312,342.42906683428106,382.6459821644475,35.10737516174811,97.63285779488427,82.34522743588165,6.833753942130747,74.54162629705007,92.7733559541299,46.88620633181427,43.05486685301308,1.5254553609534443,3.0236021390826964,0.9125614507248437,2.3474920407483975,4.878504135642444,0.9053695329560559,4.443369816012607,0.23375377983116483,1.854220764071744,1.0020230763387892,1.4211630933658368,1.2164918647587943,0.7609984876743632,1.4559771553180254,20.00947701424501,31.624269402944247,1.463065209320056,44.24987244310069,8.994613312500066,41.31743475677204,5.50137149921468,10.791625287743777,35.085664344233514,25.865366479038865,52.96669163295151,50.855748890635276,31.07581455831301,24.96510411327899,36.94775279844368,6.872820157239978,97.58804705482135,22.57883959501688,23.296892146131544
196.90459703820426,284.1695695631374,268.14060560224,296.1478687166859,191.78810331936407,180.48125185986234,179.55868818581962,263.14907612522416,252.00698036063477,244.02226670298916,3.468207645067445,2.2072158517797384,6.583916935216483,1.323367656934956,8.74897484408353,4.035131124984015,9.037482872868994,3.6748864422020215,315.96821432035233,385.09426519859676,280.3958298695567,367.7368316356313,266.3572248213553,344.6511808356118,89.07372639947307,84.40826268128063,103.09967614339865,60.13631630475567,74.96691102304017,24.389782723294143,88.0469646554216,2.2221668323306094,3.4714484118950915,0.9338812432798633,0.49753780873890974,4.762234004755686,1.0308710270306884,4.6557289701491245,3.5720987736473466,1.3108427289474358,0.8301330800735348,0.11148112403032713,1.669982591871668,1.964562562465597,0.6380482163839305,8.563683318002933,2.5957531270849796,20.349739702927145,9.813162048717817,6.029757964069719,16.19819857997814,66.58517290986221,55.82625973529688,30.494105676144535,22.51266271435788,96.75682819819397,0.29669595996338893,37.779418491023876,71.96596759602335,45.95851558500289,75.26395594523188,53.52684416285981,13.610976465438634,29.429807929134636
223.6509543060592,223.3300629041476,246.56030895325011,181.5168417147634,246.54669495723303,276.9173776459228,202.34148942294019,219.46247566614238,109.75326376262808,117.22715430980726,8.573659376953849,6.720657219053155,2.904635627177252,1.1001796402634596,0.8479894882514187,2.2496899999729516,9.626686262558609,8.536920646557496,414.54824952872104,421.63780824698483,61.42019836069524,114.32946994610978,462.87647339892516,133.02872177437922,58.271408302038324,10.280806450495248,64.91524988906104,112.45320315864839,47.02397623475843,92.0943047773434,86.38025405858382,0.8696014236353833,1.953173577320029,0.825273467758107,2.348520578931929,1.6333858555530663,0.06977366045612005,2.9379842585445384,4.649135397796113,1.908493239236654,0.4666030856314518,0.8657614356308427,0.19285292154342457,1.8609263962355924,1.2391994540475912,6.295814784064813,19.634941348793372,13.241199964479067,26.34417042408913,8.052570996318028,0.7151420384768119,48.57197935337584,9.710985490216661,20.180408257543892,2.1208050631415287,90.46918080457034,21.88714293851557,31.57037984904162,3.0284192840991264,77.46007463887835,44.652778958519434,44.7743306548479,23.52042164194298,31.693330839178525
